{
 "type": "FeatureCollection",
 "name": "Toronto public toilets",
 "features": [
  {
   "type": "Feature",
   "geometry": {
    "type": "Point",
    "coordinates": [
     -79.5147627,
     43.671599
    ]
   },
   "properties": {
    "id": "toronto-29542",
    "name": "James Gardens Washroom",
    "location": "James Gardens",
    "type": "Washroom Building",
    "address": "99 Edenbridge Dr",
    "hours": "9 a.m. to 10 p.m.",
    "details": "Located on the west side of parking lot.",
    "accessible": null,
    "access": "yes",
    "fee": "no",
    "status": "open",
    "status_reason": null,
    "url": "https://www.toronto.ca/explore-enjoy/parks-recreation/places-spaces/parks-and-recreation-facilities/location/?id=3",
    "source": "City of Toronto Open Data (Park Washroom Facilities)",
    "city_asset_id": "29542"
   }
  },
  {
   "type": "Feature",
   "geometry": {
    "type": "Point",
    "coordinates": [
     -79.4640382,
     43.659008
    ]
   },
   "properties": {
    "id": "toronto-29561",
    "name": "Lithuania Park Washroom",
    "location": "Lithuania Park",
    "type": "Washroom Building",
    "address": "155 Oakmount Rd",
    "hours": "9 a.m. to 10 p.m.",
    "details": "Located on the pathway in the northwest corner of the park near Oakmount Road.",
    "accessible": "Accessible Stall, Entrance Access Ramp, Automatic Door Opener",
    "access": "yes",
    "fee": "no",
    "status": "open",
    "status_reason": null,
    "url": "https://www.toronto.ca/explore-enjoy/parks-recreation/places-spaces/parks-and-recreation-facilities/location/?id=125",
    "source": "City of Toronto Open Data (Park Washroom Facilities)",
    "city_asset_id": "29561"
   }
  },
  {
   "type": "Feature",
   "geometry": {
    "type": "Point",
    "coordinates": [
     -79.5414237,
     43.585738
    ]
   },
   "properties": {
    "id": "toronto-13591",
    "name": "Marie Curtis Park Beach Washroom",
    "location": "Marie Curtis Park",
    "type": "Washroom Building",
    "address": "2 Forty Second St",
    "hours": "9 a.m. to 10 p.m.",
    "details": "Located at the south end of the park close to the beach and creek mouth.",
    "accessible": "Accessible Stall, Child Change Table",
    "access": "yes",
    "fee": "no",
    "status": "closed",
    "status_reason": "Women's Washroom Closed, Men's Washroom Open",
    "url": "https://www.toronto.ca/explore-enjoy/parks-recreation/places-spaces/parks-and-recreation-facilities/location/?id=6",
    "source": "City of Toronto Open Data (Park Washroom Facilities)",
    "city_asset_id": "13591"
   }
  },
  {
   "type": "Feature",
   "geometry": {
    "type": "Point",
    "coordinates": [
     -79.2983894,
     43.6966443
    ]
   },
   "properties": {
    "id": "toronto-29656",
    "name": "Taylor Creek Park Washroom",
    "location": "Taylor Creek Park",
    "type": "Washroom Building",
    "address": "260 Dawes Rd",
    "hours": "9 a.m. to 10 p.m.",
    "details": "Located on the pathway east of the parking lot.",
    "accessible": "Accessible Stall, Entrance at Grade",
    "access": "yes",
    "fee": "no",
    "status": "closed",
    "status_reason": "Maintenance/Repairs",
    "url": "https://www.toronto.ca/explore-enjoy/parks-recreation/places-spaces/parks-and-recreation-facilities/location/?id=29",
    "source": "City of Toronto Open Data (Park Washroom Facilities)",
    "city_asset_id": "29656"
   }
  },
  {
   "type": "Feature",
   "geometry": {
    "type": "Point",
    "coordinates": [
     -79.2552325,
     43.7575941
    ]
   },
   "properties": {
    "id": "toronto-29661",
    "name": "Thomson Memorial Park South Washroom",
    "location": "Thomson Memorial Park",
    "type": "Washroom Building",
    "address": "1005 Brimley Rd",
    "hours": "9 a.m. to 10 p.m.",
    "details": "Located in the south washroom building of the park.",
    "accessible": null,
    "access": "yes",
    "fee": "no",
    "status": "closed",
    "status_reason": "Men's Washroom Closed, Women's Washroom Open",
    "url": "https://www.toronto.ca/explore-enjoy/parks-recreation/places-spaces/parks-and-recreation-facilities/location/?id=543",
    "source": "City of Toronto Open Data (Park Washroom Facilities)",
    "city_asset_id": "29661"
   }
  },
  {
   "type": "Feature",
   "geometry": {
    "type": "Point",
    "coordinates": [
     -79.4613706,
     43.64175
    ]
   },
   "properties": {
    "id": "toronto-29502",
    "name": "High Park Children's Garden Washroom",
    "location": "High Park",
    "type": "Washroom Building",
    "address": "1873 Bloor St  W",
    "hours": "9 a.m. to 10 p.m.",
    "details": "Located east of the Children's Garden.",
    "accessible": "Entrance at Grade",
    "access": "yes",
    "fee": "no",
    "status": "open",
    "status_reason": null,
    "url": "https://www.toronto.ca/explore-enjoy/parks-recreation/places-spaces/parks-and-recreation-facilities/location/?id=77",
    "source": "City of Toronto Open Data (Park Washroom Facilities)",
    "city_asset_id": "29502"
   }
  },
  {
   "type": "Feature",
   "geometry": {
    "type": "Point",
    "coordinates": [
     -79.3664225,
     43.6843778
    ]
   },
   "properties": {
    "id": "toronto-79459",
    "name": "Don Valley Brick Works Washroom",
    "location": "Don Valley Brick Works",
    "type": "Washroom Building",
    "address": "550 Bayview Ave",
    "hours": "9 a.m. to 10 p.m.",
    "details": "Located in the western building along the pathway into the park.",
    "accessible": null,
    "access": "yes",
    "fee": "no",
    "status": "open",
    "status_reason": null,
    "url": "https://www.toronto.ca/explore-enjoy/parks-recreation/places-spaces/parks-and-recreation-facilities/location/?id=1449",
    "source": "City of Toronto Open Data (Park Washroom Facilities)",
    "city_asset_id": "79459"
   }
  },
  {
   "type": "Feature",
   "geometry": {
    "type": "Point",
    "coordinates": [
     -79.4662795,
     43.6527176
    ]
   },
   "properties": {
    "id": "toronto-29459",
    "name": "High Park Chess House Washroom",
    "location": "High Park",
    "type": "Washroom Building",
    "address": "1873 Bloor St  W",
    "hours": "9 a.m. to 10 p.m.",
    "details": "Located in the Chess House building near Bloor Street West.",
    "accessible": "Accessible Stall, Entrance Access Ramp, Automatic Door Opener, Child Change Table",
    "access": "yes",
    "fee": "no",
    "status": "open",
    "status_reason": null,
    "url": "https://www.toronto.ca/explore-enjoy/parks-recreation/places-spaces/parks-and-recreation-facilities/location/?id=77",
    "source": "City of Toronto Open Data (Park Washroom Facilities)",
    "city_asset_id": "29459"
   }
  },
  {
   "type": "Feature",
   "geometry": {
    "type": "Point",
    "coordinates": [
     -79.1347736,
     43.7767253
    ]
   },
   "properties": {
    "id": "toronto-29598",
    "name": "Port Union Village Common Park Washroom",
    "location": "Port Union Village Common Park",
    "type": "Washroom Building",
    "address": "105 Bridgend St",
    "hours": "9 a.m. to 10 p.m.",
    "details": "Located on the pathway between parking lot and the playground.",
    "accessible": "Accessible Stall, Entrance at Grade, Automatic Door Opener",
    "access": "yes",
    "fee": "no",
    "status": "open",
    "status_reason": null,
    "url": "https://www.toronto.ca/explore-enjoy/parks-recreation/places-spaces/parks-and-recreation-facilities/location/?id=1094",
    "source": "City of Toronto Open Data (Park Washroom Facilities)",
    "city_asset_id": "29598"
   }
  },
  {
   "type": "Feature",
   "geometry": {
    "type": "Point",
    "coordinates": [
     -79.3069082,
     43.7107834
    ]
   },
   "properties": {
    "id": "toronto-13677",
    "name": "Topham Park Community Centre and Clubhouse Washroom",
    "location": "Topham Park",
    "type": "Washroom Building",
    "address": "181 Westview Blvd",
    "hours": "9 a.m. to 10 p.m.",
    "details": "Entrance is located on the outside of the Community Centre.",
    "accessible": null,
    "access": "yes",
    "fee": "no",
    "status": "open",
    "status_reason": null,
    "url": "https://www.toronto.ca/explore-enjoy/parks-recreation/places-spaces/parks-and-recreation-facilities/location/?id=276",
    "source": "City of Toronto Open Data (Park Washroom Facilities)",
    "city_asset_id": "13677"
   }
  },
  {
   "type": "Feature",
   "geometry": {
    "type": "Point",
    "coordinates": [
     -79.2668942,
     43.712816
    ]
   },
   "properties": {
    "id": "toronto-29383",
    "name": "Dunlop Park Washroom",
    "location": "Dunlop Park",
    "type": "Washroom Building",
    "address": "19 Dunlop Ave",
    "hours": "9 a.m. to 10 p.m.",
    "details": "Located on the pathway between the playground and the splash pad.",
    "accessible": "Entrance at Grade",
    "access": "yes",
    "fee": "no",
    "status": "closed",
    "status_reason": "Maintenance/Repairs",
    "url": "https://www.toronto.ca/explore-enjoy/parks-recreation/places-spaces/parks-and-recreation-facilities/location/?id=605",
    "source": "City of Toronto Open Data (Park Washroom Facilities)",
    "city_asset_id": "29383"
   }
  },
  {
   "type": "Feature",
   "geometry": {
    "type": "Point",
    "coordinates": [
     -79.3892846,
     43.6274374
    ]
   },
   "properties": {
    "id": "toronto-14102",
    "name": "Toronto Islands - Hanlan's Point Ferry Dock Washroom",
    "location": "Toronto Islands - Hanlan's Point",
    "type": "Washroom Building",
    "address": "9 Queens Quay  W",
    "hours": null,
    "details": "Located on Hanlan's Point south of the ferry dock in the snack/concession stand, washroom building.",
    "accessible": "Accessible Stall, Entrance at Grade, Child Change Table",
    "access": "yes",
    "fee": "no",
    "status": "closed",
    "status_reason": null,
    "url": "https://www.toronto.ca/explore-enjoy/parks-recreation/places-spaces/parks-and-recreation-facilities/location/?id=2541",
    "source": "City of Toronto Open Data (Park Washroom Facilities)",
    "city_asset_id": "14102"
   }
  },
  {
   "type": "Feature",
   "geometry": {
    "type": "Point",
    "coordinates": [
     -79.340694,
     43.6533841
    ]
   },
   "properties": {
    "id": "toronto-32743",
    "name": "McCleary Park Washroom",
    "location": "McCleary Park",
    "type": "Washroom Building",
    "address": "755 Lake Shore Blvd  E",
    "hours": "9 a.m. to 10 p.m.",
    "details": "Located between the baseball diamonds, next to Lake Shore Boulevard.",
    "accessible": "Entrance at Grade, Entrance Access Ramp, Automatic Door Opener",
    "access": "yes",
    "fee": "no",
    "status": "open",
    "status_reason": null,
    "url": "https://www.toronto.ca/explore-enjoy/parks-recreation/places-spaces/parks-and-recreation-facilities/location/?id=379",
    "source": "City of Toronto Open Data (Park Washroom Facilities)",
    "city_asset_id": "32743"
   }
  },
  {
   "type": "Feature",
   "geometry": {
    "type": "Point",
    "coordinates": [
     -79.4877402,
     43.6130163
    ]
   },
   "properties": {
    "id": "toronto-66883",
    "name": "Amos Waites Park Washroom",
    "location": "Amos Waites Park",
    "type": "Washroom Building",
    "address": "2441 Lake Shore Blvd  W",
    "hours": "9 a.m. to 10 p.m.",
    "details": "Located at the east end of the outdoor pool building.",
    "accessible": null,
    "access": "yes",
    "fee": "no",
    "status": "closed",
    "status_reason": "Closed for the Season",
    "url": "https://www.toronto.ca/explore-enjoy/parks-recreation/places-spaces/parks-and-recreation-facilities/location/?id=939",
    "source": "City of Toronto Open Data (Park Washroom Facilities)",
    "city_asset_id": "66883"
   }
  },
  {
   "type": "Feature",
   "geometry": {
    "type": "Point",
    "coordinates": [
     -79.4600732,
     43.640658
    ]
   },
   "properties": {
    "id": "toronto-29462",
    "name": "High Park Colborne Lodge Coach House  Washroom",
    "location": "High Park",
    "type": "Washroom Building",
    "address": "1873 Bloor St  W",
    "hours": "9 a.m. to 10 p.m.",
    "details": "Located in the coach house building north of Colborne Lodge.",
    "accessible": "Accessible Stall, Entrance at Grade",
    "access": "yes",
    "fee": "no",
    "status": "open",
    "status_reason": null,
    "url": "https://www.toronto.ca/explore-enjoy/parks-recreation/places-spaces/parks-and-recreation-facilities/location/?id=77",
    "source": "City of Toronto Open Data (Park Washroom Facilities)",
    "city_asset_id": "29462"
   }
  },
  {
   "type": "Feature",
   "geometry": {
    "type": "Point",
    "coordinates": [
     -79.2999559,
     43.6692785
    ]
   },
   "properties": {
    "id": "toronto-36324",
    "name": "Kew Gardens Playground Washroom",
    "location": "Kew Gardens",
    "type": "Washroom Building",
    "address": "2075 Queen St  E",
    "hours": "9 a.m. to 10 p.m.",
    "details": "Located on a pathway between the wading pool and the playground.",
    "accessible": "Entrance at Grade, Child Change Table",
    "access": "yes",
    "fee": "no",
    "status": "closed",
    "status_reason": "Maintenance/Repairs",
    "url": "https://www.toronto.ca/explore-enjoy/parks-recreation/places-spaces/parks-and-recreation-facilities/location/?id=107",
    "source": "City of Toronto Open Data (Park Washroom Facilities)",
    "city_asset_id": "36324"
   }
  },
  {
   "type": "Feature",
   "geometry": {
    "type": "Point",
    "coordinates": [
     -79.4454633,
     43.776043
    ]
   },
   "properties": {
    "id": "toronto-347",
    "name": "Esther Shiner Stadium Washroom",
    "location": "Esther Shiner Stadium",
    "type": "Washroom Building",
    "address": "5720 Bathurst St",
    "hours": "9 a.m. to 10 p.m.",
    "details": "Located at the main entrance to the stadium.",
    "accessible": null,
    "access": "yes",
    "fee": "no",
    "status": "open",
    "status_reason": null,
    "url": "https://www.toronto.ca/explore-enjoy/parks-recreation/places-spaces/parks-and-recreation-facilities/location/?id=320",
    "source": "City of Toronto Open Data (Park Washroom Facilities)",
    "city_asset_id": "347"
   }
  },
  {
   "type": "Feature",
   "geometry": {
    "type": "Point",
    "coordinates": [
     -79.3627571,
     43.7229312
    ]
   },
   "properties": {
    "id": "toronto-1981",
    "name": "Sunnybrook Park Washroom",
    "location": "Sunnybrook Park",
    "type": "All-Gender Washroom, Accessible Washroom",
    "address": "1132 Leslie St",
    "hours": "9 a.m. to 10 p.m.",
    "details": "Located in the washroom building.",
    "accessible": "Entrance at Grade, Powered Door Opener, Child Change Table",
    "access": "yes",
    "fee": "no",
    "status": "open",
    "status_reason": null,
    "url": "https://www.toronto.ca/explore-enjoy/parks-recreation/places-spaces/parks-and-recreation-facilities/location/?id=28",
    "source": "City of Toronto Open Data (Park Washroom Facilities)",
    "city_asset_id": "1981"
   }
  },
  {
   "type": "Feature",
   "geometry": {
    "type": "Point",
    "coordinates": [
     -79.3374044,
     43.7094266
    ]
   },
   "properties": {
    "id": "toronto-29384",
    "name": "E.T. Seton Park Washroom",
    "location": "E.T. Seton Park",
    "type": "Washroom Building",
    "address": "73 Thorncliffe Park Dr",
    "hours": "9 a.m. to 10 p.m.",
    "details": "Located on the pathway between the north parking lot and archery range.",
    "accessible": "Accessible Stall, Entrance at Grade",
    "access": "yes",
    "fee": "no",
    "status": "open",
    "status_reason": null,
    "url": "https://www.toronto.ca/explore-enjoy/parks-recreation/places-spaces/parks-and-recreation-facilities/location/?id=1061",
    "source": "City of Toronto Open Data (Park Washroom Facilities)",
    "city_asset_id": "29384"
   }
  },
  {
   "type": "Feature",
   "geometry": {
    "type": "Point",
    "coordinates": [
     -79.3645257,
     43.6445513
    ]
   },
   "properties": {
    "id": "toronto-28901",
    "name": "Sherbourne Common Outdoor Rink Washroom",
    "location": "Sherbourne Common",
    "type": "Washroom Building",
    "address": "5 Lower Sherbourne St",
    "hours": "9 a.m. to 10 p.m.",
    "details": "Entrance is located on the outside of the outdoor ice rink building.",
    "accessible": null,
    "access": "yes",
    "fee": "no",
    "status": "open",
    "status_reason": null,
    "url": "https://www.toronto.ca/explore-enjoy/parks-recreation/places-spaces/parks-and-recreation-facilities/location/?id=1860",
    "source": "City of Toronto Open Data (Park Washroom Facilities)",
    "city_asset_id": "28901"
   }
  },
  {
   "type": "Feature",
   "geometry": {
    "type": "Point",
    "coordinates": [
     -79.2274334,
     43.7130308
    ]
   },
   "properties": {
    "id": "toronto-29300",
    "name": "Bluffer's Park East Washroom",
    "location": "Bluffer's Park",
    "type": "Washroom Building",
    "address": "1 Brimley Rd  S",
    "hours": "9 a.m. to 10 p.m.",
    "details": "Located on a pathway between the east parking lot and the beach.",
    "accessible": "Accessible Stall, Entrance at Grade",
    "access": "yes",
    "fee": "no",
    "status": "closed",
    "status_reason": "Under Construction",
    "url": "https://www.toronto.ca/explore-enjoy/parks-recreation/places-spaces/parks-and-recreation-facilities/location/?id=2",
    "source": "City of Toronto Open Data (Park Washroom Facilities)",
    "city_asset_id": "29300"
   }
  },
  {
   "type": "Feature",
   "geometry": {
    "type": "Point",
    "coordinates": [
     -79.4657897,
     43.6495138
    ]
   },
   "properties": {
    "id": "toronto-5635",
    "name": "High Park Outdoor Pool / Rink Building Washroom",
    "location": "High Park",
    "type": "Washroom Building",
    "address": "1873 Bloor St  W",
    "hours": "View facility hours",
    "details": "Located in the outdoor pool and ice rink building.",
    "accessible": "Accessible Stall, Entrance at Grade",
    "access": "yes",
    "fee": "no",
    "status": "open",
    "status_reason": null,
    "url": "https://www.toronto.ca/explore-enjoy/parks-recreation/places-spaces/parks-and-recreation-facilities/location/?id=77",
    "source": "City of Toronto Open Data (Park Washroom Facilities)",
    "city_asset_id": "5635"
   }
  },
  {
   "type": "Feature",
   "geometry": {
    "type": "Point",
    "coordinates": [
     -79.418041,
     43.6603643
    ]
   },
   "properties": {
    "id": "toronto-29286",
    "name": "Bickford Park Washroom",
    "location": "Bickford Park",
    "type": "Washroom Building",
    "address": "400 Grace St",
    "hours": "9 a.m. to 10 p.m.",
    "details": "Located at the south end of the park next to dog off-leash area and the baseball diamond.",
    "accessible": "Accessible Stall, Entrance at Grade, Child Change Table",
    "access": "yes",
    "fee": "no",
    "status": "open",
    "status_reason": null,
    "url": "https://www.toronto.ca/explore-enjoy/parks-recreation/places-spaces/parks-and-recreation-facilities/location/?id=295",
    "source": "City of Toronto Open Data (Park Washroom Facilities)",
    "city_asset_id": "29286"
   }
  },
  {
   "type": "Feature",
   "geometry": {
    "type": "Point",
    "coordinates": [
     -79.4021153,
     43.6535956
    ]
   },
   "properties": {
    "id": "toronto-79231",
    "name": "Bellevue Square Park Washroom",
    "location": "Bellevue Square Park",
    "type": "Washroom Building",
    "address": "5 Bellevue Ave",
    "hours": "9 a.m. to 10 p.m.",
    "details": "Located at the east end of the playground.",
    "accessible": null,
    "access": "yes",
    "fee": "no",
    "status": "open",
    "status_reason": null,
    "url": "https://www.toronto.ca/explore-enjoy/parks-recreation/places-spaces/parks-and-recreation-facilities/location/?id=263",
    "source": "City of Toronto Open Data (Park Washroom Facilities)",
    "city_asset_id": "79231"
   }
  },
  {
   "type": "Feature",
   "geometry": {
    "type": "Point",
    "coordinates": [
     -79.3609386,
     43.7844705
    ]
   },
   "properties": {
    "id": "toronto-29280",
    "name": "Bellbury Park Tennis Club Washroom",
    "location": "Bellbury Park",
    "type": "Washroom Building",
    "address": "55 Van Horne Ave",
    "hours": "9 a.m. to 10 p.m.",
    "details": "Located on the north side of the tennis courts next to the parking lot.",
    "accessible": "Accessible Stall, Entrance at Grade, Child Change Table",
    "access": "yes",
    "fee": "no",
    "status": "open",
    "status_reason": null,
    "url": "https://www.toronto.ca/explore-enjoy/parks-recreation/places-spaces/parks-and-recreation-facilities/location/?id=519",
    "source": "City of Toronto Open Data (Park Washroom Facilities)",
    "city_asset_id": "29280"
   }
  },
  {
   "type": "Feature",
   "geometry": {
    "type": "Point",
    "coordinates": [
     -79.4107468,
     43.7152937
    ]
   },
   "properties": {
    "id": "toronto-29566",
    "name": "Lytton Park Tennis Clubhouse Washroom",
    "location": "Lytton Park",
    "type": "Washroom Building",
    "address": "200 Lytton Blvd",
    "hours": "9 a.m. to 10 p.m.",
    "details": "Located on a pathway at the south end of the tennis courts and next to the bowling greens.",
    "accessible": "Accessible Stall, Entrance Access Ramp, Child Change Table",
    "access": "yes",
    "fee": "no",
    "status": "open",
    "status_reason": null,
    "url": "https://www.toronto.ca/explore-enjoy/parks-recreation/places-spaces/parks-and-recreation-facilities/location/?id=138",
    "source": "City of Toronto Open Data (Park Washroom Facilities)",
    "city_asset_id": "29566"
   }
  },
  {
   "type": "Feature",
   "geometry": {
    "type": "Point",
    "coordinates": [
     -79.3398727,
     43.6565665
    ]
   },
   "properties": {
    "id": "toronto-29581",
    "name": "Morse Street Playground Washroom",
    "location": "Morse Street Playground",
    "type": "Washroom Building",
    "address": "76 Morse St",
    "hours": "9 a.m. to 10 p.m.",
    "details": "Located next to the playground.",
    "accessible": "Entrance at Grade",
    "access": "yes",
    "fee": "no",
    "status": "closed",
    "status_reason": "Men's Washroom Closed, Women's Washroom Open",
    "url": "https://www.toronto.ca/explore-enjoy/parks-recreation/places-spaces/parks-and-recreation-facilities/location/?id=174",
    "source": "City of Toronto Open Data (Park Washroom Facilities)",
    "city_asset_id": "29581"
   }
  },
  {
   "type": "Feature",
   "geometry": {
    "type": "Point",
    "coordinates": [
     -79.549807,
     43.7298896
    ]
   },
   "properties": {
    "id": "toronto-75662",
    "name": "Summerlea Park North Parking Lot Washroom",
    "location": "Summerlea Park",
    "type": "Washroom Building",
    "address": "2 Arcot Blvd",
    "hours": "9 a.m. to 10 p.m.",
    "details": "Located at the east end of the north parking lot near the park pathway.",
    "accessible": "Accessible Stall, Entrance at Grade",
    "access": "yes",
    "fee": "no",
    "status": "closed",
    "status_reason": "Emergency Response",
    "url": "https://www.toronto.ca/explore-enjoy/parks-recreation/places-spaces/parks-and-recreation-facilities/location/?id=870",
    "source": "City of Toronto Open Data (Park Washroom Facilities)",
    "city_asset_id": "75662"
   }
  },
  {
   "type": "Feature",
   "geometry": {
    "type": "Point",
    "coordinates": [
     -79.3570386,
     43.7186254
    ]
   },
   "properties": {
    "id": "toronto-36503",
    "name": "Serena Gundy Park Washroom",
    "location": "Serena Gundy Park",
    "type": "Washroom Building",
    "address": "58 Rykert Cres",
    "hours": "9 a.m. to 10 p.m.",
    "details": "Located on the park pathway across from Picnic Site #1.",
    "accessible": "Accessible Stall, Entrance at Grade",
    "access": "yes",
    "fee": "no",
    "status": "closed",
    "status_reason": "Maintenance/Repairs",
    "url": "https://www.toronto.ca/explore-enjoy/parks-recreation/places-spaces/parks-and-recreation-facilities/location/?id=26",
    "source": "City of Toronto Open Data (Park Washroom Facilities)",
    "city_asset_id": "36503"
   }
  },
  {
   "type": "Feature",
   "geometry": {
    "type": "Point",
    "coordinates": [
     -79.4968664,
     43.7476369
    ]
   },
   "properties": {
    "id": "toronto-29589",
    "name": "Northwood Park Washroom",
    "location": "Northwood Park",
    "type": "Washroom Building",
    "address": "140 Stilecroft Dr",
    "hours": "9 a.m. to 10 p.m.",
    "details": "Located on the pathway 100 metres north of the parking lot, near Picnic Site #2.",
    "accessible": "Accessible Stall, Entrance at Grade",
    "access": "yes",
    "fee": "no",
    "status": "closed",
    "status_reason": "Maintenance/Repairs",
    "url": "https://www.toronto.ca/explore-enjoy/parks-recreation/places-spaces/parks-and-recreation-facilities/location/?id=481",
    "source": "City of Toronto Open Data (Park Washroom Facilities)",
    "city_asset_id": "29589"
   }
  },
  {
   "type": "Feature",
   "geometry": {
    "type": "Point",
    "coordinates": [
     -79.5009367,
     43.7366234
    ]
   },
   "properties": {
    "id": "toronto-29375",
    "name": "Downsview Dells Park North Washroom",
    "location": "Downsview Dells Park",
    "type": "Washroom Building",
    "address": "2515 Jane St",
    "hours": "9 a.m. to 10 p.m.",
    "details": "Located across from Picnic Site #3, east of the last parking lot.",
    "accessible": null,
    "access": "yes",
    "fee": "no",
    "status": "closed",
    "status_reason": "Maintenance/Repairs",
    "url": "https://www.toronto.ca/explore-enjoy/parks-recreation/places-spaces/parks-and-recreation-facilities/location/?id=468",
    "source": "City of Toronto Open Data (Park Washroom Facilities)",
    "city_asset_id": "29375"
   }
  },
  {
   "type": "Feature",
   "geometry": {
    "type": "Point",
    "coordinates": [
     -79.4203956,
     43.6527219
    ]
   },
   "properties": {
    "id": "toronto-29415",
    "name": "Fred Hamilton Playground Washroom",
    "location": "Fred Hamilton Playground",
    "type": "Washroom Building",
    "address": "155 Roxton Rd",
    "hours": "9 a.m. to 10 p.m.",
    "details": "Located at the top of the hill on the pathway next to the bocce courts.",
    "accessible": "Accessible Stall, Entrance at Grade, Automatic Door Opener",
    "access": "yes",
    "fee": "no",
    "status": "open",
    "status_reason": null,
    "url": "https://www.toronto.ca/explore-enjoy/parks-recreation/places-spaces/parks-and-recreation-facilities/location/?id=72",
    "source": "City of Toronto Open Data (Park Washroom Facilities)",
    "city_asset_id": "29415"
   }
  },
  {
   "type": "Feature",
   "geometry": {
    "type": "Point",
    "coordinates": [
     -79.3594323,
     43.6652856
    ]
   },
   "properties": {
    "id": "toronto-29614",
    "name": "Riverdale Park West Washroom",
    "location": "Riverdale Park West",
    "type": "Washroom Building",
    "address": "375 Sumach St",
    "hours": "9 a.m. to 10 p.m.",
    "details": "Located near the end of the pathway close to the southern ball diamond.",
    "accessible": null,
    "access": "yes",
    "fee": "no",
    "status": "open",
    "status_reason": null,
    "url": "https://www.toronto.ca/explore-enjoy/parks-recreation/places-spaces/parks-and-recreation-facilities/location/?id=344",
    "source": "City of Toronto Open Data (Park Washroom Facilities)",
    "city_asset_id": "29614"
   }
  },
  {
   "type": "Feature",
   "geometry": {
    "type": "Point",
    "coordinates": [
     -79.3763067,
     43.6202786
    ]
   },
   "properties": {
    "id": "toronto-29685",
    "name": "Toronto Islands - Toronto Island Park Avenue of the Islands Washroom",
    "location": "Toronto Islands - Toronto Island Park",
    "type": "Washroom Building",
    "address": "9 Queens Quay  W",
    "hours": null,
    "details": "Located on the south side of the pathway between the Centre Island ferry docks and Centreville. Near the east side of picnic area 13.",
    "accessible": "Accessible Stall, Entrance at Grade, Child Change Table",
    "access": "yes",
    "fee": "no",
    "status": "closed",
    "status_reason": "Maintenance/Repairs",
    "url": "https://www.toronto.ca/explore-enjoy/parks-recreation/places-spaces/parks-and-recreation-facilities/location/?id=2024",
    "source": "City of Toronto Open Data (Park Washroom Facilities)",
    "city_asset_id": "29685"
   }
  },
  {
   "type": "Feature",
   "geometry": {
    "type": "Point",
    "coordinates": [
     -79.2349054,
     43.7061483
    ]
   },
   "properties": {
    "id": "toronto-29307",
    "name": "Bluffer's Park Washroom",
    "location": "Bluffer's Park",
    "type": "Washroom Building",
    "address": "1 Brimley Rd  S",
    "hours": "9 a.m. to 10 p.m.",
    "details": "Located on the west side of the park, next to the boat launch.",
    "accessible": null,
    "access": "yes",
    "fee": "no",
    "status": "open",
    "status_reason": null,
    "url": "https://www.toronto.ca/explore-enjoy/parks-recreation/places-spaces/parks-and-recreation-facilities/location/?id=2",
    "source": "City of Toronto Open Data (Park Washroom Facilities)",
    "city_asset_id": "29307"
   }
  },
  {
   "type": "Feature",
   "geometry": {
    "type": "Point",
    "coordinates": [
     -79.352325,
     43.6534738
    ]
   },
   "properties": {
    "id": "toronto-36974",
    "name": "Corktown Common Pavilion Washroom",
    "location": "Corktown Common",
    "type": "Washroom Building",
    "address": "155 Bayview Ave",
    "hours": "9 a.m. to 10 p.m.",
    "details": "Located in the pavillion between the splash pad and the playground.",
    "accessible": null,
    "access": "yes",
    "fee": "no",
    "status": "open",
    "status_reason": null,
    "url": "https://www.toronto.ca/explore-enjoy/parks-recreation/places-spaces/parks-and-recreation-facilities/location/?id=3499",
    "source": "City of Toronto Open Data (Park Washroom Facilities)",
    "city_asset_id": "36974"
   }
  },
  {
   "type": "Feature",
   "geometry": {
    "type": "Point",
    "coordinates": [
     -79.3018975,
     43.6664395
    ]
   },
   "properties": {
    "id": "toronto-32744",
    "name": "Pantry Park Fieldhouse Washroom",
    "location": "Pantry Park",
    "type": "Washroom Building",
    "address": "70 Kewbeach Ave",
    "hours": "9 a.m. to 10 p.m.",
    "details": "Located at the south end of the park next to Kewbeach Avenue.",
    "accessible": "Accessible Stall, Entrance at Grade",
    "access": "yes",
    "fee": "no",
    "status": "open",
    "status_reason": null,
    "url": "https://www.toronto.ca/explore-enjoy/parks-recreation/places-spaces/parks-and-recreation-facilities/location/?id=254",
    "source": "City of Toronto Open Data (Park Washroom Facilities)",
    "city_asset_id": "32744"
   }
  },
  {
   "type": "Feature",
   "geometry": {
    "type": "Point",
    "coordinates": [
     -79.5430501,
     43.5876958
    ]
   },
   "properties": {
    "id": "toronto-29570",
    "name": "Marie Curtis Park Playground Washroom",
    "location": "Marie Curtis Park",
    "type": "Washroom Building",
    "address": "2 Forty Second St",
    "hours": "9 a.m. to 10 p.m.",
    "details": "Located on a pathway near the spash pad and playground.",
    "accessible": null,
    "access": "yes",
    "fee": "no",
    "status": "open",
    "status_reason": null,
    "url": "https://www.toronto.ca/explore-enjoy/parks-recreation/places-spaces/parks-and-recreation-facilities/location/?id=6",
    "source": "City of Toronto Open Data (Park Washroom Facilities)",
    "city_asset_id": "29570"
   }
  },
  {
   "type": "Feature",
   "geometry": {
    "type": "Point",
    "coordinates": [
     -79.3911154,
     43.6191335
    ]
   },
   "properties": {
    "id": "toronto-29442",
    "name": "Toronto Islands - Hanlan’s Point Mid-Hanlan's Washroom",
    "location": "Toronto Islands - Hanlan's Point Park",
    "type": "Washroom Building",
    "address": "9 Queens Quay  W",
    "hours": null,
    "details": "Located on the pathway east of beach access #4.",
    "accessible": "Accessible Stall, Entrance at Grade, Child Change Table",
    "access": "yes",
    "fee": "no",
    "status": "closed",
    "status_reason": "Technical Issues",
    "url": "https://www.toronto.ca/explore-enjoy/parks-recreation/places-spaces/parks-and-recreation-facilities/location/?id=2541",
    "source": "City of Toronto Open Data (Park Washroom Facilities)",
    "city_asset_id": "29442"
   }
  },
  {
   "type": "Feature",
   "geometry": {
    "type": "Point",
    "coordinates": [
     -79.2847232,
     43.6703261
    ]
   },
   "properties": {
    "id": "toronto-32882",
    "name": "Silverbirch Boat House Washroom",
    "location": "Silverbirch Boat House",
    "type": "Washroom Building",
    "address": "2 Silver Birch Ave",
    "hours": "9 a.m. to 10 p.m.",
    "details": "Located at the east end of the boardwalk.",
    "accessible": "Entrance at Grade, Entrance Access Ramp",
    "access": "yes",
    "fee": "no",
    "status": "open",
    "status_reason": null,
    "url": "https://www.toronto.ca/explore-enjoy/parks-recreation/places-spaces/parks-and-recreation-facilities/location/?id=1101",
    "source": "City of Toronto Open Data (Park Washroom Facilities)",
    "city_asset_id": "32882"
   }
  },
  {
   "type": "Feature",
   "geometry": {
    "type": "Point",
    "coordinates": [
     -79.5815557,
     43.6623309
    ]
   },
   "properties": {
    "id": "toronto-29404",
    "name": "Eringate Park Washroom",
    "location": "Eringate Park",
    "type": "Washroom Building",
    "address": "121 Wellesworth Dr",
    "hours": "9 a.m. to 10 p.m.",
    "details": "Located between the outdoor pool and the south baseball diamond.",
    "accessible": "Accessible Stall",
    "access": "yes",
    "fee": "no",
    "status": "closed",
    "status_reason": "Maintenance/Repairs",
    "url": "https://www.toronto.ca/explore-enjoy/parks-recreation/places-spaces/parks-and-recreation-facilities/location/?id=840",
    "source": "City of Toronto Open Data (Park Washroom Facilities)",
    "city_asset_id": "29404"
   }
  },
  {
   "type": "Feature",
   "geometry": {
    "type": "Point",
    "coordinates": [
     -79.2100656,
     43.7879408
    ]
   },
   "properties": {
    "id": "toronto-29634",
    "name": "Seven Oaks Park Washroom",
    "location": "Seven Oaks Park",
    "type": "Washroom Building",
    "address": "372 Military Trl",
    "hours": "9 a.m. to 10 p.m.",
    "details": "Located south of the tennis courts, next to the parking lot.",
    "accessible": "Accessible Stall, Entrance at Grade",
    "access": "yes",
    "fee": "no",
    "status": "open",
    "status_reason": null,
    "url": "https://www.toronto.ca/explore-enjoy/parks-recreation/places-spaces/parks-and-recreation-facilities/location/?id=590",
    "source": "City of Toronto Open Data (Park Washroom Facilities)",
    "city_asset_id": "29634"
   }
  },
  {
   "type": "Feature",
   "geometry": {
    "type": "Point",
    "coordinates": [
     -79.3336515,
     43.6626846
    ]
   },
   "properties": {
    "id": "toronto-29556",
    "name": "Leslie Grove Park Washroom",
    "location": "Leslie Grove Park",
    "type": "Washroom Building",
    "address": "1158 Queen St  E",
    "hours": "9 a.m. to 10 p.m.",
    "details": "Located in the fieldhouse.",
    "accessible": null,
    "access": "yes",
    "fee": "no",
    "status": "open",
    "status_reason": null,
    "url": "https://www.toronto.ca/explore-enjoy/parks-recreation/places-spaces/parks-and-recreation-facilities/location/?id=123",
    "source": "City of Toronto Open Data (Park Washroom Facilities)",
    "city_asset_id": "29556"
   }
  },
  {
   "type": "Feature",
   "geometry": {
    "type": "Point",
    "coordinates": [
     -79.4430681,
     43.6480546
    ]
   },
   "properties": {
    "id": "toronto-57282",
    "name": "Sorauren Avenue Park Fieldhouse Washroom",
    "location": "Sorauren Avenue Park",
    "type": "All-Gender Washroom, Accessible Washroom",
    "address": "289 Sorauren Ave",
    "hours": "9 a.m. to 10 p.m.",
    "details": "Located south of the baseball diamond and Wabash Avenue.",
    "accessible": "Accessible Stall, Entrance at Grade, Child Change Table",
    "access": "yes",
    "fee": "no",
    "status": "open",
    "status_reason": null,
    "url": "https://www.toronto.ca/explore-enjoy/parks-recreation/places-spaces/parks-and-recreation-facilities/location/?id=348",
    "source": "City of Toronto Open Data (Park Washroom Facilities)",
    "city_asset_id": "57282"
   }
  },
  {
   "type": "Feature",
   "geometry": {
    "type": "Point",
    "coordinates": [
     -79.4092222,
     43.6716118
    ]
   },
   "properties": {
    "id": "toronto-79226",
    "name": "Jean Sibelius Square Fieldhouse Washroom",
    "location": "Jean Sibelius Square",
    "type": "All-Gender Washroom",
    "address": "50 Kendal Ave",
    "hours": "9 a.m. to 10 p.m.",
    "details": "Located in the fieldhouse building at the northwest corner of the park.",
    "accessible": "Entrance at Grade",
    "access": "yes",
    "fee": "no",
    "status": "open",
    "status_reason": null,
    "url": "https://www.toronto.ca/explore-enjoy/parks-recreation/places-spaces/parks-and-recreation-facilities/location/?id=151",
    "source": "City of Toronto Open Data (Park Washroom Facilities)",
    "city_asset_id": "79226"
   }
  },
  {
   "type": "Feature",
   "geometry": {
    "type": "Point",
    "coordinates": [
     -79.3442928,
     43.6368796
    ]
   },
   "properties": {
    "id": "toronto-37108",
    "name": "Cherry Beach Clarke Beach Park Washroom",
    "location": "Cherry Beach Clarke Beach Park",
    "type": "Washroom Building",
    "address": "1 Cherry St",
    "hours": "9 a.m. to 10 p.m.",
    "details": "Located between the parking lot and the beach.",
    "accessible": "Accessible Stall, Entrance at Grade, Entrance Access Ramp, Child Change Table",
    "access": "yes",
    "fee": "no",
    "status": "open",
    "status_reason": null,
    "url": "https://www.toronto.ca/explore-enjoy/parks-recreation/places-spaces/parks-and-recreation-facilities/location/?id=209",
    "source": "City of Toronto Open Data (Park Washroom Facilities)",
    "city_asset_id": "37108"
   }
  },
  {
   "type": "Feature",
   "geometry": {
    "type": "Point",
    "coordinates": [
     -79.1649297,
     43.7771578
    ]
   },
   "properties": {
    "id": "toronto-45442",
    "name": "Colonel Danforth Park Washroom",
    "location": "Colonel Danforth Park",
    "type": "Washroom Building",
    "address": "73 Colonel Danforth Trl",
    "hours": "9 a.m. to 10 p.m.",
    "details": "Located on the pathway west of the parking lot.",
    "accessible": "Entrance at Grade",
    "access": "yes",
    "fee": "no",
    "status": "open",
    "status_reason": null,
    "url": "https://www.toronto.ca/explore-enjoy/parks-recreation/places-spaces/parks-and-recreation-facilities/location/?id=4",
    "source": "City of Toronto Open Data (Park Washroom Facilities)",
    "city_asset_id": "45442"
   }
  },
  {
   "type": "Feature",
   "geometry": {
    "type": "Point",
    "coordinates": [
     -79.3416694,
     43.6412879
    ]
   },
   "properties": {
    "id": "toronto-46142",
    "name": "Cherry Beach Sports Fields Washroom",
    "location": "Cherry Beach Sports Fields",
    "type": "Washroom Building",
    "address": "275 Unwin Ave",
    "hours": "9 a.m. to 10 p.m.",
    "details": "Located in the building next to the east sports field.",
    "accessible": "Accessible Stall, Entrance at Grade, Child Change Table",
    "access": "yes",
    "fee": "no",
    "status": "open",
    "status_reason": null,
    "url": "https://www.toronto.ca/explore-enjoy/parks-recreation/places-spaces/parks-and-recreation-facilities/location/?id=459",
    "source": "City of Toronto Open Data (Park Washroom Facilities)",
    "city_asset_id": "46142"
   }
  },
  {
   "type": "Feature",
   "geometry": {
    "type": "Point",
    "coordinates": [
     -79.3224838,
     43.6516924
    ]
   },
   "properties": {
    "id": "toronto-101976",
    "name": "Tommy Thompson Park Washroom",
    "location": "Tommy Thompson Park",
    "type": "Washroom Building",
    "address": "1 Leslie St",
    "hours": "9 a.m. to 10 p.m.",
    "details": "Located in the entrance of the pavilion.",
    "accessible": null,
    "access": "yes",
    "fee": "no",
    "status": "open",
    "status_reason": null,
    "url": "https://www.toronto.ca/explore-enjoy/parks-recreation/places-spaces/parks-and-recreation-facilities/location/?id=2441",
    "source": "City of Toronto Open Data (Park Washroom Facilities)",
    "city_asset_id": "101976"
   }
  },
  {
   "type": "Feature",
   "geometry": {
    "type": "Point",
    "coordinates": [
     -79.3875977,
     43.6869152
    ]
   },
   "properties": {
    "id": "toronto-97106",
    "name": "David A. Balfour Park Washroom",
    "location": "David A. Balfour Park",
    "type": "Washroom Building",
    "address": "75 Rosehill Ave",
    "hours": "9 a.m. to 10 p.m.",
    "details": "Located near the corner of Rosehill and Avoca Avenues.",
    "accessible": null,
    "access": "yes",
    "fee": "no",
    "status": "open",
    "status_reason": null,
    "url": "https://www.toronto.ca/explore-enjoy/parks-recreation/places-spaces/parks-and-recreation-facilities/location/?id=143",
    "source": "City of Toronto Open Data (Park Washroom Facilities)",
    "city_asset_id": "97106"
   }
  },
  {
   "type": "Feature",
   "geometry": {
    "type": "Point",
    "coordinates": [
     -79.3913509,
     43.6525658
    ]
   },
   "properties": {
    "id": "toronto-79343",
    "name": "Grange Park South Washroom",
    "location": "Grange Park",
    "type": "All-Gender Washroom, Accessible Washroom",
    "address": "26 Grange Rd  W",
    "hours": "9 a.m. to 10 p.m.",
    "details": "Located at the south-end of the park on Grange Road, opposite University Settlement.",
    "accessible": "Accessible Stall, Entrance at Grade, Automatic Door Opener",
    "access": "yes",
    "fee": "no",
    "status": "open",
    "status_reason": null,
    "url": "https://www.toronto.ca/explore-enjoy/parks-recreation/places-spaces/parks-and-recreation-facilities/location/?id=1431",
    "source": "City of Toronto Open Data (Park Washroom Facilities)",
    "city_asset_id": "79343"
   }
  },
  {
   "type": "Feature",
   "geometry": {
    "type": "Point",
    "coordinates": [
     -79.2811334,
     43.682279
    ]
   },
   "properties": {
    "id": "toronto-29298",
    "name": "Blantyre Park Fieldhouse Washroom",
    "location": "Blantyre Park",
    "type": "Washroom Building",
    "address": "180 Fallingbrook Rd",
    "hours": "9 a.m. to 10 p.m.",
    "details": "Located next to the parking lot, west of the baseball diamond.",
    "accessible": "Entrance at Grade",
    "access": "yes",
    "fee": "no",
    "status": "open",
    "status_reason": null,
    "url": "https://www.toronto.ca/explore-enjoy/parks-recreation/places-spaces/parks-and-recreation-facilities/location/?id=557",
    "source": "City of Toronto Open Data (Park Washroom Facilities)",
    "city_asset_id": "29298"
   }
  },
  {
   "type": "Feature",
   "geometry": {
    "type": "Point",
    "coordinates": [
     -79.1972023,
     43.7778153
    ]
   },
   "properties": {
    "id": "toronto-29579",
    "name": "Morningside Park Central Picnic Site Washroom",
    "location": "Morningside Park",
    "type": "Washroom Building",
    "address": "390 Morningside Ave",
    "hours": "9 a.m. to 10 p.m.",
    "details": "Located in the grassy area near the forested area west of Picnic Site #1.",
    "accessible": null,
    "access": "yes",
    "fee": "no",
    "status": "open",
    "status_reason": null,
    "url": "https://www.toronto.ca/explore-enjoy/parks-recreation/places-spaces/parks-and-recreation-facilities/location/?id=1470",
    "source": "City of Toronto Open Data (Park Washroom Facilities)",
    "city_asset_id": "29579"
   }
  },
  {
   "type": "Feature",
   "geometry": {
    "type": "Point",
    "coordinates": [
     -79.3790547,
     43.6833681
    ]
   },
   "properties": {
    "id": "toronto-29616",
    "name": "Rosedale Park Tennis Clubhouse Washroom",
    "location": "Rosedale Park",
    "type": "Washroom Building",
    "address": "20 Scholfield Ave",
    "hours": "9 a.m. to 10 p.m.",
    "details": "Located on the pathway between the tennis courts and the splash pad.",
    "accessible": "Entrance at Grade, Entrance Access Ramp",
    "access": "yes",
    "fee": "no",
    "status": "open",
    "status_reason": null,
    "url": "https://www.toronto.ca/explore-enjoy/parks-recreation/places-spaces/parks-and-recreation-facilities/location/?id=210",
    "source": "City of Toronto Open Data (Park Washroom Facilities)",
    "city_asset_id": "29616"
   }
  },
  {
   "type": "Feature",
   "geometry": {
    "type": "Point",
    "coordinates": [
     -79.3949652,
     43.6762059
    ]
   },
   "properties": {
    "id": "toronto-29606",
    "name": "Ramsden Park Washroom",
    "location": "Ramsden Park",
    "type": "Washroom Building",
    "address": "1020 Yonge St",
    "hours": "9 a.m. to 10 p.m.",
    "details": "Located on the pathway south of the western most tennis courts.",
    "accessible": "Accessible Stall, Entrance at Grade",
    "access": "yes",
    "fee": "no",
    "status": "open",
    "status_reason": null,
    "url": "https://www.toronto.ca/explore-enjoy/parks-recreation/places-spaces/parks-and-recreation-facilities/location/?id=167",
    "source": "City of Toronto Open Data (Park Washroom Facilities)",
    "city_asset_id": "29606"
   }
  },
  {
   "type": "Feature",
   "geometry": {
    "type": "Point",
    "coordinates": [
     -79.4147523,
     43.6466143
    ]
   },
   "properties": {
    "id": "toronto-971579",
    "name": "Trinity Bellwoods Playground Washroom",
    "location": "Trinity Bellwoods Park",
    "type": "Accessible Washroom",
    "address": "790 Queen St  W",
    "hours": "9 a.m. to 10 p.m.",
    "details": "Entrance is located on the outside of the Community Center next to the playground.",
    "accessible": null,
    "access": "yes",
    "fee": "no",
    "status": "closed",
    "status_reason": "Men's Washroom Closed, Women's Washroom Open",
    "url": "https://www.toronto.ca/explore-enjoy/parks-recreation/places-spaces/parks-and-recreation-facilities/location/?id=241",
    "source": "City of Toronto Open Data (Park Washroom Facilities)",
    "city_asset_id": "971579"
   }
  },
  {
   "type": "Feature",
   "geometry": {
    "type": "Point",
    "coordinates": [
     -79.3498335,
     43.7024612
    ]
   },
   "properties": {
    "id": "toronto-1846",
    "name": "Leaside Park Washroom",
    "location": "Leaside Outdoor Pool",
    "type": "Washroom Building",
    "address": "5 Leaside Park Dr",
    "hours": "9 a.m. to 10 p.m.",
    "details": "Entrance is located on the outside of the outdoor pool building.",
    "accessible": null,
    "access": "yes",
    "fee": "no",
    "status": "open",
    "status_reason": null,
    "url": "https://www.toronto.ca/explore-enjoy/parks-recreation/places-spaces/parks-and-recreation-facilities/location/?id=425",
    "source": "City of Toronto Open Data (Park Washroom Facilities)",
    "city_asset_id": "1846"
   }
  },
  {
   "type": "Feature",
   "geometry": {
    "type": "Point",
    "coordinates": [
     -79.4377426,
     43.7460565
    ]
   },
   "properties": {
    "id": "toronto-29332",
    "name": "Elie Wiesel Park Washroom",
    "location": "Elie Wiesel Park",
    "type": "Washroom Building",
    "address": "30 Palm Dr",
    "hours": "9 a.m. to 10 p.m.",
    "details": "Located north of the baseball diamond and west of the tennis courts.",
    "accessible": "Entrance at Grade",
    "access": "yes",
    "fee": "no",
    "status": "open",
    "status_reason": null,
    "url": "https://www.toronto.ca/explore-enjoy/parks-recreation/places-spaces/parks-and-recreation-facilities/location/?id=490",
    "source": "City of Toronto Open Data (Park Washroom Facilities)",
    "city_asset_id": "29332"
   }
  },
  {
   "type": "Feature",
   "geometry": {
    "type": "Point",
    "coordinates": [
     -79.3169646,
     43.7698393
    ]
   },
   "properties": {
    "id": "toronto-29746",
    "name": "Wishing Well Park Fieldhouse Washroom",
    "location": "Wishing Well Park",
    "type": "Washroom Building",
    "address": "1700 Pharmacy Ave",
    "hours": "9 a.m. to 10 p.m.",
    "details": "Located on the pathway next to the tennis courts.",
    "accessible": "Accessible Stall",
    "access": "yes",
    "fee": "no",
    "status": "open",
    "status_reason": null,
    "url": "https://www.toronto.ca/explore-enjoy/parks-recreation/places-spaces/parks-and-recreation-facilities/location/?id=586",
    "source": "City of Toronto Open Data (Park Washroom Facilities)",
    "city_asset_id": "29746"
   }
  },
  {
   "type": "Feature",
   "geometry": {
    "type": "Point",
    "coordinates": [
     -79.4207051,
     43.6648241
    ]
   },
   "properties": {
    "id": "toronto-36482",
    "name": "Christie Pits Park Washroom",
    "location": "Christie Pits Park",
    "type": "Washroom Building",
    "address": "750 Bloor St  W",
    "hours": "9 a.m. to 10 p.m.",
    "details": "Located north of the wading pool.",
    "accessible": null,
    "access": "yes",
    "fee": "no",
    "status": "open",
    "status_reason": null,
    "url": "https://www.toronto.ca/explore-enjoy/parks-recreation/places-spaces/parks-and-recreation-facilities/location/?id=196",
    "source": "City of Toronto Open Data (Park Washroom Facilities)",
    "city_asset_id": "36482"
   }
  },
  {
   "type": "Feature",
   "geometry": {
    "type": "Point",
    "coordinates": [
     -79.3913722,
     43.6526688
    ]
   },
   "properties": {
    "id": "toronto-79344",
    "name": "Grange Park North Washroom",
    "location": "Grange Park",
    "type": "All-Gender Washroom, Accessible Washroom",
    "address": "26 Grange Rd  W",
    "hours": "9 a.m. to 10 p.m.",
    "details": "Located at the south-end of the park on Grange Road, opposite University Settlement.",
    "accessible": "Entrance at Grade, Powered Door Opener",
    "access": "yes",
    "fee": "no",
    "status": "closed",
    "status_reason": "Maintenance/Repairs",
    "url": "https://www.toronto.ca/explore-enjoy/parks-recreation/places-spaces/parks-and-recreation-facilities/location/?id=1431",
    "source": "City of Toronto Open Data (Park Washroom Facilities)",
    "city_asset_id": "79344"
   }
  },
  {
   "type": "Feature",
   "geometry": {
    "type": "Point",
    "coordinates": [
     -79.4805124,
     43.6195392
    ]
   },
   "properties": {
    "id": "toronto-36442",
    "name": "Humber Bay Park West Washroom",
    "location": "Humber Bay Park West",
    "type": "Washroom Building",
    "address": "2225 Lake Shore Blvd  W",
    "hours": "9 a.m. to 10 p.m.",
    "details": "Located on the west side of the parking lot.",
    "accessible": "Accessible Stall, Entrance at Grade, Child Change Table",
    "access": "yes",
    "fee": "no",
    "status": "open",
    "status_reason": null,
    "url": "https://www.toronto.ca/explore-enjoy/parks-recreation/places-spaces/parks-and-recreation-facilities/location/?id=1074",
    "source": "City of Toronto Open Data (Park Washroom Facilities)",
    "city_asset_id": "36442"
   }
  },
  {
   "type": "Feature",
   "geometry": {
    "type": "Point",
    "coordinates": [
     -79.2880888,
     43.7725949
    ]
   },
   "properties": {
    "id": "toronto-41662",
    "name": "Glamorgan Park Washroom",
    "location": "Glamorgan Park",
    "type": "Washroom Building",
    "address": "50 Antrim Cres",
    "hours": "9 a.m. to 10 p.m.",
    "details": "Located next to the splash pad.",
    "accessible": "Entrance at Grade",
    "access": "yes",
    "fee": "no",
    "status": "open",
    "status_reason": null,
    "url": "https://www.toronto.ca/explore-enjoy/parks-recreation/places-spaces/parks-and-recreation-facilities/location/?id=668",
    "source": "City of Toronto Open Data (Park Washroom Facilities)",
    "city_asset_id": "41662"
   }
  },
  {
   "type": "Feature",
   "geometry": {
    "type": "Point",
    "coordinates": [
     -79.3593103,
     43.6251242
    ]
   },
   "properties": {
    "id": "toronto-29711",
    "name": "Toronto Islands - Ward's Island Fire Station Washroom",
    "location": "Toronto Islands - Ward's Island",
    "type": "Washroom Building",
    "address": null,
    "hours": null,
    "details": "Located on the west side of the Fire Station, entrance from the outside.",
    "accessible": null,
    "access": "yes",
    "fee": "no",
    "status": "open",
    "status_reason": null,
    "url": "https://www.toronto.ca/explore-enjoy/parks-recreation/places-spaces/parks-and-recreation-facilities/location/?id=2039",
    "source": "City of Toronto Open Data (Park Washroom Facilities)",
    "city_asset_id": "29711"
   }
  },
  {
   "type": "Feature",
   "geometry": {
    "type": "Point",
    "coordinates": [
     -79.5057192,
     43.685954
    ]
   },
   "properties": {
    "id": "toronto-13481",
    "name": "Eglinton Flats Northwest Service Building Washroom",
    "location": "Eglinton Flats",
    "type": "Washroom Building",
    "address": "101 Emmett Ave",
    "hours": "9 a.m. to 10 p.m.",
    "details": "Located in the service building.",
    "accessible": "Accessible Stall, Entrance at Grade",
    "access": "yes",
    "fee": "no",
    "status": "open",
    "status_reason": null,
    "url": "https://www.toronto.ca/explore-enjoy/parks-recreation/places-spaces/parks-and-recreation-facilities/location/?id=9",
    "source": "City of Toronto Open Data (Park Washroom Facilities)",
    "city_asset_id": "13481"
   }
  },
  {
   "type": "Feature",
   "geometry": {
    "type": "Point",
    "coordinates": [
     -79.261976,
     43.6946618
    ]
   },
   "properties": {
    "id": "toronto-989457",
    "name": "Scarborough Arena Gardens Washroom",
    "location": "Scarborough Arena Gardens",
    "type": "Universal Washroom, All-Gender Washroom, Accessible Washroom",
    "address": "75 Birchmount Rd.",
    "hours": null,
    "details": "Located inside the Arena in the northwest corner.",
    "accessible": "Accessible Stall, Entrance at Grade, Adult Change Table, Automatic Door Opener",
    "access": "yes",
    "fee": "no",
    "status": "open",
    "status_reason": null,
    "url": "https://www.toronto.ca/explore-enjoy/parks-recreation/places-spaces/parks-and-recreation-facilities/location/?id=3493",
    "source": "City of Toronto Open Data (Park Washroom Facilities)",
    "city_asset_id": "989457"
   }
  },
  {
   "type": "Feature",
   "geometry": {
    "type": "Point",
    "coordinates": [
     -79.349894,
     43.6458896
    ]
   },
   "properties": {
    "id": "toronto-1001027",
    "name": "Old Fire Hall 30 Community Centre Washroom",
    "location": "Old Fire Hall 30 Community Centre",
    "type": "Universal Washroom, All-Gender Washroom, Accessible Washroom",
    "address": "31 Commissioners St",
    "hours": null,
    "details": "Located inside the Community Recreation Centre.",
    "accessible": "Accessible Stall, Entrance at Grade, Adult Change Table, Automatic Door Opener",
    "access": "yes",
    "fee": "no",
    "status": "open",
    "status_reason": null,
    "url": "https://www.toronto.ca/explore-enjoy/parks-recreation/places-spaces/parks-and-recreation-facilities/location/?id=3861",
    "source": "City of Toronto Open Data (Park Washroom Facilities)",
    "city_asset_id": "1001027"
   }
  },
  {
   "type": "Feature",
   "geometry": {
    "type": "Point",
    "coordinates": [
     -79.590155,
     43.652057
    ]
   },
   "properties": {
    "id": "toronto-101973",
    "name": "Centennial Park Etobicoke Picnic Site 6 Washroom",
    "location": "Centennial Park - Etobicoke",
    "type": "Washroom Building",
    "address": "256 Centennial Park Rd",
    "hours": "9 a.m. to dusk",
    "details": "Located next to Picnic Site #6.",
    "accessible": null,
    "access": "yes",
    "fee": "no",
    "status": "open",
    "status_reason": null,
    "url": "https://www.toronto.ca/explore-enjoy/parks-recreation/places-spaces/parks-and-recreation-facilities/location/?id=798",
    "source": "City of Toronto Open Data (Park Washroom Facilities)",
    "city_asset_id": "101973"
   }
  },
  {
   "type": "Feature",
   "geometry": {
    "type": "Point",
    "coordinates": [
     -79.3538087,
     43.6312597
    ]
   },
   "properties": {
    "id": "toronto-34605",
    "name": "Toronto Islands - Ward's Island Baseball Diamond Washroom",
    "location": "Toronto Islands - Ward's Island",
    "type": "Washroom Building",
    "address": "1 Centre Island Park",
    "hours": null,
    "details": "Located on Ward's Island east of the baseball diamond in the washroom building.",
    "accessible": "Accessible Stall, Entrance at Grade",
    "access": "yes",
    "fee": "no",
    "status": "open",
    "status_reason": null,
    "url": "https://www.toronto.ca/explore-enjoy/parks-recreation/places-spaces/parks-and-recreation-facilities/location/?id=2039",
    "source": "City of Toronto Open Data (Park Washroom Facilities)",
    "city_asset_id": "34605"
   }
  },
  {
   "type": "Feature",
   "geometry": {
    "type": "Point",
    "coordinates": [
     -79.3758139,
     43.6400842
    ]
   },
   "properties": {
    "id": "toronto-29443",
    "name": "Harbour Square Park Lands Fieldhouse Washroom",
    "location": "Harbour Square Park",
    "type": "Washroom Building",
    "address": "25 Queens Quay W",
    "hours": "9 a.m. to 10 p.m.",
    "details": "Located in fieldhouse southwest of the entrance to the Jack Layton Ferry Terminal.",
    "accessible": "Accessible Stall, Entrance at Grade",
    "access": "yes",
    "fee": "no",
    "status": "open",
    "status_reason": null,
    "url": "https://www.toronto.ca/explore-enjoy/parks-recreation/places-spaces/parks-and-recreation-facilities/location/?id=74",
    "source": "City of Toronto Open Data (Park Washroom Facilities)",
    "city_asset_id": "29443"
   }
  },
  {
   "type": "Feature",
   "geometry": {
    "type": "Point",
    "coordinates": [
     -79.3475447,
     43.6755883
    ]
   },
   "properties": {
    "id": "toronto-29751",
    "name": "Withrow Park North Washroom",
    "location": "Withrow Park",
    "type": "Washroom Building",
    "address": "725 Logan Ave",
    "hours": "9 a.m. to 10 p.m.",
    "details": "Located in the fieldhouse north of the firepit.",
    "accessible": null,
    "access": "yes",
    "fee": "no",
    "status": "open",
    "status_reason": null,
    "url": "https://www.toronto.ca/explore-enjoy/parks-recreation/places-spaces/parks-and-recreation-facilities/location/?id=306",
    "source": "City of Toronto Open Data (Park Washroom Facilities)",
    "city_asset_id": "29751"
   }
  },
  {
   "type": "Feature",
   "geometry": {
    "type": "Point",
    "coordinates": [
     -79.466897,
     43.6451061
    ]
   },
   "properties": {
    "id": "toronto-29509",
    "name": "High Park Upper Hillside Washroom",
    "location": "High Park",
    "type": "Washroom Building",
    "address": "1873 Bloor St  W",
    "hours": "9 a.m. to 10 p.m.",
    "details": "Located on the pathway from the last West Road parking lot.",
    "accessible": "Entrance at Grade",
    "access": "yes",
    "fee": "no",
    "status": "open",
    "status_reason": null,
    "url": "https://www.toronto.ca/explore-enjoy/parks-recreation/places-spaces/parks-and-recreation-facilities/location/?id=77",
    "source": "City of Toronto Open Data (Park Washroom Facilities)",
    "city_asset_id": "29509"
   }
  },
  {
   "type": "Feature",
   "geometry": {
    "type": "Point",
    "coordinates": [
     -79.4045559,
     43.6513412
    ]
   },
   "properties": {
    "id": "toronto-28882",
    "name": "Harry R. Gairey Outdoor Rink Washroom",
    "location": "Alexandra Park",
    "type": "Washroom Building",
    "address": "275 Bathurst St",
    "hours": "View outdoor rink hours",
    "details": "Located in the rink building at the west end of the outdoor ice rinks.",
    "accessible": "Entrance at Grade",
    "access": "yes",
    "fee": "no",
    "status": "closed",
    "status_reason": "Maintenance/Repairs",
    "url": "https://www.toronto.ca/explore-enjoy/parks-recreation/places-spaces/parks-and-recreation-facilities/location/?id=31",
    "source": "City of Toronto Open Data (Park Washroom Facilities)",
    "city_asset_id": "28882"
   }
  },
  {
   "type": "Feature",
   "geometry": {
    "type": "Point",
    "coordinates": [
     -79.5851357,
     43.6533705
    ]
   },
   "properties": {
    "id": "toronto-13016",
    "name": "Centennial Park Rob Ford Stadium Accessible Washrooms",
    "location": "Centennial Park - Etobicoke",
    "type": "Washroom Building",
    "address": "256 Centennial Park Rd",
    "hours": "9 a.m. to 10 p.m.",
    "details": "Located on the west side of Centennial Park Stadium at the south end.",
    "accessible": "Automatic Door Opener",
    "access": "yes",
    "fee": "no",
    "status": "closed",
    "status_reason": "Maintenance/Repairs",
    "url": "https://www.toronto.ca/explore-enjoy/parks-recreation/places-spaces/parks-and-recreation-facilities/location/?id=798",
    "source": "City of Toronto Open Data (Park Washroom Facilities)",
    "city_asset_id": "13016"
   }
  },
  {
   "type": "Feature",
   "geometry": {
    "type": "Point",
    "coordinates": [
     -79.5013004,
     43.6585586
    ]
   },
   "properties": {
    "id": "toronto-29527",
    "name": "Home Smith Park Washroom",
    "location": "Home Smith Park",
    "type": "Washroom Building",
    "address": "4101 Dundas St  W",
    "hours": "9 a.m. to 10 p.m.",
    "details": "Located on the pathway next to Picnic Site #2.",
    "accessible": "Accessible Stall, Entrance at Grade",
    "access": "yes",
    "fee": "no",
    "status": "open",
    "status_reason": null,
    "url": "https://www.toronto.ca/explore-enjoy/parks-recreation/places-spaces/parks-and-recreation-facilities/location/?id=15",
    "source": "City of Toronto Open Data (Park Washroom Facilities)",
    "city_asset_id": "29527"
   }
  },
  {
   "type": "Feature",
   "geometry": {
    "type": "Point",
    "coordinates": [
     -79.497049,
     43.6873137
    ]
   },
   "properties": {
    "id": "toronto-29411",
    "name": "Fergy Brown Park Washroom",
    "location": "Fergy Brown Park",
    "type": "Washroom Building",
    "address": "3700 Eglinton Ave  W",
    "hours": "9 a.m. to 10 p.m.",
    "details": "Located on the pathway south of the parking lot between the cricket pitches.",
    "accessible": "Accessible Stall",
    "access": "yes",
    "fee": "no",
    "status": "open",
    "status_reason": null,
    "url": "https://www.toronto.ca/explore-enjoy/parks-recreation/places-spaces/parks-and-recreation-facilities/location/?id=2288",
    "source": "City of Toronto Open Data (Park Washroom Facilities)",
    "city_asset_id": "29411"
   }
  },
  {
   "type": "Feature",
   "geometry": {
    "type": "Point",
    "coordinates": [
     -79.2839473,
     43.6972194
    ]
   },
   "properties": {
    "id": "toronto-29600",
    "name": "Prairie Drive Park Washroom",
    "location": "Prairie Drive Park",
    "type": "Washroom Building",
    "address": "101 Pharmacy Ave",
    "hours": "9 a.m. to 10 p.m.",
    "details": "Located on the pathway between parking lot and the playground.",
    "accessible": "Entrance at Grade",
    "access": "yes",
    "fee": "no",
    "status": "open",
    "status_reason": null,
    "url": "https://www.toronto.ca/explore-enjoy/parks-recreation/places-spaces/parks-and-recreation-facilities/location/?id=733",
    "source": "City of Toronto Open Data (Park Washroom Facilities)",
    "city_asset_id": "29600"
   }
  },
  {
   "type": "Feature",
   "geometry": {
    "type": "Point",
    "coordinates": [
     -79.4093125,
     43.6427686
    ]
   },
   "properties": {
    "id": "toronto-29644",
    "name": "Stanley Park North Toronto Playground Washroom",
    "location": "Stanley Park North - Toronto",
    "type": "Washroom Building",
    "address": "890 King St  W",
    "hours": "9 a.m. to 10 p.m.",
    "details": "Located near the King Street entrance, next to the playground.",
    "accessible": "Accessible Stall, Entrance at Grade",
    "access": "yes",
    "fee": "no",
    "status": "open",
    "status_reason": null,
    "url": "https://www.toronto.ca/explore-enjoy/parks-recreation/places-spaces/parks-and-recreation-facilities/location/?id=212",
    "source": "City of Toronto Open Data (Park Washroom Facilities)",
    "city_asset_id": "29644"
   }
  },
  {
   "type": "Feature",
   "geometry": {
    "type": "Point",
    "coordinates": [
     -79.2927909,
     43.6941164
    ]
   },
   "properties": {
    "id": "toronto-29356",
    "name": "Dentonia Park Washroom",
    "location": "Dentonia Park",
    "type": "Washroom Building",
    "address": "80 Thyra Ave",
    "hours": "9 a.m. to 10 p.m.",
    "details": "Located on the west basketball court, north of the baseball diamond.",
    "accessible": null,
    "access": "yes",
    "fee": "no",
    "status": "open",
    "status_reason": null,
    "url": "https://www.toronto.ca/explore-enjoy/parks-recreation/places-spaces/parks-and-recreation-facilities/location/?id=1057",
    "source": "City of Toronto Open Data (Park Washroom Facilities)",
    "city_asset_id": "29356"
   }
  },
  {
   "type": "Feature",
   "geometry": {
    "type": "Point",
    "coordinates": [
     -79.3888835,
     43.6121208
    ]
   },
   "properties": {
    "id": "toronto-29441",
    "name": "Toronto Islands - Gibraltar Point Washroom",
    "location": "Toronto Islands - Hanlan's Point",
    "type": "Washroom Building",
    "address": "9 Queens Quay  W",
    "hours": null,
    "details": "Located on the pathway near the water's edge at Gibraltar Point.",
    "accessible": "Accessible Stall, Entrance Access Ramp, Automatic Door Opener, Child Change Table",
    "access": "yes",
    "fee": "no",
    "status": "open",
    "status_reason": null,
    "url": "https://www.toronto.ca/explore-enjoy/parks-recreation/places-spaces/parks-and-recreation-facilities/location/?id=2541",
    "source": "City of Toronto Open Data (Park Washroom Facilities)",
    "city_asset_id": "29441"
   }
  },
  {
   "type": "Feature",
   "geometry": {
    "type": "Point",
    "coordinates": [
     -79.2550608,
     43.7590742
    ]
   },
   "properties": {
    "id": "toronto-29660",
    "name": "Thomson Memorial Park North Washroom",
    "location": "Thomson Memorial Park",
    "type": "Washroom Building",
    "address": "1005 Brimley Rd",
    "hours": "9 a.m. to 10 p.m.",
    "details": "Located in the north washroom building of the park.",
    "accessible": null,
    "access": "yes",
    "fee": "no",
    "status": "open",
    "status_reason": null,
    "url": "https://www.toronto.ca/explore-enjoy/parks-recreation/places-spaces/parks-and-recreation-facilities/location/?id=543",
    "source": "City of Toronto Open Data (Park Washroom Facilities)",
    "city_asset_id": "29660"
   }
  },
  {
   "type": "Feature",
   "geometry": {
    "type": "Point",
    "coordinates": [
     -79.5682904,
     43.6828133
    ]
   },
   "properties": {
    "id": "toronto-5472",
    "name": "Westgrove Park Outdoor Pool Washroom",
    "location": "Westgrove Park Outdoor Pool",
    "type": "Washroom Building",
    "address": "15 Redgrave Dr",
    "hours": "View outdoor pool hours",
    "details": "Located at the north end of the pool near Redgrave Drive.",
    "accessible": null,
    "access": "yes",
    "fee": "no",
    "status": "open",
    "status_reason": null,
    "url": "https://www.toronto.ca/explore-enjoy/parks-recreation/places-spaces/parks-and-recreation-facilities/location/?id=900",
    "source": "City of Toronto Open Data (Park Washroom Facilities)",
    "city_asset_id": "5472"
   }
  },
  {
   "type": "Feature",
   "geometry": {
    "type": "Point",
    "coordinates": [
     -79.5669502,
     43.6423755
    ]
   },
   "properties": {
    "id": "toronto-6324",
    "name": "West Mall Outdoor Pool Washroom",
    "location": "West Mall Outdoor Pool",
    "type": "Washroom Building",
    "address": "380 The West Mall",
    "hours": "View outdoor pool hours",
    "details": "Located on the west side of the pool, north fo the parking lot.",
    "accessible": null,
    "access": "yes",
    "fee": "no",
    "status": "open",
    "status_reason": null,
    "url": "https://www.toronto.ca/explore-enjoy/parks-recreation/places-spaces/parks-and-recreation-facilities/location/?id=2642",
    "source": "City of Toronto Open Data (Park Washroom Facilities)",
    "city_asset_id": "6324"
   }
  },
  {
   "type": "Feature",
   "geometry": {
    "type": "Point",
    "coordinates": [
     -79.5953585,
     43.7486384
    ]
   },
   "properties": {
    "id": "toronto-6107",
    "name": "Smithfield Park Outdoor Pool Washroom",
    "location": "Smithfield Park Outdoor Pool",
    "type": "Washroom Building",
    "address": "175 Mount Olive Dr",
    "hours": "View outdoor pool hours",
    "details": "Located on the east side of the outdoor pool near Mount Olive Drive.",
    "accessible": null,
    "access": "yes",
    "fee": "no",
    "status": "open",
    "status_reason": null,
    "url": "https://www.toronto.ca/explore-enjoy/parks-recreation/places-spaces/parks-and-recreation-facilities/location/?id=869",
    "source": "City of Toronto Open Data (Park Washroom Facilities)",
    "city_asset_id": "6107"
   }
  },
  {
   "type": "Feature",
   "geometry": {
    "type": "Point",
    "coordinates": [
     -79.5076363,
     43.5953065
    ]
   },
   "properties": {
    "id": "toronto-6157",
    "name": "Rotary Peace Park Outdoor Pool  Washroom",
    "location": "Rotary Peace Park Outdoor Pool",
    "type": "Washroom Building",
    "address": "25 Eleventh St",
    "hours": "9 a.m. to 10 p.m.",
    "details": "Located on the west side of the outdoor pool near Eleventh Street.",
    "accessible": null,
    "access": "yes",
    "fee": "no",
    "status": "open",
    "status_reason": null,
    "url": "https://www.toronto.ca/explore-enjoy/parks-recreation/places-spaces/parks-and-recreation-facilities/location/?id=909",
    "source": "City of Toronto Open Data (Park Washroom Facilities)",
    "city_asset_id": "6157"
   }
  },
  {
   "type": "Feature",
   "geometry": {
    "type": "Point",
    "coordinates": [
     -79.5454437,
     43.6818509
    ]
   },
   "properties": {
    "id": "toronto-6126",
    "name": "Richmond Gardens Outdoor Pool Washroom",
    "location": "Richmond Gardens Pool",
    "type": "Washroom Building",
    "address": "44 Strathdee Dr",
    "hours": "View outdoor pool hours",
    "details": "Located at the south end of the outdoor pool.",
    "accessible": null,
    "access": "yes",
    "fee": "no",
    "status": "open",
    "status_reason": null,
    "url": "https://www.toronto.ca/explore-enjoy/parks-recreation/places-spaces/parks-and-recreation-facilities/location/?id=877",
    "source": "City of Toronto Open Data (Park Washroom Facilities)",
    "city_asset_id": "6126"
   }
  },
  {
   "type": "Feature",
   "geometry": {
    "type": "Point",
    "coordinates": [
     -79.5446035,
     43.712475
    ]
   },
   "properties": {
    "id": "toronto-6191",
    "name": "Pine Point Park Outdoor Pool Washroom",
    "location": "Pine Point Park Outdoor Pool",
    "type": "Washroom Building",
    "address": "15 Grierson Rd",
    "hours": "View outdoor pool hours",
    "details": "Located in the pool building on the south end of the outdoor pool.",
    "accessible": null,
    "access": "yes",
    "fee": "no",
    "status": "open",
    "status_reason": null,
    "url": "https://www.toronto.ca/explore-enjoy/parks-recreation/places-spaces/parks-and-recreation-facilities/location/?id=859",
    "source": "City of Toronto Open Data (Park Washroom Facilities)",
    "city_asset_id": "6191"
   }
  },
  {
   "type": "Feature",
   "geometry": {
    "type": "Point",
    "coordinates": [
     -79.5086529,
     43.6165183
    ]
   },
   "properties": {
    "id": "toronto-6206",
    "name": "Ourland Park Outdoor Pool Washroom",
    "location": "Ourland Park Outdoor Pool",
    "type": "Washroom Building",
    "address": "36 Ourland Ave",
    "hours": "View outdoor pool hours",
    "details": "Located on the east side of the outdoor pool.",
    "accessible": null,
    "access": "yes",
    "fee": "no",
    "status": "open",
    "status_reason": null,
    "url": "https://www.toronto.ca/explore-enjoy/parks-recreation/places-spaces/parks-and-recreation-facilities/location/?id=857",
    "source": "City of Toronto Open Data (Park Washroom Facilities)",
    "city_asset_id": "6206"
   }
  },
  {
   "type": "Feature",
   "geometry": {
    "type": "Point",
    "coordinates": [
     -79.3256873,
     43.6773284
    ]
   },
   "properties": {
    "id": "toronto-5404",
    "name": "Monarch Park Outdoor Pool / Rink Washroom",
    "location": "Monarch Park",
    "type": "Washroom Building",
    "address": "115 Felstead Ave",
    "hours": "View facility hours",
    "details": "Located in the outdoor pool and rink building.",
    "accessible": null,
    "access": "yes",
    "fee": "no",
    "status": "open",
    "status_reason": null,
    "url": "https://www.toronto.ca/explore-enjoy/parks-recreation/places-spaces/parks-and-recreation-facilities/location/?id=145",
    "source": "City of Toronto Open Data (Park Washroom Facilities)",
    "city_asset_id": "5404"
   }
  },
  {
   "type": "Feature",
   "geometry": {
    "type": "Point",
    "coordinates": [
     -79.2485575,
     43.7436273
    ]
   },
   "properties": {
    "id": "toronto-5511",
    "name": "Knob Hill Park Outdoor Pool Washroom",
    "location": "Knob Hill Park",
    "type": "Washroom Building",
    "address": "625 Brimley Rd",
    "hours": "View outdoor pool hours",
    "details": "Located on the south side of the outdoor pool.",
    "accessible": null,
    "access": "yes",
    "fee": "no",
    "status": "open",
    "status_reason": null,
    "url": "https://www.toronto.ca/explore-enjoy/parks-recreation/places-spaces/parks-and-recreation-facilities/location/?id=690",
    "source": "City of Toronto Open Data (Park Washroom Facilities)",
    "city_asset_id": "5511"
   }
  },
  {
   "type": "Feature",
   "geometry": {
    "type": "Point",
    "coordinates": [
     -79.3297139,
     43.6694859
    ]
   },
   "properties": {
    "id": "toronto-5675",
    "name": "Greenwood Park Outdoor Pool / Rink Washroom",
    "location": "Greenwood Park",
    "type": "Washroom Building",
    "address": "150 Greenwood Ave",
    "hours": "View facility hours",
    "details": "Located in the outdoor pool and rink building.",
    "accessible": null,
    "access": "yes",
    "fee": "no",
    "status": "open",
    "status_reason": null,
    "url": "https://www.toronto.ca/explore-enjoy/parks-recreation/places-spaces/parks-and-recreation-facilities/location/?id=70",
    "source": "City of Toronto Open Data (Park Washroom Facilities)",
    "city_asset_id": "5675"
   }
  },
  {
   "type": "Feature",
   "geometry": {
    "type": "Point",
    "coordinates": [
     -79.5914493,
     43.7212365
    ]
   },
   "properties": {
    "id": "toronto-5720",
    "name": "Flagstaff Park Outdoor Pool Washroom",
    "location": "Flagstaff Park Outdoor Pool",
    "type": "Washroom Building",
    "address": "42 Mercury Rd",
    "hours": "View outdoor pool hours",
    "details": "Located at the west end of the pool, between the playground and the parking lot.",
    "accessible": null,
    "access": "yes",
    "fee": "no",
    "status": "open",
    "status_reason": null,
    "url": "https://www.toronto.ca/explore-enjoy/parks-recreation/places-spaces/parks-and-recreation-facilities/location/?id=963",
    "source": "City of Toronto Open Data (Park Washroom Facilities)",
    "city_asset_id": "5720"
   }
  },
  {
   "type": "Feature",
   "geometry": {
    "type": "Point",
    "coordinates": [
     -79.5471408,
     43.7032609
    ]
   },
   "properties": {
    "id": "toronto-5730",
    "name": "Fairhaven Park Outdoor Pool Washroom",
    "location": "Fairhaven Park Outdoor Pool Building",
    "type": "Washroom Building",
    "address": "100 Golfwood Hts",
    "hours": "View outdoor pool hours",
    "details": "Located at the east end of the pool.",
    "accessible": null,
    "access": "yes",
    "fee": "no",
    "status": "open",
    "status_reason": null,
    "url": "https://www.toronto.ca/explore-enjoy/parks-recreation/places-spaces/parks-and-recreation-facilities/location/?id=1007",
    "source": "City of Toronto Open Data (Park Washroom Facilities)",
    "city_asset_id": "5730"
   }
  },
  {
   "type": "Feature",
   "geometry": {
    "type": "Point",
    "coordinates": [
     -79.5817096,
     43.6627296
    ]
   },
   "properties": {
    "id": "toronto-5745",
    "name": "Eringate Park Outdoor Pool Washroom",
    "location": "Eringate Park Outdoor Pool",
    "type": "Washroom Building",
    "address": "121 Wellesworth Dr",
    "hours": "View outdoor pool hours",
    "details": "Located at the north end of the outdoor pool near the playground.",
    "accessible": null,
    "access": "yes",
    "fee": "no",
    "status": "open",
    "status_reason": null,
    "url": "https://www.toronto.ca/explore-enjoy/parks-recreation/places-spaces/parks-and-recreation-facilities/location/?id=840",
    "source": "City of Toronto Open Data (Park Washroom Facilities)",
    "city_asset_id": "5745"
   }
  },
  {
   "type": "Feature",
   "geometry": {
    "type": "Point",
    "coordinates": [
     -79.4879145,
     43.6130486
    ]
   },
   "properties": {
    "id": "toronto-5976",
    "name": "Amos Waites Park Outdoor Pool Washroom",
    "location": "Amos Waites Park",
    "type": "Washroom Building",
    "address": "2441 Lake Shore Blvd  W",
    "hours": "View outdoor pool hours",
    "details": "Located in the outdoor pool changing rooms.",
    "accessible": null,
    "access": "yes",
    "fee": "no",
    "status": "open",
    "status_reason": null,
    "url": "https://www.toronto.ca/explore-enjoy/parks-recreation/places-spaces/parks-and-recreation-facilities/location/?id=939",
    "source": "City of Toronto Open Data (Park Washroom Facilities)",
    "city_asset_id": "5976"
   }
  },
  {
   "type": "Feature",
   "geometry": {
    "type": "Point",
    "coordinates": [
     -79.4058681,
     43.7273412
    ]
   },
   "properties": {
    "id": "toronto-29755",
    "name": "Woburn Avenue Playground Washroom",
    "location": "Woburn Avenue Playground",
    "type": "Washroom Building",
    "address": "75 Woburn Ave",
    "hours": "9 a.m. to 10 p.m.",
    "details": "Located south of the playground.",
    "accessible": "Accessible Stall, Entrance at Grade, Child Change Table",
    "access": "yes",
    "fee": "no",
    "status": "open",
    "status_reason": null,
    "url": "https://www.toronto.ca/explore-enjoy/parks-recreation/places-spaces/parks-and-recreation-facilities/location/?id=445",
    "source": "City of Toronto Open Data (Park Washroom Facilities)",
    "city_asset_id": "29755"
   }
  },
  {
   "type": "Feature",
   "geometry": {
    "type": "Point",
    "coordinates": [
     -79.3150435,
     43.698372
    ]
   },
   "properties": {
    "id": "toronto-2104",
    "name": "Stan Wadlow Park Washroom",
    "location": "Stan  Wadlow Park",
    "type": "Accessible Washroom",
    "address": "888 Cosburn Ave",
    "hours": "9 a.m. to 10 p.m.",
    "details": "Located on the north side of the Clubhouse, entrance from the outside.",
    "accessible": "Entrance at Grade, Powered Door Opener, Child Change Table",
    "access": "yes",
    "fee": "no",
    "status": "open",
    "status_reason": null,
    "url": "https://www.toronto.ca/explore-enjoy/parks-recreation/places-spaces/parks-and-recreation-facilities/location/?id=421",
    "source": "City of Toronto Open Data (Park Washroom Facilities)",
    "city_asset_id": "2104"
   }
  },
  {
   "type": "Feature",
   "geometry": {
    "type": "Point",
    "coordinates": [
     -79.5054628,
     43.7581364
    ]
   },
   "properties": {
    "id": "toronto-29359",
    "name": "Derrydowns Park Washroom",
    "location": "Derrydowns Park",
    "type": "Washroom Building",
    "address": "271 Derrydown Rd",
    "hours": "9 a.m. to 10 p.m.",
    "details": "Located on the pathway south of the parking lot.",
    "accessible": "Accessible Stall, Entrance at Grade",
    "access": "yes",
    "fee": "no",
    "status": "open",
    "status_reason": null,
    "url": "https://www.toronto.ca/explore-enjoy/parks-recreation/places-spaces/parks-and-recreation-facilities/location/?id=5",
    "source": "City of Toronto Open Data (Park Washroom Facilities)",
    "city_asset_id": "29359"
   }
  },
  {
   "type": "Feature",
   "geometry": {
    "type": "Point",
    "coordinates": [
     -79.2981996,
     43.6665355
    ]
   },
   "properties": {
    "id": "toronto-32883",
    "name": "Kew Gardens Outdoor Rink Washroom",
    "location": "Kew Gardens",
    "type": "Washroom Building",
    "address": "2075 Queen St  E",
    "hours": "View outdoor rink hours",
    "details": "Located in the fieldhouse along the boardwalk next to the outdoor ice rink.",
    "accessible": null,
    "access": "yes",
    "fee": "no",
    "status": "open",
    "status_reason": null,
    "url": "https://www.toronto.ca/explore-enjoy/parks-recreation/places-spaces/parks-and-recreation-facilities/location/?id=107",
    "source": "City of Toronto Open Data (Park Washroom Facilities)",
    "city_asset_id": "32883"
   }
  },
  {
   "type": "Feature",
   "geometry": {
    "type": "Point",
    "coordinates": [
     -79.4314429,
     43.6912791
    ]
   },
   "properties": {
    "id": "toronto-1908",
    "name": "Phil White Arena Washroom",
    "location": "Cedarvale Park",
    "type": "Washroom Building",
    "address": "443 Arlington Ave",
    "hours": "9 a.m. to 10 p.m.",
    "details": "Entrance is located on the outside of Phil White Arena.",
    "accessible": null,
    "access": "yes",
    "fee": "no",
    "status": "closed",
    "status_reason": "Maintenance/Repairs",
    "url": "https://www.toronto.ca/explore-enjoy/parks-recreation/places-spaces/parks-and-recreation-facilities/location/?id=629",
    "source": "City of Toronto Open Data (Park Washroom Facilities)",
    "city_asset_id": "1908"
   }
  },
  {
   "type": "Feature",
   "geometry": {
    "type": "Point",
    "coordinates": [
     -79.4240874,
     43.6765813
    ]
   },
   "properties": {
    "id": "toronto-29524",
    "name": "Hillcrest Park Washroom",
    "location": "Hillcrest Park",
    "type": "Washroom Building",
    "address": "950 Davenport Rd",
    "hours": "9 a.m. to 10 p.m.",
    "details": "Located on the north side of the park next to the dog off-leash area and the community garden.",
    "accessible": null,
    "access": "yes",
    "fee": "no",
    "status": "closed",
    "status_reason": "Maintenance/Repairs",
    "url": "https://www.toronto.ca/explore-enjoy/parks-recreation/places-spaces/parks-and-recreation-facilities/location/?id=79",
    "source": "City of Toronto Open Data (Park Washroom Facilities)",
    "city_asset_id": "29524"
   }
  },
  {
   "type": "Feature",
   "geometry": {
    "type": "Point",
    "coordinates": [
     -79.4163433,
     43.6823371
    ]
   },
   "properties": {
    "id": "toronto-29729",
    "name": "Wells Hill Park Washroom",
    "location": "Wells Hill Park",
    "type": "Washroom Building",
    "address": "145 Hilton Ave",
    "hours": "9 a.m. to 10 p.m.",
    "details": "Located in the southwest area of the park next to the playground.",
    "accessible": "Accessible Stall, Entrance at Grade, Entrance Access Ramp",
    "access": "yes",
    "fee": "no",
    "status": "open",
    "status_reason": null,
    "url": "https://www.toronto.ca/explore-enjoy/parks-recreation/places-spaces/parks-and-recreation-facilities/location/?id=393",
    "source": "City of Toronto Open Data (Park Washroom Facilities)",
    "city_asset_id": "29729"
   }
  },
  {
   "type": "Feature",
   "geometry": {
    "type": "Point",
    "coordinates": [
     -79.3530026,
     43.7214094
    ]
   },
   "properties": {
    "id": "toronto-32745",
    "name": "Wilket Creek Park Washroom",
    "location": "Wilket Creek Park",
    "type": "Washroom Building",
    "address": "1100 Leslie St",
    "hours": "9 a.m. to 10 p.m.",
    "details": "Located in the washroom building along main park road 0.5 km from Leslie Street.",
    "accessible": null,
    "access": "yes",
    "fee": "no",
    "status": "open",
    "status_reason": null,
    "url": "https://www.toronto.ca/explore-enjoy/parks-recreation/places-spaces/parks-and-recreation-facilities/location/?id=492",
    "source": "City of Toronto Open Data (Park Washroom Facilities)",
    "city_asset_id": "32745"
   }
  },
  {
   "type": "Feature",
   "geometry": {
    "type": "Point",
    "coordinates": [
     -79.4515653,
     43.6741447
    ]
   },
   "properties": {
    "id": "toronto-29388",
    "name": "Earlscourt Park Washroom",
    "location": "Earlscourt Park",
    "type": "Washroom Building",
    "address": "1200 Lansdowne Ave",
    "hours": "9 a.m. to 10 p.m.",
    "details": "Located in the building next to the splash pad.",
    "accessible": "Accessible Stall, Entrance Access Ramp",
    "access": "yes",
    "fee": "no",
    "status": "open",
    "status_reason": null,
    "url": "https://www.toronto.ca/explore-enjoy/parks-recreation/places-spaces/parks-and-recreation-facilities/location/?id=514",
    "source": "City of Toronto Open Data (Park Washroom Facilities)",
    "city_asset_id": "29388"
   }
  },
  {
   "type": "Feature",
   "geometry": {
    "type": "Point",
    "coordinates": [
     -79.3736826,
     43.6232958
    ]
   },
   "properties": {
    "id": "toronto-29705",
    "name": "Toronto Islands - Olympic Island Park Washroom",
    "location": "Toronto Islands - Olympic Island Park",
    "type": "Washroom Building",
    "address": "9 Queens Quay  W",
    "hours": null,
    "details": "Located along the pathway, in the pavillion on the north side of the island.",
    "accessible": null,
    "access": "yes",
    "fee": "no",
    "status": "open",
    "status_reason": null,
    "url": "https://www.toronto.ca/explore-enjoy/parks-recreation/places-spaces/parks-and-recreation-facilities/location/?id=2543",
    "source": "City of Toronto Open Data (Park Washroom Facilities)",
    "city_asset_id": "29705"
   }
  },
  {
   "type": "Feature",
   "geometry": {
    "type": "Point",
    "coordinates": [
     -79.3043405,
     43.8033069
    ]
   },
   "properties": {
    "id": "toronto-13850",
    "name": "L'Amoreaux Sports Centre Washroom",
    "location": "L'Amoreaux Sports Centre",
    "type": "Washroom Building",
    "address": "100 Silver Springs Blvd",
    "hours": "9 a.m. to 10 p.m.",
    "details": "Located on the pathway between the soccer fields and the baseball diamonds.",
    "accessible": null,
    "access": "yes",
    "fee": "no",
    "status": "open",
    "status_reason": null,
    "url": "https://www.toronto.ca/explore-enjoy/parks-recreation/places-spaces/parks-and-recreation-facilities/location/?id=698",
    "source": "City of Toronto Open Data (Park Washroom Facilities)",
    "city_asset_id": "13850"
   }
  },
  {
   "type": "Feature",
   "geometry": {
    "type": "Point",
    "coordinates": [
     -79.3725951,
     43.6166911
    ]
   },
   "properties": {
    "id": "toronto-29698",
    "name": "Toronto Islands - Centre Island West Pier Washroom",
    "location": "Toronto Islands - Centre Island",
    "type": "Washroom Building",
    "address": "9 Queens Quay  W",
    "hours": null,
    "details": "Located in the building on the west side of the entrance to the pier.",
    "accessible": "Accessible Stall, Entrance at Grade",
    "access": "yes",
    "fee": "no",
    "status": "open",
    "status_reason": null,
    "url": "https://www.toronto.ca/explore-enjoy/parks-recreation/places-spaces/parks-and-recreation-facilities/location/?id=2725",
    "source": "City of Toronto Open Data (Park Washroom Facilities)",
    "city_asset_id": "29698"
   }
  },
  {
   "type": "Feature",
   "geometry": {
    "type": "Point",
    "coordinates": [
     -79.258653,
     43.7022395
    ]
   },
   "properties": {
    "id": "toronto-29521",
    "name": "Highview Park Washroom",
    "location": "Highview Park",
    "type": "Washroom Building",
    "address": "150 Highview Ave",
    "hours": "9 a.m. to 10 p.m.",
    "details": "Located on the pathway between the baseball diamond and the wading pool.",
    "accessible": "Accessible Stall, Entrance at Grade, Automatic Door Opener",
    "access": "yes",
    "fee": "no",
    "status": "open",
    "status_reason": null,
    "url": "https://www.toronto.ca/explore-enjoy/parks-recreation/places-spaces/parks-and-recreation-facilities/location/?id=676",
    "source": "City of Toronto Open Data (Park Washroom Facilities)",
    "city_asset_id": "29521"
   }
  },
  {
   "type": "Feature",
   "geometry": {
    "type": "Point",
    "coordinates": [
     -79.349885,
     43.6458308
    ]
   },
   "properties": {
    "id": "toronto-1001025",
    "name": "Old Fire Hall 30 Park Washroom",
    "location": "Old Fire Hall 30",
    "type": "Universal Washroom, All-Gender Washroom, Accessible Washroom",
    "address": "31 Commissioners St",
    "hours": "9 a.m. to 10 p.m.",
    "details": "Entrance is located on the outside of the Community Recreation Centre.",
    "accessible": "Accessible Stall, Entrance at Grade, Adult Change Table, Automatic Door Opener",
    "access": "yes",
    "fee": "no",
    "status": "open",
    "status_reason": null,
    "url": "https://www.toronto.ca/explore-enjoy/parks-recreation/places-spaces/parks-and-recreation-facilities/location/?id=3861",
    "source": "City of Toronto Open Data (Park Washroom Facilities)",
    "city_asset_id": "1001025"
   }
  },
  {
   "type": "Feature",
   "geometry": {
    "type": "Point",
    "coordinates": [
     -79.4099283,
     43.7687274
    ]
   },
   "properties": {
    "id": "toronto-59947",
    "name": "Lee Lifeson Art Park Washroom",
    "location": "Lee Lifeson Art Park",
    "type": "Washroom Building",
    "address": "45 Princess Ave",
    "hours": null,
    "details": "Located in the building at the top of the amphitheatre.",
    "accessible": "Automatic Door Opener",
    "access": "yes",
    "fee": "no",
    "status": "closed",
    "status_reason": "Planned Closure",
    "url": "https://www.toronto.ca/explore-enjoy/parks-recreation/places-spaces/parks-and-recreation-facilities/location/?id=3555",
    "source": "City of Toronto Open Data (Park Washroom Facilities)",
    "city_asset_id": "59947"
   }
  },
  {
   "type": "Feature",
   "geometry": {
    "type": "Point",
    "coordinates": [
     -79.3758735,
     43.6178081
    ]
   },
   "properties": {
    "id": "toronto-29695",
    "name": "Toronto Islands - Centre Island Washroom",
    "location": "Toronto Islands - Centre Island",
    "type": "Washroom Building",
    "address": "1 Centre Island Park",
    "hours": null,
    "details": "Located east of the maze.",
    "accessible": null,
    "access": "yes",
    "fee": "no",
    "status": "open",
    "status_reason": null,
    "url": "https://www.toronto.ca/explore-enjoy/parks-recreation/places-spaces/parks-and-recreation-facilities/location/?id=2725",
    "source": "City of Toronto Open Data (Park Washroom Facilities)",
    "city_asset_id": "29695"
   }
  },
  {
   "type": "Feature",
   "geometry": {
    "type": "Point",
    "coordinates": [
     -79.5853607,
     43.6537937
    ]
   },
   "properties": {
    "id": "toronto-34993",
    "name": "Centennial Park Rob Ford Stadium Women's North Washroom",
    "location": "Centennial Park - Etobicoke",
    "type": "Washroom Building",
    "address": "256 Centennial Park Rd",
    "hours": "9 a.m. to 10 p.m.",
    "details": "Located on the west side of Centennial Park Stadium at the north end.",
    "accessible": null,
    "access": "yes",
    "fee": "no",
    "status": "open",
    "status_reason": null,
    "url": "https://www.toronto.ca/explore-enjoy/parks-recreation/places-spaces/parks-and-recreation-facilities/location/?id=798",
    "source": "City of Toronto Open Data (Park Washroom Facilities)",
    "city_asset_id": "34993"
   }
  },
  {
   "type": "Feature",
   "geometry": {
    "type": "Point",
    "coordinates": [
     -79.5851583,
     43.6534078
    ]
   },
   "properties": {
    "id": "toronto-34992",
    "name": "Centennial Park Rob Ford Stadium Men's South Washroom",
    "location": "Centennial Park - Etobicoke",
    "type": "Washroom Building",
    "address": "256 Centennial Park Rd",
    "hours": "9 a.m. to 10 p.m.",
    "details": "Located on the west side of Centennial Park Stadium at the south end.",
    "accessible": null,
    "access": "yes",
    "fee": "no",
    "status": "open",
    "status_reason": null,
    "url": "https://www.toronto.ca/explore-enjoy/parks-recreation/places-spaces/parks-and-recreation-facilities/location/?id=798",
    "source": "City of Toronto Open Data (Park Washroom Facilities)",
    "city_asset_id": "34992"
   }
  },
  {
   "type": "Feature",
   "geometry": {
    "type": "Point",
    "coordinates": [
     -79.2601988,
     43.7265729
    ]
   },
   "properties": {
    "id": "toronto-29347",
    "name": "Corvette Park Washroom",
    "location": "Corvette Park",
    "type": "Washroom Building",
    "address": "40 Corvette Ave",
    "hours": "9 a.m. to 10 p.m.",
    "details": "Located on the grassy area behind the baseball diamond besdie Corvette Avenue.",
    "accessible": "Entrance at Grade",
    "access": "yes",
    "fee": "no",
    "status": "open",
    "status_reason": null,
    "url": "https://www.toronto.ca/explore-enjoy/parks-recreation/places-spaces/parks-and-recreation-facilities/location/?id=576",
    "source": "City of Toronto Open Data (Park Washroom Facilities)",
    "city_asset_id": "29347"
   }
  },
  {
   "type": "Feature",
   "geometry": {
    "type": "Point",
    "coordinates": [
     -79.1468689,
     43.7921793
    ]
   },
   "properties": {
    "id": "toronto-29265",
    "name": "Adams Park West Fieldhouse Washroom",
    "location": "Adams Park",
    "type": "Washroom Building",
    "address": "2 Rozell Rd",
    "hours": "9 a.m. to 10 p.m.",
    "details": "Located on the pathway west of the splash pad.",
    "accessible": null,
    "access": "yes",
    "fee": "no",
    "status": "open",
    "status_reason": null,
    "url": "https://www.toronto.ca/explore-enjoy/parks-recreation/places-spaces/parks-and-recreation-facilities/location/?id=522",
    "source": "City of Toronto Open Data (Park Washroom Facilities)",
    "city_asset_id": "29265"
   }
  },
  {
   "type": "Feature",
   "geometry": {
    "type": "Point",
    "coordinates": [
     -79.2374547,
     43.7344671
    ]
   },
   "properties": {
    "id": "toronto-60142",
    "name": "McCowan District Park Outdoor Rink Washroom",
    "location": "McCowan District Park",
    "type": "Washroom Building",
    "address": "150 Mccowan Rd",
    "hours": "9 a.m. to 10 p.m.",
    "details": "Entrance is located on the outside of the outdoor ice rink building.",
    "accessible": null,
    "access": "yes",
    "fee": "no",
    "status": "open",
    "status_reason": null,
    "url": "https://www.toronto.ca/explore-enjoy/parks-recreation/places-spaces/parks-and-recreation-facilities/location/?id=1500",
    "source": "City of Toronto Open Data (Park Washroom Facilities)",
    "city_asset_id": "60142"
   }
  },
  {
   "type": "Feature",
   "geometry": {
    "type": "Point",
    "coordinates": [
     -79.3894705,
     43.6244517
    ]
   },
   "properties": {
    "id": "toronto-29440",
    "name": "Toronto Islands - Hanlan's Point Picnic Area Washroom",
    "location": "Toronto Islands - Hanlan's Point",
    "type": "Washroom Building",
    "address": "9 Queens Quay  W",
    "hours": null,
    "details": "Located on the pathway east of the picnic areas, south of the Hanlan's Point ferry docks.",
    "accessible": "Accessible Stall, Entrance at Grade, Child Change Table",
    "access": "yes",
    "fee": "no",
    "status": "open",
    "status_reason": null,
    "url": "https://www.toronto.ca/explore-enjoy/parks-recreation/places-spaces/parks-and-recreation-facilities/location/?id=2541",
    "source": "City of Toronto Open Data (Park Washroom Facilities)",
    "city_asset_id": "29440"
   }
  },
  {
   "type": "Feature",
   "geometry": {
    "type": "Point",
    "coordinates": [
     -79.2803214,
     43.7476394
    ]
   },
   "properties": {
    "id": "toronto-13052",
    "name": "McGregor Park Community Centre Washroom",
    "location": "McGregor Park Community Centre",
    "type": "Washroom Building",
    "address": "2231 Lawrence Ave  E",
    "hours": "View centre hours",
    "details": "Located in the Community Centre.",
    "accessible": null,
    "access": "yes",
    "fee": "no",
    "status": "open",
    "status_reason": null,
    "url": "https://www.toronto.ca/explore-enjoy/parks-recreation/places-spaces/parks-and-recreation-facilities/location/?id=506",
    "source": "City of Toronto Open Data (Park Washroom Facilities)",
    "city_asset_id": "13052"
   }
  },
  {
   "type": "Feature",
   "geometry": {
    "type": "Point",
    "coordinates": [
     -79.3922362,
     43.676189
    ]
   },
   "properties": {
    "id": "toronto-28895",
    "name": "Ramsden Park Outdoor Rink Washroom",
    "location": "Ramsden Park",
    "type": "Washroom Building",
    "address": "1020 Yonge St",
    "hours": "9 a.m. to 10 p.m.",
    "details": "Located at the west end of the outdoor ice rink.",
    "accessible": null,
    "access": "yes",
    "fee": "no",
    "status": "open",
    "status_reason": null,
    "url": "https://www.toronto.ca/explore-enjoy/parks-recreation/places-spaces/parks-and-recreation-facilities/location/?id=167",
    "source": "City of Toronto Open Data (Park Washroom Facilities)",
    "city_asset_id": "28895"
   }
  },
  {
   "type": "Feature",
   "geometry": {
    "type": "Point",
    "coordinates": [
     -79.5778917,
     43.75219
    ]
   },
   "properties": {
    "id": "toronto-29622",
    "name": "Rowntree Mills Park Washroom",
    "location": "Rowntree Mills Park",
    "type": "Washroom Building",
    "address": "155 Rowntree Mill Rd",
    "hours": "9 a.m. to 10 p.m.",
    "details": "Located on a pathway between Rowntree Mill Road and the second parking lot.",
    "accessible": "Accessible Stall, Entrance at Grade",
    "access": "yes",
    "fee": "no",
    "status": "open",
    "status_reason": null,
    "url": "https://www.toronto.ca/explore-enjoy/parks-recreation/places-spaces/parks-and-recreation-facilities/location/?id=22",
    "source": "City of Toronto Open Data (Park Washroom Facilities)",
    "city_asset_id": "29622"
   }
  },
  {
   "type": "Feature",
   "geometry": {
    "type": "Point",
    "coordinates": [
     -79.4136904,
     43.6495433
    ]
   },
   "properties": {
    "id": "toronto-29716",
    "name": "Trinity Bellwoods Park North Baseball Diamond Washroom",
    "location": "Trinity Bellwoods Park",
    "type": "Washroom Building",
    "address": "790 Queen St  W",
    "hours": "9 a.m. to 10 p.m.",
    "details": "Located on the pathway north of the outdoor ice rink.",
    "accessible": "Accessible Stall, Entrance at Grade, Child Change Table",
    "access": "yes",
    "fee": "no",
    "status": "open",
    "status_reason": null,
    "url": "https://www.toronto.ca/explore-enjoy/parks-recreation/places-spaces/parks-and-recreation-facilities/location/?id=241",
    "source": "City of Toronto Open Data (Park Washroom Facilities)",
    "city_asset_id": "29716"
   }
  },
  {
   "type": "Feature",
   "geometry": {
    "type": "Point",
    "coordinates": [
     -79.4044187,
     43.6509887
    ]
   },
   "properties": {
    "id": "toronto-5984",
    "name": "Alexandra Park Outdoor Pool Washroom",
    "location": "Alexandra Park",
    "type": "Washroom Building",
    "address": "275 Bathurst St",
    "hours": "9 a.m. to 10 p.m.",
    "details": "Entrance is located on the outside of the outdoor pool building on the southwest side.",
    "accessible": null,
    "access": "yes",
    "fee": "no",
    "status": "closed",
    "status_reason": "Maintenance/Repairs",
    "url": "https://www.toronto.ca/explore-enjoy/parks-recreation/places-spaces/parks-and-recreation-facilities/location/?id=31",
    "source": "City of Toronto Open Data (Park Washroom Facilities)",
    "city_asset_id": "5984"
   }
  },
  {
   "type": "Feature",
   "geometry": {
    "type": "Point",
    "coordinates": [
     -79.4325708,
     43.6655859
    ]
   },
   "properties": {
    "id": "toronto-29374",
    "name": "Dovercourt Park Washroom",
    "location": "Dovercourt Park",
    "type": "Washroom Building",
    "address": "155 Bartlett Ave",
    "hours": "9 a.m. to 10 p.m.",
    "details": "Located in the Dovercourt Boys and Girls Club.",
    "accessible": null,
    "access": "yes",
    "fee": "no",
    "status": "closed",
    "status_reason": "Men's Washroom Closed, Women's Washroom Open",
    "url": "https://www.toronto.ca/explore-enjoy/parks-recreation/places-spaces/parks-and-recreation-facilities/location/?id=86",
    "source": "City of Toronto Open Data (Park Washroom Facilities)",
    "city_asset_id": "29374"
   }
  },
  {
   "type": "Feature",
   "geometry": {
    "type": "Point",
    "coordinates": [
     -79.3088745,
     43.6587228
    ]
   },
   "properties": {
    "id": "toronto-31265",
    "name": "Ashbridges Bay Park Washroom",
    "location": "Ashbridges Bay Park",
    "type": "Washroom Building",
    "address": "1561 Lake Shore Blvd  E",
    "hours": "9 a.m. to 10 p.m.",
    "details": "Located on the boardwalk near the southern most beach volleyball courts.",
    "accessible": "Entrance at Grade, Child Change Table",
    "access": "yes",
    "fee": "no",
    "status": "open",
    "status_reason": null,
    "url": "https://www.toronto.ca/explore-enjoy/parks-recreation/places-spaces/parks-and-recreation-facilities/location/?id=1",
    "source": "City of Toronto Open Data (Park Washroom Facilities)",
    "city_asset_id": "31265"
   }
  },
  {
   "type": "Feature",
   "geometry": {
    "type": "Point",
    "coordinates": [
     -79.2945319,
     43.7296408
    ]
   },
   "properties": {
    "id": "toronto-29276",
    "name": "Ashtonbee Reservoir Park Washroom",
    "location": "Ashtonbee Reservoir Park",
    "type": "Washroom Building",
    "address": "21 Ashtonbee Rd",
    "hours": "9 a.m. to 10 p.m.",
    "details": "Located next to Ashtonbee Road, between the sports fields and cricket pitch.",
    "accessible": "Entrance at Grade",
    "access": "yes",
    "fee": "no",
    "status": "closed",
    "status_reason": "Maintenance/Repairs",
    "url": "https://www.toronto.ca/explore-enjoy/parks-recreation/places-spaces/parks-and-recreation-facilities/location/?id=202",
    "source": "City of Toronto Open Data (Park Washroom Facilities)",
    "city_asset_id": "29276"
   }
  },
  {
   "type": "Feature",
   "geometry": {
    "type": "Point",
    "coordinates": [
     -79.3347141,
     43.6918909
    ]
   },
   "properties": {
    "id": "toronto-29361",
    "name": "Dieppe Park Washroom",
    "location": "Dieppe Park",
    "type": "Washroom Building",
    "address": "455 Cosburn Ave",
    "hours": "9 a.m. to 10 p.m.",
    "details": "Located on the pathway between the parking lot and the splash pad.",
    "accessible": "Accessible Stall, Entrance at Grade",
    "access": "yes",
    "fee": "no",
    "status": "open",
    "status_reason": null,
    "url": "https://www.toronto.ca/explore-enjoy/parks-recreation/places-spaces/parks-and-recreation-facilities/location/?id=327",
    "source": "City of Toronto Open Data (Park Washroom Facilities)",
    "city_asset_id": "29361"
   }
  },
  {
   "type": "Feature",
   "geometry": {
    "type": "Point",
    "coordinates": [
     -79.5297144,
     43.609754
    ]
   },
   "properties": {
    "id": "toronto-29343",
    "name": "Connorvale Park - Steve \"Whitey\" Breitner Clubhouse Washroom",
    "location": "Steve \"Whitey\" Breitner Clubhouse",
    "type": "Washroom Building",
    "address": "281 Rimilton Ave",
    "hours": "9 a.m. to 10 p.m.",
    "details": "Located next to the entrance to the parking lot.",
    "accessible": "Accessible Stall, Entrance at Grade",
    "access": "yes",
    "fee": "no",
    "status": "closed",
    "status_reason": "Maintenance/Repairs",
    "url": "https://www.toronto.ca/explore-enjoy/parks-recreation/places-spaces/parks-and-recreation-facilities/location/?id=838",
    "source": "City of Toronto Open Data (Park Washroom Facilities)",
    "city_asset_id": "29343"
   }
  },
  {
   "type": "Feature",
   "geometry": {
    "type": "Point",
    "coordinates": [
     -79.3197297,
     43.6646436
    ]
   },
   "properties": {
    "id": "toronto-32922",
    "name": "Jonathan Ashbridge Park Fieldhouse Washroom",
    "location": "Jonathan Ashbridge Park",
    "type": "Washroom Building",
    "address": "1515 Queen St  E",
    "hours": "9 a.m. to 10 p.m.",
    "details": "Located on the pathway between the wading pool and the tennis courts.",
    "accessible": "Entrance at Grade",
    "access": "yes",
    "fee": "no",
    "status": "open",
    "status_reason": null,
    "url": "https://www.toronto.ca/explore-enjoy/parks-recreation/places-spaces/parks-and-recreation-facilities/location/?id=67",
    "source": "City of Toronto Open Data (Park Washroom Facilities)",
    "city_asset_id": "32922"
   }
  },
  {
   "type": "Feature",
   "geometry": {
    "type": "Point",
    "coordinates": [
     -79.4279699,
     43.7521525
    ]
   },
   "properties": {
    "id": "toronto-29385",
    "name": "Earl Bales Park South Washroom",
    "location": "Earl Bales Park",
    "type": "Washroom Building",
    "address": "4169 Bathurst St",
    "hours": "9 a.m. to 10 p.m.",
    "details": "Located south of the base of the ski hill at the end of a pathway.",
    "accessible": "Accessible Stall, Entrance at Grade, Entrance Access Ramp",
    "access": "yes",
    "fee": "no",
    "status": "open",
    "status_reason": null,
    "url": "https://www.toronto.ca/explore-enjoy/parks-recreation/places-spaces/parks-and-recreation-facilities/location/?id=337",
    "source": "City of Toronto Open Data (Park Washroom Facilities)",
    "city_asset_id": "29385"
   }
  },
  {
   "type": "Feature",
   "geometry": {
    "type": "Point",
    "coordinates": [
     -79.299347,
     43.7864092
    ]
   },
   "properties": {
    "id": "toronto-29655",
    "name": "Tam O'Shanter Golf Course Washroom",
    "location": "Tam O'Shanter Golf Course",
    "type": "Washroom Building",
    "address": "2481 Birchmount Rd",
    "hours": "9 a.m. to 10 p.m.",
    "details": "Located at east side of the washroom building.",
    "accessible": null,
    "access": "yes",
    "fee": "no",
    "status": "open",
    "status_reason": null,
    "url": "https://www.toronto.ca/explore-enjoy/parks-recreation/places-spaces/parks-and-recreation-facilities/location/?id=398",
    "source": "City of Toronto Open Data (Park Washroom Facilities)",
    "city_asset_id": "29655"
   }
  },
  {
   "type": "Feature",
   "geometry": {
    "type": "Point",
    "coordinates": [
     -79.3027758,
     43.6820516
    ]
   },
   "properties": {
    "id": "toronto-29590",
    "name": "Norwood Park Washroom",
    "location": "Norwood Park",
    "type": "Washroom Building",
    "address": "16 Norwood Rd",
    "hours": "9 a.m. to 10 p.m.",
    "details": "Located on the pathway in the southeast corner of the park near Norwood Road.",
    "accessible": "Entrance at Grade",
    "access": "yes",
    "fee": "no",
    "status": "open",
    "status_reason": null,
    "url": "https://www.toronto.ca/explore-enjoy/parks-recreation/places-spaces/parks-and-recreation-facilities/location/?id=228",
    "source": "City of Toronto Open Data (Park Washroom Facilities)",
    "city_asset_id": "29590"
   }
  },
  {
   "type": "Feature",
   "geometry": {
    "type": "Point",
    "coordinates": [
     -79.30655,
     43.7530994
    ]
   },
   "properties": {
    "id": "toronto-5445",
    "name": "Maryvale Park Outdoor Pool Washroom",
    "location": "Maryvale Park Outdoor Pool",
    "type": "Washroom Building",
    "address": "5 Trestleside Grove",
    "hours": "9 a.m. to 10 p.m.",
    "details": "Entrance is located on the outside of the outdoor pool building on the east side of the building.",
    "accessible": null,
    "access": "yes",
    "fee": "no",
    "status": "open",
    "status_reason": null,
    "url": "https://www.toronto.ca/explore-enjoy/parks-recreation/places-spaces/parks-and-recreation-facilities/location/?id=704",
    "source": "City of Toronto Open Data (Park Washroom Facilities)",
    "city_asset_id": "5445"
   }
  },
  {
   "type": "Feature",
   "geometry": {
    "type": "Point",
    "coordinates": [
     -79.4360188,
     43.7601775
    ]
   },
   "properties": {
    "id": "toronto-36492",
    "name": "Hinder Area Washroom",
    "location": "Hinder Area",
    "type": "Washroom Building",
    "address": "44 Don River Blvd",
    "hours": "9 a.m. to 10 p.m.",
    "details": "Located on the pathway 350 metres south of the parking lot.",
    "accessible": "Accessible Stall, Entrance at Grade",
    "access": "yes",
    "fee": "no",
    "status": "open",
    "status_reason": null,
    "url": "https://www.toronto.ca/explore-enjoy/parks-recreation/places-spaces/parks-and-recreation-facilities/location/?id=2264",
    "source": "City of Toronto Open Data (Park Washroom Facilities)",
    "city_asset_id": "36492"
   }
  },
  {
   "type": "Feature",
   "geometry": {
    "type": "Point",
    "coordinates": [
     -79.4143495,
     43.7673348
    ]
   },
   "properties": {
    "id": "toronto-6296",
    "name": "Mel Lastman Square Washroom",
    "location": "Mel Lastman Square",
    "type": "Washroom Building",
    "address": "5100 Yonge St",
    "hours": "View centre hours",
    "details": "Located in the Civic Centre.",
    "accessible": null,
    "access": "yes",
    "fee": "no",
    "status": "closed",
    "status_reason": "Planned Closure",
    "url": "https://www.toronto.ca/explore-enjoy/parks-recreation/places-spaces/parks-and-recreation-facilities/location/?id=956",
    "source": "City of Toronto Open Data (Park Washroom Facilities)",
    "city_asset_id": "6296"
   }
  },
  {
   "type": "Feature",
   "geometry": {
    "type": "Point",
    "coordinates": [
     -79.3658279,
     43.7720389
    ]
   },
   "properties": {
    "id": "toronto-36488",
    "name": "East Don Parkland Washroom",
    "location": "East Don Parkland",
    "type": "Washroom Building",
    "address": "1240 Sheppard Ave E",
    "hours": "9 a.m. to 10 p.m.",
    "details": "Located next to the entrance to the parking lot.",
    "accessible": "Accessible Stall, Child Change Table",
    "access": "yes",
    "fee": "no",
    "status": "closed",
    "status_reason": "Under Construction",
    "url": "https://www.toronto.ca/explore-enjoy/parks-recreation/places-spaces/parks-and-recreation-facilities/location/?id=1460",
    "source": "City of Toronto Open Data (Park Washroom Facilities)",
    "city_asset_id": "36488"
   }
  },
  {
   "type": "Feature",
   "geometry": {
    "type": "Point",
    "coordinates": [
     -79.6157991,
     43.7315252
    ]
   },
   "properties": {
    "id": "toronto-74844",
    "name": "Humberline Park Washroom",
    "location": "Humberline Park",
    "type": "Universal Washroom, All-Gender Washroom, Accessible Washroom",
    "address": "32 Humberline Dr",
    "hours": "9 a.m. to 10 p.m.",
    "details": "Located on the pathway next to the playground.",
    "accessible": "Accessible Stall, Entrance at Grade, Automatic Door Opener, Child Change Table, Adult Change Table, Distress Call Button, 1250mm Turning Radius",
    "access": "yes",
    "fee": "no",
    "status": "open",
    "status_reason": null,
    "url": "https://www.toronto.ca/explore-enjoy/parks-recreation/places-spaces/parks-and-recreation-facilities/location/?id=1508",
    "source": "City of Toronto Open Data (Park Washroom Facilities)",
    "city_asset_id": "74844"
   }
  },
  {
   "type": "Feature",
   "geometry": {
    "type": "Point",
    "coordinates": [
     -79.4080525,
     43.7662024
    ]
   },
   "properties": {
    "id": "toronto-29745",
    "name": "Willowdale Park North York Tennis Club Washroom",
    "location": "Willowdale Park",
    "type": "Washroom Building",
    "address": "75 Hollywood Ave",
    "hours": "9 a.m. to 10 p.m.",
    "details": "Located on the east side of the tennis courts.",
    "accessible": null,
    "access": "yes",
    "fee": "no",
    "status": "open",
    "status_reason": null,
    "url": "https://www.toronto.ca/explore-enjoy/parks-recreation/places-spaces/parks-and-recreation-facilities/location/?id=865",
    "source": "City of Toronto Open Data (Park Washroom Facilities)",
    "city_asset_id": "29745"
   }
  },
  {
   "type": "Feature",
   "geometry": {
    "type": "Point",
    "coordinates": [
     -79.4959992,
     43.7354259
    ]
   },
   "properties": {
    "id": "toronto-29376",
    "name": "Downsview Dells Park South Washroom",
    "location": "Downsview Dells Park",
    "type": "Washroom Building",
    "address": "2515 Jane St",
    "hours": "9 a.m. to 10 p.m.",
    "details": "Located east of the second parking lot on the south side of the park road.",
    "accessible": "Entrance at Grade",
    "access": "yes",
    "fee": "no",
    "status": "open",
    "status_reason": null,
    "url": "https://www.toronto.ca/explore-enjoy/parks-recreation/places-spaces/parks-and-recreation-facilities/location/?id=468",
    "source": "City of Toronto Open Data (Park Washroom Facilities)",
    "city_asset_id": "29376"
   }
  },
  {
   "type": "Feature",
   "geometry": {
    "type": "Point",
    "coordinates": [
     -79.432754,
     43.7541196
    ]
   },
   "properties": {
    "id": "toronto-5787",
    "name": "Earl Bales Park Barry Zukerman Amphitheatre Washroom",
    "location": "Earl Bales Park",
    "type": "Washroom Building",
    "address": "4169 Bathurst St",
    "hours": "9 a.m. to 10 p.m.",
    "details": "Located in the amphitheatre.",
    "accessible": null,
    "access": "yes",
    "fee": "no",
    "status": "open",
    "status_reason": null,
    "url": "https://www.toronto.ca/explore-enjoy/parks-recreation/places-spaces/parks-and-recreation-facilities/location/?id=337",
    "source": "City of Toronto Open Data (Park Washroom Facilities)",
    "city_asset_id": "5787"
   }
  },
  {
   "type": "Feature",
   "geometry": {
    "type": "Point",
    "coordinates": [
     -79.4947882,
     43.6842077
    ]
   },
   "properties": {
    "id": "toronto-13482",
    "name": "Eglinton Flats Southeast Sports Pavilion Washroom",
    "location": "Eglinton Flats",
    "type": "Washroom Building",
    "address": "101 Emmett Ave",
    "hours": "9 a.m. to 10 p.m.",
    "details": "Located in the sports pavillion south of the parking lot between the sports fields and the tennis courts.",
    "accessible": "Accessible Stall",
    "access": "yes",
    "fee": "no",
    "status": "open",
    "status_reason": null,
    "url": "https://www.toronto.ca/explore-enjoy/parks-recreation/places-spaces/parks-and-recreation-facilities/location/?id=9",
    "source": "City of Toronto Open Data (Park Washroom Facilities)",
    "city_asset_id": "13482"
   }
  },
  {
   "type": "Feature",
   "geometry": {
    "type": "Point",
    "coordinates": [
     -79.3983879,
     43.6340455
    ]
   },
   "properties": {
    "id": "toronto-32902",
    "name": "Little Norway Park Washroom",
    "location": "Little Norway Park",
    "type": "Washroom Building",
    "address": "659 Queens Quay  W",
    "hours": "9 a.m. to 7:30 p.m.",
    "details": "Located north of the wading pool.",
    "accessible": "Accessible Stall, Entrance at Grade",
    "access": "yes",
    "fee": "no",
    "status": "open",
    "status_reason": null,
    "url": "https://www.toronto.ca/explore-enjoy/parks-recreation/places-spaces/parks-and-recreation-facilities/location/?id=128",
    "source": "City of Toronto Open Data (Park Washroom Facilities)",
    "city_asset_id": "32902"
   }
  },
  {
   "type": "Feature",
   "geometry": {
    "type": "Point",
    "coordinates": [
     -79.4570441,
     43.6378096
    ]
   },
   "properties": {
    "id": "toronto-46102",
    "name": "Sunnyside Park Pavillion West Washroom",
    "location": "Sunnyside Park",
    "type": "Washroom Building",
    "address": "1755 Lake Shore Blvd  W",
    "hours": "9 a.m. to 10 p.m.",
    "details": "Located at the west end of the Sunnyside Pavillion on the Martin Goodman Trail.",
    "accessible": "Accessible Stall, Entrance at Grade, Automatic Door Opener, Child Change Table",
    "access": "yes",
    "fee": "no",
    "status": "open",
    "status_reason": null,
    "url": "https://www.toronto.ca/explore-enjoy/parks-recreation/places-spaces/parks-and-recreation-facilities/location/?id=394",
    "source": "City of Toronto Open Data (Park Washroom Facilities)",
    "city_asset_id": "46102"
   }
  },
  {
   "type": "Feature",
   "geometry": {
    "type": "Point",
    "coordinates": [
     -79.4557265,
     43.6378703
    ]
   },
   "properties": {
    "id": "toronto-46103",
    "name": "Sunnyside Park Pavillion East Washroom",
    "location": "Sunnyside Park",
    "type": "Washroom Building",
    "address": "1755 Lake Shore Blvd  W",
    "hours": "9 a.m. to 10 p.m.",
    "details": "Located at the east end of the Sunnyside Pavilion on Martin Goodman Trail.",
    "accessible": "Accessible Stall, Entrance at Grade, Automatic Door Opener, Child Change Table",
    "access": "yes",
    "fee": "no",
    "status": "open",
    "status_reason": null,
    "url": "https://www.toronto.ca/explore-enjoy/parks-recreation/places-spaces/parks-and-recreation-facilities/location/?id=394",
    "source": "City of Toronto Open Data (Park Washroom Facilities)",
    "city_asset_id": "46103"
   }
  },
  {
   "type": "Feature",
   "geometry": {
    "type": "Point",
    "coordinates": [
     -79.3044108,
     43.8101093
    ]
   },
   "properties": {
    "id": "toronto-29547",
    "name": "L'Amoreaux North Park Fieldhouse Washroom",
    "location": "L'Amoreaux North Park",
    "type": "Washroom Building",
    "address": "1900 Mcnicoll Ave",
    "hours": "9 a.m. to 10 p.m.",
    "details": "Located on the pathway from the parking lot to the cricket pitch at the north end of the park.",
    "accessible": "Accessible Stall",
    "access": "yes",
    "fee": "no",
    "status": "open",
    "status_reason": null,
    "url": "https://www.toronto.ca/explore-enjoy/parks-recreation/places-spaces/parks-and-recreation-facilities/location/?id=2472",
    "source": "City of Toronto Open Data (Park Washroom Facilities)",
    "city_asset_id": "29547"
   }
  },
  {
   "type": "Feature",
   "geometry": {
    "type": "Point",
    "coordinates": [
     -79.3157114,
     43.7832945
    ]
   },
   "properties": {
    "id": "toronto-29309",
    "name": "Bridlewood Park Washroom",
    "location": "Bridlewood Park",
    "type": "Washroom Building",
    "address": "445 Huntingwood Dr",
    "hours": "9 a.m. to 10 p.m.",
    "details": "Located on the pathway between the playground and the baseball diamond.",
    "accessible": "Accessible Stall",
    "access": "yes",
    "fee": "no",
    "status": "open",
    "status_reason": null,
    "url": "https://www.toronto.ca/explore-enjoy/parks-recreation/places-spaces/parks-and-recreation-facilities/location/?id=578",
    "source": "City of Toronto Open Data (Park Washroom Facilities)",
    "city_asset_id": "29309"
   }
  },
  {
   "type": "Feature",
   "geometry": {
    "type": "Point",
    "coordinates": [
     -79.2562706,
     43.6968367
    ]
   },
   "properties": {
    "id": "toronto-29617",
    "name": "Rosetta McClain Gardens Washroom",
    "location": "Rosetta McClain Gardens",
    "type": "Washroom Building",
    "address": "5 Glen Everest Rd",
    "hours": "9 a.m. to 10 p.m.",
    "details": "Located on the pathway next to the parking lot.",
    "accessible": "Child Change Table",
    "access": "yes",
    "fee": "no",
    "status": "open",
    "status_reason": null,
    "url": "https://www.toronto.ca/explore-enjoy/parks-recreation/places-spaces/parks-and-recreation-facilities/location/?id=19",
    "source": "City of Toronto Open Data (Park Washroom Facilities)",
    "city_asset_id": "29617"
   }
  },
  {
   "type": "Feature",
   "geometry": {
    "type": "Point",
    "coordinates": [
     -79.2129688,
     43.7472918
    ]
   },
   "properties": {
    "id": "toronto-29628",
    "name": "Scarborough Village Park Fieldhouse Washroom",
    "location": "Scarborough Village Park",
    "type": "Washroom Building",
    "address": "23 Gatesview Ave",
    "hours": "9 a.m. to 10 p.m.",
    "details": "Located at the east end of the parking lot next to the baseball diamond.",
    "accessible": "Entrance at Grade",
    "access": "yes",
    "fee": "no",
    "status": "open",
    "status_reason": null,
    "url": "https://www.toronto.ca/explore-enjoy/parks-recreation/places-spaces/parks-and-recreation-facilities/location/?id=746",
    "source": "City of Toronto Open Data (Park Washroom Facilities)",
    "city_asset_id": "29628"
   }
  },
  {
   "type": "Feature",
   "geometry": {
    "type": "Point",
    "coordinates": [
     -79.2308453,
     43.8037502
    ]
   },
   "properties": {
    "id": "toronto-13599",
    "name": "Major Abbas Ali Park Washroom",
    "location": "Major Abbas Ali Park",
    "type": "Washroom Building",
    "address": "180 Mclevin Ave",
    "hours": "9 a.m. to 10 p.m.",
    "details": "Located inside the Scott Westney House.",
    "accessible": "Accessible Stall",
    "access": "yes",
    "fee": "no",
    "status": "open",
    "status_reason": null,
    "url": "https://www.toronto.ca/explore-enjoy/parks-recreation/places-spaces/parks-and-recreation-facilities/location/?id=708",
    "source": "City of Toronto Open Data (Park Washroom Facilities)",
    "city_asset_id": "13599"
   }
  },
  {
   "type": "Feature",
   "geometry": {
    "type": "Point",
    "coordinates": [
     -79.2679759,
     43.8033044
    ]
   },
   "properties": {
    "id": "toronto-29536",
    "name": "Iroquois Park Fieldhouse Washroom",
    "location": "Iroquois Park",
    "type": "Washroom Building",
    "address": "295 Chartland Blvd  S",
    "hours": "9 a.m. to 10 p.m.",
    "details": "Located on the pathway between the tennis courts and the baseball diamond.",
    "accessible": "Accessible Stall",
    "access": "yes",
    "fee": "no",
    "status": "open",
    "status_reason": null,
    "url": "https://www.toronto.ca/explore-enjoy/parks-recreation/places-spaces/parks-and-recreation-facilities/location/?id=686",
    "source": "City of Toronto Open Data (Park Washroom Facilities)",
    "city_asset_id": "29536"
   }
  },
  {
   "type": "Feature",
   "geometry": {
    "type": "Point",
    "coordinates": [
     -79.2243564,
     43.8135951
    ]
   },
   "properties": {
    "id": "toronto-29583",
    "name": "Neilson Park Scarborough Washroom",
    "location": "Neilson Park - Scarborough",
    "type": "Washroom Building",
    "address": "1555 Neilson Rd",
    "hours": "9 a.m. to 10 p.m.",
    "details": "Located on the pathway between the baseball diamonds, east of the playground.",
    "accessible": "Accessible Stall, Entrance at Grade",
    "access": "yes",
    "fee": "no",
    "status": "open",
    "status_reason": null,
    "url": "https://www.toronto.ca/explore-enjoy/parks-recreation/places-spaces/parks-and-recreation-facilities/location/?id=792",
    "source": "City of Toronto Open Data (Park Washroom Facilities)",
    "city_asset_id": "29583"
   }
  },
  {
   "type": "Feature",
   "geometry": {
    "type": "Point",
    "coordinates": [
     -79.420666,
     43.7045498
    ]
   },
   "properties": {
    "id": "toronto-1840",
    "name": "Memorial Park Washroom",
    "location": "Memorial Park - North York",
    "type": "Washroom Building",
    "address": "340 Chaplin Cres",
    "hours": "9 a.m. to 10 p.m.",
    "details": "Entrance is located on the outside of the Larry Grossman Forest Hill Memorial Arena.",
    "accessible": "Entrance Access Ramp, Automatic Door Opener",
    "access": "yes",
    "fee": "no",
    "status": "open",
    "status_reason": null,
    "url": "https://www.toronto.ca/explore-enjoy/parks-recreation/places-spaces/parks-and-recreation-facilities/location/?id=131",
    "source": "City of Toronto Open Data (Park Washroom Facilities)",
    "city_asset_id": "1840"
   }
  },
  {
   "type": "Feature",
   "geometry": {
    "type": "Point",
    "coordinates": [
     -79.2971832,
     43.7336721
    ]
   },
   "properties": {
    "id": "toronto-29740",
    "name": "Wexford Park Fieldhouse Washroom",
    "location": "Wexford Park",
    "type": "Washroom Building",
    "address": "55 Elm Bank Rd",
    "hours": "9 a.m. to 10 p.m.",
    "details": "Located bewteen the parking lot and the playground",
    "accessible": "Entrance at Grade",
    "access": "yes",
    "fee": "no",
    "status": "open",
    "status_reason": null,
    "url": "https://www.toronto.ca/explore-enjoy/parks-recreation/places-spaces/parks-and-recreation-facilities/location/?id=571",
    "source": "City of Toronto Open Data (Park Washroom Facilities)",
    "city_asset_id": "29740"
   }
  },
  {
   "type": "Feature",
   "geometry": {
    "type": "Point",
    "coordinates": [
     -79.3456155,
     43.6728928
    ]
   },
   "properties": {
    "id": "toronto-29753",
    "name": "Withrow Park South Washroom",
    "location": "Withrow Park",
    "type": "Washroom Building",
    "address": "725 Logan Ave",
    "hours": "9 a.m. to 10 p.m.",
    "details": "Located south of the sports field.",
    "accessible": null,
    "access": "yes",
    "fee": "no",
    "status": "closed",
    "status_reason": "Maintenance/Repairs",
    "url": "https://www.toronto.ca/explore-enjoy/parks-recreation/places-spaces/parks-and-recreation-facilities/location/?id=306",
    "source": "City of Toronto Open Data (Park Washroom Facilities)",
    "city_asset_id": "29753"
   }
  },
  {
   "type": "Feature",
   "geometry": {
    "type": "Point",
    "coordinates": [
     -79.3990207,
     43.7207909
    ]
   },
   "properties": {
    "id": "toronto-29553",
    "name": "Lawrence Park Ravine Tennis Clubhouse Washroom",
    "location": "Lawrence Park Ravine",
    "type": "Washroom Building",
    "address": "51 Alexander Muir Rd",
    "hours": "9 a.m. to 10 p.m.",
    "details": "Located on the pathway at the north side of the tennis courts.",
    "accessible": "Accessible Stall, Entrance at Grade",
    "access": "yes",
    "fee": "no",
    "status": "open",
    "status_reason": null,
    "url": "https://www.toronto.ca/explore-enjoy/parks-recreation/places-spaces/parks-and-recreation-facilities/location/?id=119",
    "source": "City of Toronto Open Data (Park Washroom Facilities)",
    "city_asset_id": "29553"
   }
  },
  {
   "type": "Feature",
   "geometry": {
    "type": "Point",
    "coordinates": [
     -79.4659133,
     43.6495795
    ]
   },
   "properties": {
    "id": "toronto-35368",
    "name": "High Park Sport Field Washroom",
    "location": "High Park",
    "type": "Washroom Building",
    "address": "1873 Bloor St  W",
    "hours": "9 a.m. to 10 p.m.",
    "details": "Entrance is located on the outside of the outdoor pool and ice rink building, east of the baseball diamond.",
    "accessible": null,
    "access": "yes",
    "fee": "no",
    "status": "open",
    "status_reason": null,
    "url": "https://www.toronto.ca/explore-enjoy/parks-recreation/places-spaces/parks-and-recreation-facilities/location/?id=77",
    "source": "City of Toronto Open Data (Park Washroom Facilities)",
    "city_asset_id": "35368"
   }
  },
  {
   "type": "Feature",
   "geometry": {
    "type": "Point",
    "coordinates": [
     -79.3870515,
     43.7171823
    ]
   },
   "properties": {
    "id": "toronto-93642",
    "name": "Sherwood Park Washroom",
    "location": "Sherwood Park",
    "type": "Washroom Building",
    "address": "190 Sherwood Ave",
    "hours": "9 a.m. to 10 p.m.",
    "details": "Located on the east side of the splash pad.",
    "accessible": null,
    "access": "yes",
    "fee": "no",
    "status": "open",
    "status_reason": null,
    "url": "https://www.toronto.ca/explore-enjoy/parks-recreation/places-spaces/parks-and-recreation-facilities/location/?id=149",
    "source": "City of Toronto Open Data (Park Washroom Facilities)",
    "city_asset_id": "93642"
   }
  },
  {
   "type": "Feature",
   "geometry": {
    "type": "Point",
    "coordinates": [
     -79.399479,
     43.6971665
    ]
   },
   "properties": {
    "id": "toronto-37106",
    "name": "Oriole Park Toronto Washroom",
    "location": "Oriole Park - Toronto",
    "type": "Washroom Building",
    "address": "201 Oriole Pkwy",
    "hours": "9 a.m. to 10 p.m.",
    "details": "Located on the north side of the tennis courts near the playground.",
    "accessible": "Accessible Stall, Entrance at Grade, Entrance Access Ramp, Automatic Door Opener",
    "access": "yes",
    "fee": "no",
    "status": "open",
    "status_reason": null,
    "url": "https://www.toronto.ca/explore-enjoy/parks-recreation/places-spaces/parks-and-recreation-facilities/location/?id=245",
    "source": "City of Toronto Open Data (Park Washroom Facilities)",
    "city_asset_id": "37106"
   }
  },
  {
   "type": "Feature",
   "geometry": {
    "type": "Point",
    "coordinates": [
     -79.4554092,
     43.7804696
    ]
   },
   "properties": {
    "id": "toronto-30891",
    "name": "G. Ross Lord Park Hidden Trail Washroom",
    "location": "G. Ross Lord Park",
    "type": "Washroom Building",
    "address": "4801 Dufferin St",
    "hours": "9 a.m. to 10 p.m.",
    "details": "Located at the entrance of the park from Hidden Trail.",
    "accessible": null,
    "access": "yes",
    "fee": "no",
    "status": "open",
    "status_reason": null,
    "url": "https://www.toronto.ca/explore-enjoy/parks-recreation/places-spaces/parks-and-recreation-facilities/location/?id=11",
    "source": "City of Toronto Open Data (Park Washroom Facilities)",
    "city_asset_id": "30891"
   }
  },
  {
   "type": "Feature",
   "geometry": {
    "type": "Point",
    "coordinates": [
     -79.3286803,
     43.6694405
    ]
   },
   "properties": {
    "id": "toronto-29421",
    "name": "Greenwood Park Fieldhouse Washroom",
    "location": "Greenwood Park",
    "type": "Washroom Building",
    "address": "150 Greenwood Ave",
    "hours": "9 a.m. to 10 p.m.",
    "details": "Located in the fieldhouse east of the skate trail, south of the playground.",
    "accessible": null,
    "access": "yes",
    "fee": "no",
    "status": "open",
    "status_reason": null,
    "url": "https://www.toronto.ca/explore-enjoy/parks-recreation/places-spaces/parks-and-recreation-facilities/location/?id=70",
    "source": "City of Toronto Open Data (Park Washroom Facilities)",
    "city_asset_id": "29421"
   }
  },
  {
   "type": "Feature",
   "geometry": {
    "type": "Point",
    "coordinates": [
     -79.3299989,
     43.6802459
    ]
   },
   "properties": {
    "id": "toronto-29410",
    "name": "Felstead Avenue Playground Washroom",
    "location": "Felstead Avenue Playground",
    "type": "Washroom Building",
    "address": "60 Felstead Ave",
    "hours": "9 a.m. to 10 p.m.",
    "details": "Located on the pathway north of the playground.",
    "accessible": "Accessible Stall, Entrance at Grade",
    "access": "yes",
    "fee": "no",
    "status": "open",
    "status_reason": null,
    "url": "https://www.toronto.ca/explore-enjoy/parks-recreation/places-spaces/parks-and-recreation-facilities/location/?id=129",
    "source": "City of Toronto Open Data (Park Washroom Facilities)",
    "city_asset_id": "29410"
   }
  },
  {
   "type": "Feature",
   "geometry": {
    "type": "Point",
    "coordinates": [
     -79.4529504,
     43.6639727
    ]
   },
   "properties": {
    "id": "toronto-29596",
    "name": "Perth Square Park Washroom",
    "location": "Perth Square Park",
    "type": "Washroom Building",
    "address": "350 Perth Ave",
    "hours": "9 a.m. to 10 p.m.",
    "details": "Located on the pathway west of the playground.",
    "accessible": "Accessible Stall, Entrance at Grade",
    "access": "yes",
    "fee": "no",
    "status": "open",
    "status_reason": null,
    "url": "https://www.toronto.ca/explore-enjoy/parks-recreation/places-spaces/parks-and-recreation-facilities/location/?id=284",
    "source": "City of Toronto Open Data (Park Washroom Facilities)",
    "city_asset_id": "29596"
   }
  },
  {
   "type": "Feature",
   "geometry": {
    "type": "Point",
    "coordinates": [
     -79.4976267,
     43.6748271
    ]
   },
   "properties": {
    "id": "toronto-6105",
    "name": "Smythe Park Outdoor Pool Washroom",
    "location": "Smythe Park",
    "type": "Washroom Building",
    "address": "61 Black Creek Blvd",
    "hours": "View outdoor pool hours",
    "details": "Located at the east end of the park between the parking lot and the outdoor pool.",
    "accessible": null,
    "access": "yes",
    "fee": "no",
    "status": "open",
    "status_reason": null,
    "url": "https://www.toronto.ca/explore-enjoy/parks-recreation/places-spaces/parks-and-recreation-facilities/location/?id=504",
    "source": "City of Toronto Open Data (Park Washroom Facilities)",
    "city_asset_id": "6105"
   }
  },
  {
   "type": "Feature",
   "geometry": {
    "type": "Point",
    "coordinates": [
     -79.503844,
     43.6856188
    ]
   },
   "properties": {
    "id": "toronto-29401",
    "name": "Eglinton Flats Northwest Sports Pavilion Washroom",
    "location": "Eglinton Flats",
    "type": "Washroom Building",
    "address": "101 Emmett Ave",
    "hours": "9 a.m. to 10 p.m.",
    "details": "Located in the sports pavillion west of the sports fields.",
    "accessible": "Accessible Stall, Entrance at Grade",
    "access": "yes",
    "fee": "no",
    "status": "open",
    "status_reason": null,
    "url": "https://www.toronto.ca/explore-enjoy/parks-recreation/places-spaces/parks-and-recreation-facilities/location/?id=9",
    "source": "City of Toronto Open Data (Park Washroom Facilities)",
    "city_asset_id": "29401"
   }
  },
  {
   "type": "Feature",
   "geometry": {
    "type": "Point",
    "coordinates": [
     -79.5063269,
     43.6264348
    ]
   },
   "properties": {
    "id": "toronto-32862",
    "name": "Queensway Outdoor Rink Washroom",
    "location": "Queensway Park Rink and Trail",
    "type": "Washroom Building",
    "address": "1 Third St",
    "hours": "9 a.m. to 10 p.m.",
    "details": "Entrance is located on the outside of the outdoor ice rink building.",
    "accessible": null,
    "access": "yes",
    "fee": "no",
    "status": "open",
    "status_reason": null,
    "url": "https://www.toronto.ca/explore-enjoy/parks-recreation/places-spaces/parks-and-recreation-facilities/location/?id=817",
    "source": "City of Toronto Open Data (Park Washroom Facilities)",
    "city_asset_id": "32862"
   }
  },
  {
   "type": "Feature",
   "geometry": {
    "type": "Point",
    "coordinates": [
     -79.4737939,
     43.6441704
    ]
   },
   "properties": {
    "id": "toronto-29351",
    "name": "Rennie Park David H. Williams Washroom",
    "location": "Rennie Park",
    "type": "Washroom Building",
    "address": "1 Rennie Terr",
    "hours": "9 a.m. to 10 p.m.",
    "details": "Located in the rink building west of the outdoor ice rink.",
    "accessible": null,
    "access": "yes",
    "fee": "no",
    "status": "open",
    "status_reason": null,
    "url": "https://www.toronto.ca/explore-enjoy/parks-recreation/places-spaces/parks-and-recreation-facilities/location/?id=181",
    "source": "City of Toronto Open Data (Park Washroom Facilities)",
    "city_asset_id": "29351"
   }
  },
  {
   "type": "Feature",
   "geometry": {
    "type": "Point",
    "coordinates": [
     -79.4928571,
     43.652821
    ]
   },
   "properties": {
    "id": "toronto-29407",
    "name": "Etienne Brule Park Washroom",
    "location": "Etienne Brule Park",
    "type": "Washroom Building",
    "address": "13 Crosby Ave",
    "hours": "9 a.m. to 10 p.m.",
    "details": "Located 250 metres northwest of the Catherine Street entrance next to the trail.",
    "accessible": null,
    "access": "yes",
    "fee": "no",
    "status": "open",
    "status_reason": null,
    "url": "https://www.toronto.ca/explore-enjoy/parks-recreation/places-spaces/parks-and-recreation-facilities/location/?id=10",
    "source": "City of Toronto Open Data (Park Washroom Facilities)",
    "city_asset_id": "29407"
   }
  },
  {
   "type": "Feature",
   "geometry": {
    "type": "Point",
    "coordinates": [
     -79.3918778,
     43.7288254
    ]
   },
   "properties": {
    "id": "toronto-29724",
    "name": "Wanless Park Fieldhouse Washroom",
    "location": "Wanless Park",
    "type": "Washroom Building",
    "address": "250 Wanless Ave",
    "hours": "9 a.m. to 10 p.m.",
    "details": "Located on the pathway west of the baseball diamond.",
    "accessible": "Accessible Stall, Entrance at Grade, Entrance Access Ramp, Child Change Table",
    "access": "yes",
    "fee": "no",
    "status": "open",
    "status_reason": null,
    "url": "https://www.toronto.ca/explore-enjoy/parks-recreation/places-spaces/parks-and-recreation-facilities/location/?id=265",
    "source": "City of Toronto Open Data (Park Washroom Facilities)",
    "city_asset_id": "29724"
   }
  },
  {
   "type": "Feature",
   "geometry": {
    "type": "Point",
    "coordinates": [
     -79.3523145,
     43.7458692
    ]
   },
   "properties": {
    "id": "toronto-971422",
    "name": "Bond Park Sport Centre Washroom",
    "location": "Bond Park Sport Centre",
    "type": "Washroom Building",
    "address": "120 Bond Ave",
    "hours": "9 a.m. to 10 p.m.",
    "details": "Located on the pathway between the southern baseball diamonds.",
    "accessible": "Entrance at Grade",
    "access": "yes",
    "fee": "no",
    "status": "open",
    "status_reason": null,
    "url": "https://www.toronto.ca/explore-enjoy/parks-recreation/places-spaces/parks-and-recreation-facilities/location/?id=465",
    "source": "City of Toronto Open Data (Park Washroom Facilities)",
    "city_asset_id": "971422"
   }
  },
  {
   "type": "Feature",
   "geometry": {
    "type": "Point",
    "coordinates": [
     -79.557552,
     43.6608381
    ]
   },
   "properties": {
    "id": "toronto-29732",
    "name": "West Deane Park Washroom",
    "location": "West Deane Park",
    "type": "Washroom Building",
    "address": "19 Sedgebrook Cres",
    "hours": "9 a.m. to 10 p.m.",
    "details": "Located on the pathway south of the parking lot, near the playground.",
    "accessible": "Entrance at Grade, Child Change Table",
    "access": "yes",
    "fee": "no",
    "status": "open",
    "status_reason": null,
    "url": "https://www.toronto.ca/explore-enjoy/parks-recreation/places-spaces/parks-and-recreation-facilities/location/?id=873",
    "source": "City of Toronto Open Data (Park Washroom Facilities)",
    "city_asset_id": "29732"
   }
  },
  {
   "type": "Feature",
   "geometry": {
    "type": "Point",
    "coordinates": [
     -79.5773215,
     43.6314659
    ]
   },
   "properties": {
    "id": "toronto-29572",
    "name": "Millwood Park Washroom",
    "location": "Millwood Park",
    "type": "Washroom Building",
    "address": "4370 Bloor St  W",
    "hours": "9 a.m. to 10 p.m.",
    "details": "Located on the pathway south of the playground and next to the northern baseball field.",
    "accessible": "Accessible Stall, Entrance at Grade",
    "access": "yes",
    "fee": "no",
    "status": "open",
    "status_reason": null,
    "url": "https://www.toronto.ca/explore-enjoy/parks-recreation/places-spaces/parks-and-recreation-facilities/location/?id=853",
    "source": "City of Toronto Open Data (Park Washroom Facilities)",
    "city_asset_id": "29572"
   }
  },
  {
   "type": "Feature",
   "geometry": {
    "type": "Point",
    "coordinates": [
     -79.5737926,
     43.657114
    ]
   },
   "properties": {
    "id": "toronto-29728",
    "name": "Wellesworth Park Washroom",
    "location": "Wellesworth Park",
    "type": "Washroom Building",
    "address": "55 Dixfield Dr",
    "hours": "9 a.m. to 10 p.m.",
    "details": "Located in the grassy area north of the playground.",
    "accessible": "Accessible Stall",
    "access": "yes",
    "fee": "no",
    "status": "open",
    "status_reason": null,
    "url": "https://www.toronto.ca/explore-enjoy/parks-recreation/places-spaces/parks-and-recreation-facilities/location/?id=872",
    "source": "City of Toronto Open Data (Park Washroom Facilities)",
    "city_asset_id": "29728"
   }
  },
  {
   "type": "Feature",
   "geometry": {
    "type": "Point",
    "coordinates": [
     -79.4054991,
     43.7082616
    ]
   },
   "properties": {
    "id": "toronto-36489",
    "name": "Eglinton Park Washroom",
    "location": "Eglinton Park",
    "type": "Washroom Building",
    "address": "200 Eglinton Ave  W",
    "hours": "9 a.m. to 10 p.m.",
    "details": "Located in the centre of the park south of the sports fields.",
    "accessible": null,
    "access": "yes",
    "fee": "no",
    "status": "open",
    "status_reason": null,
    "url": "https://www.toronto.ca/explore-enjoy/parks-recreation/places-spaces/parks-and-recreation-facilities/location/?id=117",
    "source": "City of Toronto Open Data (Park Washroom Facilities)",
    "city_asset_id": "36489"
   }
  },
  {
   "type": "Feature",
   "geometry": {
    "type": "Point",
    "coordinates": [
     -79.3004349,
     43.7006984
    ]
   },
   "properties": {
    "id": "toronto-29416",
    "name": "George Webster Park Washroom",
    "location": "George Webster Park",
    "type": "Washroom Building",
    "address": "30 Chapman Ave",
    "hours": "9 a.m. to 10 p.m.",
    "details": "Located at the south end of the park next to the splash pad.",
    "accessible": "Entrance Access Ramp",
    "access": "yes",
    "fee": "no",
    "status": "open",
    "status_reason": null,
    "url": "https://www.toronto.ca/explore-enjoy/parks-recreation/places-spaces/parks-and-recreation-facilities/location/?id=426",
    "source": "City of Toronto Open Data (Park Washroom Facilities)",
    "city_asset_id": "29416"
   }
  },
  {
   "type": "Feature",
   "geometry": {
    "type": "Point",
    "coordinates": [
     -79.5568123,
     43.6043695
    ]
   },
   "properties": {
    "id": "toronto-29408",
    "name": "Etobicoke Valley Park Washroom",
    "location": "Etobicoke Valley Park",
    "type": "Washroom Building",
    "address": "615 Horner Ave",
    "hours": "9 a.m. to 10 p.m.",
    "details": "Located on the pathway south of the stairs up to the parking lot.",
    "accessible": "Accessible Stall",
    "access": "yes",
    "fee": "no",
    "status": "open",
    "status_reason": null,
    "url": "https://www.toronto.ca/explore-enjoy/parks-recreation/places-spaces/parks-and-recreation-facilities/location/?id=842",
    "source": "City of Toronto Open Data (Park Washroom Facilities)",
    "city_asset_id": "29408"
   }
  },
  {
   "type": "Feature",
   "geometry": {
    "type": "Point",
    "coordinates": [
     -79.3079182,
     43.6627463
    ]
   },
   "properties": {
    "id": "toronto-37104",
    "name": "Woodbine Bathing Station Washroom",
    "location": "Woodbine Beach Park",
    "type": "Washroom Building",
    "address": "1675 Lake Shore Blvd  E",
    "hours": "9 a.m. to 10 p.m.",
    "details": "Located at the eastern end of the lot south of the boardwalk.",
    "accessible": null,
    "access": "yes",
    "fee": "no",
    "status": "open",
    "status_reason": null,
    "url": "https://www.toronto.ca/explore-enjoy/parks-recreation/places-spaces/parks-and-recreation-facilities/location/?id=311",
    "source": "City of Toronto Open Data (Park Washroom Facilities)",
    "city_asset_id": "37104"
   }
  },
  {
   "type": "Feature",
   "geometry": {
    "type": "Point",
    "coordinates": [
     -79.3294327,
     43.7833757
    ]
   },
   "properties": {
    "id": "toronto-988593",
    "name": "Clydesdale Park Tennis Clubhouse Universal Washroom",
    "location": "Clydesdale Park",
    "type": "Universal Washroom, All-Gender Washroom, Accessible Washroom",
    "address": "116 Clydesdale Dr",
    "hours": "9 a.m. - 10 p.m.",
    "details": "Located on the east side of the tennis club building",
    "accessible": null,
    "access": "yes",
    "fee": "no",
    "status": "open",
    "status_reason": null,
    "url": "https://www.toronto.ca/explore-enjoy/parks-recreation/places-spaces/parks-and-recreation-facilities/location/?id=494",
    "source": "City of Toronto Open Data (Park Washroom Facilities)",
    "city_asset_id": "988593"
   }
  },
  {
   "type": "Feature",
   "geometry": {
    "type": "Point",
    "coordinates": [
     -79.4774548,
     43.7341768
    ]
   },
   "properties": {
    "id": "toronto-78226",
    "name": "Stanley Greene Park Pavilion Washroom",
    "location": "Stanley Greene Park",
    "type": "All-Gender Washroom, Accessible Washroom",
    "address": "55 Stanley Greene Blvd.",
    "hours": "9 a.m. to 10 p.m.",
    "details": "Located next to the splash pad and playground.",
    "accessible": "Entrance at Grade, Powered Door Opener",
    "access": "yes",
    "fee": "no",
    "status": "open",
    "status_reason": null,
    "url": "https://www.toronto.ca/explore-enjoy/parks-recreation/places-spaces/parks-and-recreation-facilities/location/?id=3693",
    "source": "City of Toronto Open Data (Park Washroom Facilities)",
    "city_asset_id": "78226"
   }
  },
  {
   "type": "Feature",
   "geometry": {
    "type": "Point",
    "coordinates": [
     -79.3652907,
     43.6207411
    ]
   },
   "properties": {
    "id": "toronto-29708",
    "name": "Toronto Islands - Ward's Island Chippewa House Washroom",
    "location": "Toronto Islands - Ward's Island",
    "type": "Washroom Building",
    "address": "1 Centre Island Park",
    "hours": null,
    "details": "Located at the south west corner of Chippawa and Cibola Avenues.",
    "accessible": "Accessible Stall, Entrance at Grade",
    "access": "yes",
    "fee": "no",
    "status": "open",
    "status_reason": null,
    "url": "https://www.toronto.ca/explore-enjoy/parks-recreation/places-spaces/parks-and-recreation-facilities/location/?id=2039",
    "source": "City of Toronto Open Data (Park Washroom Facilities)",
    "city_asset_id": "29708"
   }
  },
  {
   "type": "Feature",
   "geometry": {
    "type": "Point",
    "coordinates": [
     -79.4321957,
     43.6570529
    ]
   },
   "properties": {
    "id": "toronto-29379",
    "name": "Dufferin Grove Sports Field Washroom",
    "location": "Dufferin Grove Park",
    "type": "Washroom Building",
    "address": "875 Dufferin St",
    "hours": "9 a.m. to 10 p.m.",
    "details": "Located in the grassy area west of the sports field.",
    "accessible": "Accessible Stall, Entrance at Grade",
    "access": "yes",
    "fee": "no",
    "status": "open",
    "status_reason": null,
    "url": "https://www.toronto.ca/explore-enjoy/parks-recreation/places-spaces/parks-and-recreation-facilities/location/?id=87",
    "source": "City of Toronto Open Data (Park Washroom Facilities)",
    "city_asset_id": "29379"
   }
  },
  {
   "type": "Feature",
   "geometry": {
    "type": "Point",
    "coordinates": [
     -79.3047117,
     43.6649652
    ]
   },
   "properties": {
    "id": "toronto-5459",
    "name": "Donald D. Summerville Olympic Outdoor Pool Washroom",
    "location": "Donald D. Summerville Olympic Pools",
    "type": "Washroom Building",
    "address": "1867 Lake Shore Blvd  E",
    "hours": "9 a.m. to 10 p.m.",
    "details": "Entrance is located on the outside of the outdoor pool building on the south side of the building.",
    "accessible": "Entrance at Grade, Child Change Table",
    "access": "yes",
    "fee": "no",
    "status": "open",
    "status_reason": null,
    "url": "https://www.toronto.ca/explore-enjoy/parks-recreation/places-spaces/parks-and-recreation-facilities/location/?id=437",
    "source": "City of Toronto Open Data (Park Washroom Facilities)",
    "city_asset_id": "5459"
   }
  },
  {
   "type": "Feature",
   "geometry": {
    "type": "Point",
    "coordinates": [
     -79.3792119,
     43.6832752
    ]
   },
   "properties": {
    "id": "toronto-28899",
    "name": "Rosedale Park Washroom",
    "location": "Rosedale Park",
    "type": "Washroom Building",
    "address": "20 Scholfield Ave",
    "hours": "View outdoor rink hours",
    "details": "Located in the rink building west of the outdoor ice rink.",
    "accessible": null,
    "access": "yes",
    "fee": "no",
    "status": "open",
    "status_reason": null,
    "url": "https://www.toronto.ca/explore-enjoy/parks-recreation/places-spaces/parks-and-recreation-facilities/location/?id=210",
    "source": "City of Toronto Open Data (Park Washroom Facilities)",
    "city_asset_id": "28899"
   }
  },
  {
   "type": "Feature",
   "geometry": {
    "type": "Point",
    "coordinates": [
     -79.4372116,
     43.7074885
    ]
   },
   "properties": {
    "id": "toronto-13688",
    "name": "Viewmount Community Centre Washroom",
    "location": "Viewmount Park",
    "type": "Washroom Building",
    "address": "169 Viewmount Ave",
    "hours": "View centre hours",
    "details": "Entrance is located on the outside of the Community Centre.",
    "accessible": null,
    "access": "yes",
    "fee": "no",
    "status": "open",
    "status_reason": null,
    "url": "https://www.toronto.ca/explore-enjoy/parks-recreation/places-spaces/parks-and-recreation-facilities/location/?id=772",
    "source": "City of Toronto Open Data (Park Washroom Facilities)",
    "city_asset_id": "13688"
   }
  },
  {
   "type": "Feature",
   "geometry": {
    "type": "Point",
    "coordinates": [
     -79.4492955,
     43.6370211
    ]
   },
   "properties": {
    "id": "toronto-29312",
    "name": "Budapest Park Washroom",
    "location": "Budapest Park",
    "type": "Washroom Building",
    "address": "1575 Lake Shore Blvd  W",
    "hours": "9 a.m. to 10 p.m.",
    "details": "Located at the east end of the parking lot.",
    "accessible": null,
    "access": "yes",
    "fee": "no",
    "status": "open",
    "status_reason": null,
    "url": "https://www.toronto.ca/explore-enjoy/parks-recreation/places-spaces/parks-and-recreation-facilities/location/?id=335",
    "source": "City of Toronto Open Data (Park Washroom Facilities)",
    "city_asset_id": "29312"
   }
  },
  {
   "type": "Feature",
   "geometry": {
    "type": "Point",
    "coordinates": [
     -79.3790743,
     43.6223126
    ]
   },
   "properties": {
    "id": "toronto-29689",
    "name": "Toronto Islands - Ferry Dock Washroom",
    "location": "Toronto Islands - Toronto Island Park",
    "type": "Washroom Building",
    "address": "9 Queens Quay  W",
    "hours": null,
    "details": "Located at the west side of the ferry dock plaza.",
    "accessible": "Accessible Stall, Entrance at Grade, Child Change Table",
    "access": "yes",
    "fee": "no",
    "status": "open",
    "status_reason": null,
    "url": "https://www.toronto.ca/explore-enjoy/parks-recreation/places-spaces/parks-and-recreation-facilities/location/?id=2024",
    "source": "City of Toronto Open Data (Park Washroom Facilities)",
    "city_asset_id": "29689"
   }
  },
  {
   "type": "Feature",
   "geometry": {
    "type": "Point",
    "coordinates": [
     -79.4622231,
     43.7792385
    ]
   },
   "properties": {
    "id": "toronto-13493",
    "name": "G. Ross Lord Park Sport Pavillion Washroom",
    "location": "G. Ross Lord Park",
    "type": "Washroom Building",
    "address": "4801 Dufferin St",
    "hours": "9 a.m. to 10 p.m.",
    "details": "Located in the sports pavilion east of main parking lot.",
    "accessible": null,
    "access": "yes",
    "fee": "no",
    "status": "open",
    "status_reason": null,
    "url": "https://www.toronto.ca/explore-enjoy/parks-recreation/places-spaces/parks-and-recreation-facilities/location/?id=11",
    "source": "City of Toronto Open Data (Park Washroom Facilities)",
    "city_asset_id": "13493"
   }
  },
  {
   "type": "Feature",
   "geometry": {
    "type": "Point",
    "coordinates": [
     -79.4095082,
     43.7212874
    ]
   },
   "properties": {
    "id": "toronto-14068",
    "name": "Otter Creek Centre Outdoor Rink Washroom",
    "location": "Otter Creek Centre",
    "type": "Washroom Building",
    "address": "140 Cheritan Ave",
    "hours": "View outdoor rink hours",
    "details": "Located in the rink building east of the outdoor ice rink.",
    "accessible": null,
    "access": "yes",
    "fee": "no",
    "status": "closed",
    "status_reason": "Closed for the Season",
    "url": "https://www.toronto.ca/explore-enjoy/parks-recreation/places-spaces/parks-and-recreation-facilities/location/?id=251",
    "source": "City of Toronto Open Data (Park Washroom Facilities)",
    "city_asset_id": "14068"
   }
  },
  {
   "type": "Feature",
   "geometry": {
    "type": "Point",
    "coordinates": [
     -79.386004,
     43.7014217
    ]
   },
   "properties": {
    "id": "toronto-28890",
    "name": "Hodgson Public School Grounds Outdoor Rink Washroom",
    "location": "Hodgson Public School",
    "type": "Washroom Building",
    "address": "276 Davisville Ave",
    "hours": "View outdoor rink hours",
    "details": "Located on the north side on the outdoor ice rink.",
    "accessible": null,
    "access": "yes",
    "fee": "no",
    "status": "closed",
    "status_reason": "Closed for the Season",
    "url": "https://www.toronto.ca/explore-enjoy/parks-recreation/places-spaces/parks-and-recreation-facilities/location/?id=1220",
    "source": "City of Toronto Open Data (Park Washroom Facilities)",
    "city_asset_id": "28890"
   }
  },
  {
   "type": "Feature",
   "geometry": {
    "type": "Point",
    "coordinates": [
     -79.3555058,
     43.6677275
    ]
   },
   "properties": {
    "id": "toronto-29612",
    "name": "Riverdale Park East Fieldhouse Washroom",
    "location": "Riverdale Park East",
    "type": "Washroom Building",
    "address": "550 Broadview Ave",
    "hours": "9 a.m. to 10 p.m.",
    "details": "Located in the fieldhouse at the south end of the park.",
    "accessible": "Entrance at Grade",
    "access": "yes",
    "fee": "no",
    "status": "open",
    "status_reason": null,
    "url": "https://www.toronto.ca/explore-enjoy/parks-recreation/places-spaces/parks-and-recreation-facilities/location/?id=343",
    "source": "City of Toronto Open Data (Park Washroom Facilities)",
    "city_asset_id": "29612"
   }
  },
  {
   "type": "Feature",
   "geometry": {
    "type": "Point",
    "coordinates": [
     -79.4992663,
     43.5987886
    ]
   },
   "properties": {
    "id": "toronto-28894",
    "name": "Prince of Wales Outdoor Rink Washroom",
    "location": "Prince of Wales Rink",
    "type": "Washroom Building",
    "address": "1 Third St",
    "hours": "View outdoor rink hours",
    "details": "Located on the west side of the ice outdoor rink.",
    "accessible": null,
    "access": "yes",
    "fee": "no",
    "status": "closed",
    "status_reason": "Closed for the Season",
    "url": "https://www.toronto.ca/explore-enjoy/parks-recreation/places-spaces/parks-and-recreation-facilities/location/?id=819",
    "source": "City of Toronto Open Data (Park Washroom Facilities)",
    "city_asset_id": "28894"
   }
  },
  {
   "type": "Feature",
   "geometry": {
    "type": "Point",
    "coordinates": [
     -79.5249163,
     43.6641904
    ]
   },
   "properties": {
    "id": "toronto-28891",
    "name": "Humber Valley Outdoor Rink Washroom",
    "location": "Humber Valley Rink",
    "type": "Washroom Building",
    "address": "50 Anglesey Blvd",
    "hours": "View outdoor rink hours",
    "details": "Located in the outdoor rink building.",
    "accessible": null,
    "access": "yes",
    "fee": "no",
    "status": "closed",
    "status_reason": "Closed for the Season",
    "url": "https://www.toronto.ca/explore-enjoy/parks-recreation/places-spaces/parks-and-recreation-facilities/location/?id=816",
    "source": "City of Toronto Open Data (Park Washroom Facilities)",
    "city_asset_id": "28891"
   }
  },
  {
   "type": "Feature",
   "geometry": {
    "type": "Point",
    "coordinates": [
     -79.5474595,
     43.6024034
    ]
   },
   "properties": {
    "id": "toronto-28902",
    "name": "Sir Adam Beck Park Outdoor Rink Washroom",
    "location": "Sir Adam Beck Rink",
    "type": "Washroom Building",
    "address": "55 Eltham Dr",
    "hours": "View outdoor rink hours",
    "details": "Located in the rink building next to the outdoor ice rink.",
    "accessible": null,
    "access": "yes",
    "fee": "no",
    "status": "closed",
    "status_reason": "Closed for the Season",
    "url": "https://www.toronto.ca/explore-enjoy/parks-recreation/places-spaces/parks-and-recreation-facilities/location/?id=814",
    "source": "City of Toronto Open Data (Park Washroom Facilities)",
    "city_asset_id": "28902"
   }
  },
  {
   "type": "Feature",
   "geometry": {
    "type": "Point",
    "coordinates": [
     -79.5590244,
     43.6635821
    ]
   },
   "properties": {
    "id": "toronto-28893",
    "name": "West Deane Park Outdoor Rink Washroom",
    "location": "West Deane Park",
    "type": "Washroom Building",
    "address": "19 Sedgebrook Cres",
    "hours": "View outdoor rink hours",
    "details": "Located in the outdoor rink building.",
    "accessible": null,
    "access": "yes",
    "fee": "no",
    "status": "closed",
    "status_reason": "Closed for the Season",
    "url": "https://www.toronto.ca/explore-enjoy/parks-recreation/places-spaces/parks-and-recreation-facilities/location/?id=873",
    "source": "City of Toronto Open Data (Park Washroom Facilities)",
    "city_asset_id": "28893"
   }
  },
  {
   "type": "Feature",
   "geometry": {
    "type": "Point",
    "coordinates": [
     -79.5779207,
     43.7244593
    ]
   },
   "properties": {
    "id": "toronto-28904",
    "name": "Sunnydale Acres Park Outdoor Rink Washroom",
    "location": "Sunnydale Acres Park",
    "type": "Washroom Building",
    "address": "50 Amoro Dr",
    "hours": "View outdoor rink hours",
    "details": "Located in the outdoor ice rink building.",
    "accessible": null,
    "access": "yes",
    "fee": "no",
    "status": "closed",
    "status_reason": "Closed for the Season",
    "url": "https://www.toronto.ca/explore-enjoy/parks-recreation/places-spaces/parks-and-recreation-facilities/location/?id=809",
    "source": "City of Toronto Open Data (Park Washroom Facilities)",
    "city_asset_id": "28904"
   }
  },
  {
   "type": "Feature",
   "geometry": {
    "type": "Point",
    "coordinates": [
     -79.5343866,
     43.6946617
    ]
   },
   "properties": {
    "id": "toronto-29720",
    "name": "Valleyfield Park Outdoor Rink Washroom",
    "location": "Valleyfield Park",
    "type": "Washroom Building",
    "address": "35 The Westway",
    "hours": "View outdoor rink hours",
    "details": "Located in the rink building next to the ice rink.",
    "accessible": null,
    "access": "yes",
    "fee": "no",
    "status": "closed",
    "status_reason": "Closed for the Season",
    "url": "https://www.toronto.ca/explore-enjoy/parks-recreation/places-spaces/parks-and-recreation-facilities/location/?id=812",
    "source": "City of Toronto Open Data (Park Washroom Facilities)",
    "city_asset_id": "29720"
   }
  },
  {
   "type": "Feature",
   "geometry": {
    "type": "Point",
    "coordinates": [
     -79.5475486,
     43.6445346
    ]
   },
   "properties": {
    "id": "toronto-28907",
    "name": "Wedgewood Park Outdoor Rink Washroom",
    "location": "Wedgewood Park",
    "type": "Washroom Building",
    "address": "15 Swan Ave",
    "hours": "View outdoor rink hours",
    "details": "Located in the rink building next to the outdoor ice rink.",
    "accessible": null,
    "access": "yes",
    "fee": "no",
    "status": "closed",
    "status_reason": "Closed for the Season",
    "url": "https://www.toronto.ca/explore-enjoy/parks-recreation/places-spaces/parks-and-recreation-facilities/location/?id=773",
    "source": "City of Toronto Open Data (Park Washroom Facilities)",
    "city_asset_id": "28907"
   }
  },
  {
   "type": "Feature",
   "geometry": {
    "type": "Point",
    "coordinates": [
     -79.4148812,
     43.646259
    ]
   },
   "properties": {
    "id": "toronto-2006",
    "name": "Trinity Community Recreation Centre Washroom",
    "location": "Trinity Community Recreation Centre",
    "type": "All-Gender Washroom, Accessible Washroom",
    "address": "155 Crawford St",
    "hours": "View centre hours",
    "details": "Located in the Community Centre.",
    "accessible": "Entrance at Grade, Powered Door Opener, Child Change Table",
    "access": "yes",
    "fee": "no",
    "status": "open",
    "status_reason": null,
    "url": "https://www.toronto.ca/explore-enjoy/parks-recreation/places-spaces/parks-and-recreation-facilities/location/?id=287",
    "source": "City of Toronto Open Data (Park Washroom Facilities)",
    "city_asset_id": "2006"
   }
  },
  {
   "type": "Feature",
   "geometry": {
    "type": "Point",
    "coordinates": [
     -79.4084017,
     43.6842887
    ]
   },
   "properties": {
    "id": "toronto-29641",
    "name": "Sir Winston Churchill Park Washroom",
    "location": "Sir Winston Churchill Park",
    "type": "Washroom Building",
    "address": "301 St. Clair Ave  W",
    "hours": "9 a.m. to 10 p.m.",
    "details": "Located in the clubhouse/washroom building.",
    "accessible": null,
    "access": "yes",
    "fee": "no",
    "status": "open",
    "status_reason": null,
    "url": "https://www.toronto.ca/explore-enjoy/parks-recreation/places-spaces/parks-and-recreation-facilities/location/?id=200",
    "source": "City of Toronto Open Data (Park Washroom Facilities)",
    "city_asset_id": "29641"
   }
  },
  {
   "type": "Feature",
   "geometry": {
    "type": "Point",
    "coordinates": [
     -79.3570177,
     43.6725183
    ]
   },
   "properties": {
    "id": "toronto-6171",
    "name": "Riverdale Park East Outdoor Rink / Pool Washroom",
    "location": "Riverdale Park East",
    "type": "Washroom Building",
    "address": "550 Broadview Ave",
    "hours": "View facility hours",
    "details": "Located in the outdoor pool and rink building.",
    "accessible": null,
    "access": "yes",
    "fee": "no",
    "status": "open",
    "status_reason": null,
    "url": "https://www.toronto.ca/explore-enjoy/parks-recreation/places-spaces/parks-and-recreation-facilities/location/?id=343",
    "source": "City of Toronto Open Data (Park Washroom Facilities)",
    "city_asset_id": "6171"
   }
  },
  {
   "type": "Feature",
   "geometry": {
    "type": "Point",
    "coordinates": [
     -79.3753842,
     43.6402703
    ]
   },
   "properties": {
    "id": "toronto-58062",
    "name": "Jack Layton Ferry Terminal Washroom",
    "location": "Jack Layton Ferry Terminal",
    "type": "Washroom Building",
    "address": "25 Queens Quay W",
    "hours": "6:30 a.m. to 11:30 p.m.",
    "details": "Located in the main building on the west side of the Ferry Terminal entrance, accessed after ferry ticket purchase.",
    "accessible": "Accessible Stall, Entrance at Grade",
    "access": "yes",
    "fee": "no",
    "status": "open",
    "status_reason": null,
    "url": "https://www.toronto.ca/explore-enjoy/parks-recreation/places-spaces/parks-and-recreation-facilities/location/?id=3789",
    "source": "City of Toronto Open Data (Park Washroom Facilities)",
    "city_asset_id": "58062"
   }
  },
  {
   "type": "Feature",
   "geometry": {
    "type": "Point",
    "coordinates": [
     -79.3593618,
     43.7341065
    ]
   },
   "properties": {
    "id": "toronto-13476",
    "name": "Edwards Gardens Washroom",
    "location": "Edwards Gardens",
    "type": "Washroom Building",
    "address": "755 Lawrence Ave  E",
    "hours": "9 a.m. to 10 p.m.",
    "details": "Located at the back of the outdoor café building.",
    "accessible": null,
    "access": "yes",
    "fee": "no",
    "status": "open",
    "status_reason": null,
    "url": "https://www.toronto.ca/explore-enjoy/parks-recreation/places-spaces/parks-and-recreation-facilities/location/?id=473",
    "source": "City of Toronto Open Data (Park Washroom Facilities)",
    "city_asset_id": "13476"
   }
  },
  {
   "type": "Feature",
   "geometry": {
    "type": "Point",
    "coordinates": [
     -79.542133,
     43.6884532
    ]
   },
   "properties": {
    "id": "toronto-28910",
    "name": "Westway Outdoor Rink Washroom",
    "location": "Westway Park",
    "type": "Washroom Building",
    "address": "175 The Westway",
    "hours": "View outdoor rink hours",
    "details": "Located in the rink building next to the outdoor ice rink.",
    "accessible": null,
    "access": "yes",
    "fee": "no",
    "status": "open",
    "status_reason": null,
    "url": "https://www.toronto.ca/explore-enjoy/parks-recreation/places-spaces/parks-and-recreation-facilities/location/?id=804",
    "source": "City of Toronto Open Data (Park Washroom Facilities)",
    "city_asset_id": "28910"
   }
  },
  {
   "type": "Feature",
   "geometry": {
    "type": "Point",
    "coordinates": [
     -79.5662726,
     43.6415386
    ]
   },
   "properties": {
    "id": "toronto-28908",
    "name": "West Mall Outdoor Rink Washroom",
    "location": "West Mall Rink",
    "type": "Washroom Building",
    "address": "370 The West Mall",
    "hours": "View outdoor rink hours",
    "details": "Located in the rink building next to the outdoor ice rink.",
    "accessible": null,
    "access": "yes",
    "fee": "no",
    "status": "open",
    "status_reason": null,
    "url": "https://www.toronto.ca/explore-enjoy/parks-recreation/places-spaces/parks-and-recreation-facilities/location/?id=2642",
    "source": "City of Toronto Open Data (Park Washroom Facilities)",
    "city_asset_id": "28908"
   }
  },
  {
   "type": "Feature",
   "geometry": {
    "type": "Point",
    "coordinates": [
     -79.6047394,
     43.7527207
    ]
   },
   "properties": {
    "id": "toronto-28900",
    "name": "Royal Crest Park Outdoor Rink Washroom",
    "location": "Royal Crest Rink",
    "type": "Washroom Building",
    "address": "50 Cabernet Cir",
    "hours": "View outdoor rink hours",
    "details": "Located in the outdoor ice rink building.",
    "accessible": null,
    "access": "yes",
    "fee": "no",
    "status": "closed",
    "status_reason": "Maintenance/Repairs",
    "url": "https://www.toronto.ca/explore-enjoy/parks-recreation/places-spaces/parks-and-recreation-facilities/location/?id=878",
    "source": "City of Toronto Open Data (Park Washroom Facilities)",
    "city_asset_id": "28900"
   }
  },
  {
   "type": "Feature",
   "geometry": {
    "type": "Point",
    "coordinates": [
     -79.5001359,
     43.6835362
    ]
   },
   "properties": {
    "id": "toronto-29631",
    "name": "Scarlett Woods Golf Course Washroom",
    "location": "Scarlett Woods Golf Course",
    "type": "Washroom Building",
    "address": "1000 Jane St",
    "hours": "9 a.m. to 10 p.m.",
    "details": "Located on the south side of clubhouse building.",
    "accessible": null,
    "access": "yes",
    "fee": "no",
    "status": "open",
    "status_reason": null,
    "url": "https://www.toronto.ca/explore-enjoy/parks-recreation/places-spaces/parks-and-recreation-facilities/location/?id=401",
    "source": "City of Toronto Open Data (Park Washroom Facilities)",
    "city_asset_id": "29631"
   }
  },
  {
   "type": "Feature",
   "geometry": {
    "type": "Point",
    "coordinates": [
     -79.2806433,
     43.683592
    ]
   },
   "properties": {
    "id": "toronto-5932",
    "name": "Blantyre Park Outdoor Pool Washroom",
    "location": "Blantyre Park",
    "type": "Washroom Building",
    "address": "180 Fallingbrook Rd",
    "hours": "View outdoor pool hours",
    "details": "Located in the pool building south of the outdoor pool.",
    "accessible": null,
    "access": "yes",
    "fee": "no",
    "status": "closed",
    "status_reason": "Under Construction",
    "url": "https://www.toronto.ca/explore-enjoy/parks-recreation/places-spaces/parks-and-recreation-facilities/location/?id=557",
    "source": "City of Toronto Open Data (Park Washroom Facilities)",
    "city_asset_id": "5932"
   }
  },
  {
   "type": "Feature",
   "geometry": {
    "type": "Point",
    "coordinates": [
     -79.3611986,
     43.6463393
    ]
   },
   "properties": {
    "id": "toronto-988554",
    "name": "East Bayfront Community Recreation Centre Washrooms",
    "location": "East Bayfront Community Recreation Centre",
    "type": "Universal Washroom, All-Gender Washroom, Accessible Washroom",
    "address": "261 Queens Quay East",
    "hours": "View centre hours",
    "details": "Located in the Community Centre",
    "accessible": "Accessible Stall, Entrance at Grade, Adult Change Table, Automatic Door Opener",
    "access": "yes",
    "fee": "no",
    "status": "open",
    "status_reason": null,
    "url": "https://www.toronto.ca/explore-enjoy/parks-recreation/places-spaces/parks-and-recreation-facilities/location/?id=3857",
    "source": "City of Toronto Open Data (Park Washroom Facilities)",
    "city_asset_id": "988554"
   }
  },
  {
   "type": "Feature",
   "geometry": {
    "type": "Point",
    "coordinates": [
     -79.5618771,
     43.6606795
    ]
   },
   "properties": {
    "id": "toronto-5555",
    "name": "West Deane Park Outdoor Pool Washroom",
    "location": "West Deane Park Outdoor Pool",
    "type": "Washroom Building",
    "address": "19 Sedgebrook Cres",
    "hours": "View outdoor pool hours",
    "details": "Located on the west side of the pool on the pathway from Sedgebrook Crescent.",
    "accessible": null,
    "access": "yes",
    "fee": "no",
    "status": "closed",
    "status_reason": "Closed for the Season",
    "url": "https://www.toronto.ca/explore-enjoy/parks-recreation/places-spaces/parks-and-recreation-facilities/location/?id=873",
    "source": "City of Toronto Open Data (Park Washroom Facilities)",
    "city_asset_id": "5555"
   }
  },
  {
   "type": "Feature",
   "geometry": {
    "type": "Point",
    "coordinates": [
     -79.5188492,
     43.6871713
    ]
   },
   "properties": {
    "id": "toronto-5465",
    "name": "Westmount Park Outdoor Pool Washroom",
    "location": "Westmount Park Outdoor Pool",
    "type": "Washroom Building",
    "address": "22 Arcade Dr",
    "hours": "View outdoor pool hours",
    "details": "Located on the pathway south of the tennis courts.",
    "accessible": null,
    "access": "yes",
    "fee": "no",
    "status": "closed",
    "status_reason": "Closed for the Season",
    "url": "https://www.toronto.ca/explore-enjoy/parks-recreation/places-spaces/parks-and-recreation-facilities/location/?id=888",
    "source": "City of Toronto Open Data (Park Washroom Facilities)",
    "city_asset_id": "5465"
   }
  },
  {
   "type": "Feature",
   "geometry": {
    "type": "Point",
    "coordinates": [
     -79.5184559,
     43.698083
    ]
   },
   "properties": {
    "id": "toronto-5470",
    "name": "Weston Lions Park Outdoor Pool Washroom",
    "location": "Weston Lions Park",
    "type": "Washroom Building",
    "address": "2125 Lawrence Ave  W",
    "hours": "View outdoor pool hours",
    "details": "Located at the south end of the parking lot.",
    "accessible": null,
    "access": "yes",
    "fee": "no",
    "status": "closed",
    "status_reason": "Closed for the Season",
    "url": "https://www.toronto.ca/explore-enjoy/parks-recreation/places-spaces/parks-and-recreation-facilities/location/?id=508",
    "source": "City of Toronto Open Data (Park Washroom Facilities)",
    "city_asset_id": "5470"
   }
  },
  {
   "type": "Feature",
   "geometry": {
    "type": "Point",
    "coordinates": [
     -79.3720392,
     43.7677027
    ]
   },
   "properties": {
    "id": "toronto-103143",
    "name": "Ethennonnhawahstihnen Park Outdoor Rink Washroom",
    "location": "Ethennonnhawahstihnen Park",
    "type": "All-Gender Washroom, Accessible Washroom",
    "address": "80 Mcmahon Dr  E",
    "hours": "9 a.m. to 10 p.m.",
    "details": "Located next to the changeroom in the skating pavilion.",
    "accessible": "Powered Door Opener, Entrance at Grade, Distress Call Button, Child Change Table",
    "access": "yes",
    "fee": "no",
    "status": "open",
    "status_reason": null,
    "url": "https://www.toronto.ca/explore-enjoy/parks-recreation/places-spaces/parks-and-recreation-facilities/location/?id=2597",
    "source": "City of Toronto Open Data (Park Washroom Facilities)",
    "city_asset_id": "103143"
   }
  },
  {
   "type": "Feature",
   "geometry": {
    "type": "Point",
    "coordinates": [
     -79.3395837,
     43.667904
    ]
   },
   "properties": {
    "id": "toronto-1866",
    "name": "Matty Eckler Recreation Centre Washroom",
    "location": "Matty Eckler Recreation Centre",
    "type": "Washroom Building",
    "address": "953 Gerrard St  E",
    "hours": "View centre hours",
    "details": "Located in the Community Centre.",
    "accessible": null,
    "access": "yes",
    "fee": "no",
    "status": "open",
    "status_reason": null,
    "url": "https://www.toronto.ca/explore-enjoy/parks-recreation/places-spaces/parks-and-recreation-facilities/location/?id=234",
    "source": "City of Toronto Open Data (Park Washroom Facilities)",
    "city_asset_id": "1866"
   }
  },
  {
   "type": "Feature",
   "geometry": {
    "type": "Point",
    "coordinates": [
     -79.5153437,
     43.5935244
    ]
   },
   "properties": {
    "id": "toronto-13061",
    "name": "Power House Recreation Centre Washroom",
    "location": "Power House Recreation Centre",
    "type": "Washroom Building",
    "address": "65 Colonel Samuel Smith Park Dr",
    "hours": "View outdoor rink hours",
    "details": "Located in the Community Centre.",
    "accessible": null,
    "access": "yes",
    "fee": "no",
    "status": "open",
    "status_reason": null,
    "url": "https://www.toronto.ca/explore-enjoy/parks-recreation/places-spaces/parks-and-recreation-facilities/location/?id=1429",
    "source": "City of Toronto Open Data (Park Washroom Facilities)",
    "city_asset_id": "13061"
   }
  },
  {
   "type": "Feature",
   "geometry": {
    "type": "Point",
    "coordinates": [
     -79.4418055,
     43.6531232
    ]
   },
   "properties": {
    "id": "toronto-29567",
    "name": "MacGregor Playground Washroom",
    "location": "MacGregor Playground",
    "type": "Washroom Building",
    "address": "346 Lansdowne Ave",
    "hours": "9 a.m. to 10 p.m.",
    "details": "Located in the fieldhouse.",
    "accessible": null,
    "access": "yes",
    "fee": "no",
    "status": "closed",
    "status_reason": "Maintenance/Repairs",
    "url": "https://www.toronto.ca/explore-enjoy/parks-recreation/places-spaces/parks-and-recreation-facilities/location/?id=378",
    "source": "City of Toronto Open Data (Park Washroom Facilities)",
    "city_asset_id": "29567"
   }
  },
  {
   "type": "Feature",
   "geometry": {
    "type": "Point",
    "coordinates": [
     -79.369511,
     43.7428399
    ]
   },
   "properties": {
    "id": "toronto-13008",
    "name": "Banbury Community Centre Washroom",
    "location": "Banbury Community Centre",
    "type": "Washroom Building",
    "address": "120 Banbury Rd",
    "hours": "View centre hours",
    "details": "Located in the Community Centre.",
    "accessible": null,
    "access": "yes",
    "fee": "no",
    "status": "open",
    "status_reason": null,
    "url": "https://www.toronto.ca/explore-enjoy/parks-recreation/places-spaces/parks-and-recreation-facilities/location/?id=511",
    "source": "City of Toronto Open Data (Park Washroom Facilities)",
    "city_asset_id": "13008"
   }
  },
  {
   "type": "Feature",
   "geometry": {
    "type": "Point",
    "coordinates": [
     -79.3881886,
     43.7002867
    ]
   },
   "properties": {
    "id": "toronto-29354",
    "name": "June Rowlands Park Washroom",
    "location": "June Rowlands Park",
    "type": "Washroom Building",
    "address": "220 Davisville Ave",
    "hours": "9 a.m. to 10 p.m.",
    "details": "Located along Davisville Avenue southwest of the sports field.",
    "accessible": "Entrance at Grade",
    "access": "yes",
    "fee": "no",
    "status": "open",
    "status_reason": null,
    "url": "https://www.toronto.ca/explore-enjoy/parks-recreation/places-spaces/parks-and-recreation-facilities/location/?id=78",
    "source": "City of Toronto Open Data (Park Washroom Facilities)",
    "city_asset_id": "29354"
   }
  },
  {
   "type": "Feature",
   "geometry": {
    "type": "Point",
    "coordinates": [
     -79.1897625,
     43.8054009
    ]
   },
   "properties": {
    "id": "toronto-971308",
    "name": "Rouge Valley Community Recreation Centre  Washrooms",
    "location": "Rouge Valley Community Recreation Centre",
    "type": "Universal Washroom, All-Gender Washroom, Accessible Washroom",
    "address": "8450 Sheppard Ave E",
    "hours": "Centre Hours",
    "details": null,
    "accessible": "Accessible Stall, Adult Change Table, Entrance at Grade, Automatic Door Opener",
    "access": "yes",
    "fee": "no",
    "status": "open",
    "status_reason": null,
    "url": "https://www.toronto.ca/explore-enjoy/parks-recreation/places-spaces/parks-and-recreation-facilities/location/?id=3858",
    "source": "City of Toronto Open Data (Park Washroom Facilities)",
    "city_asset_id": "971308"
   }
  },
  {
   "type": "Feature",
   "geometry": {
    "type": "Point",
    "coordinates": [
     -79.1939601,
     43.7790634
    ]
   },
   "properties": {
    "id": "toronto-29578",
    "name": "Morningside Park Washroom",
    "location": "Morningside Park",
    "type": "Washroom Building",
    "address": "390 Morningside Ave",
    "hours": "9 a.m. to 10 p.m.",
    "details": "Located west of the parking lot, east of the playground.",
    "accessible": null,
    "access": "yes",
    "fee": "no",
    "status": "open",
    "status_reason": null,
    "url": "https://www.toronto.ca/explore-enjoy/parks-recreation/places-spaces/parks-and-recreation-facilities/location/?id=1470",
    "source": "City of Toronto Open Data (Park Washroom Facilities)",
    "city_asset_id": "29578"
   }
  },
  {
   "type": "Feature",
   "geometry": {
    "type": "Point",
    "coordinates": [
     -79.5870169,
     43.6489474
    ]
   },
   "properties": {
    "id": "toronto-101974",
    "name": "Centennial Park Etobicoke Picnic Site 1 Washroom",
    "location": "Centennial Park - Etobicoke",
    "type": "Washroom Building",
    "address": "256 Centennial Park Rd",
    "hours": "9 a.m. to 10 p.m.",
    "details": "Located east of the parking lot off Elmcrest road, northeast of Picnic Site #1 and the playground.",
    "accessible": null,
    "access": "yes",
    "fee": "no",
    "status": "closed",
    "status_reason": "Under Construction",
    "url": "https://www.toronto.ca/explore-enjoy/parks-recreation/places-spaces/parks-and-recreation-facilities/location/?id=798",
    "source": "City of Toronto Open Data (Park Washroom Facilities)",
    "city_asset_id": "101974"
   }
  },
  {
   "type": "Feature",
   "geometry": {
    "type": "Point",
    "coordinates": [
     -79.465769,
     43.6351375
    ]
   },
   "properties": {
    "id": "toronto-29638",
    "name": "Sir Casimir Gzowski Park Fieldhouse Washroom",
    "location": "Sir Casimir Gzowski Park",
    "type": "Washroom Building",
    "address": "2001 Lake Shore Blvd  W",
    "hours": "9 a.m. to 10 p.m.",
    "details": "Located on the pathway from the east end of the parking lot to the boardwalk, across from the playground.",
    "accessible": "Accessible Stall, Entrance at Grade",
    "access": "yes",
    "fee": "no",
    "status": "open",
    "status_reason": null,
    "url": "https://www.toronto.ca/explore-enjoy/parks-recreation/places-spaces/parks-and-recreation-facilities/location/?id=71",
    "source": "City of Toronto Open Data (Park Washroom Facilities)",
    "city_asset_id": "29638"
   }
  },
  {
   "type": "Feature",
   "geometry": {
    "type": "Point",
    "coordinates": [
     -79.4625414,
     43.6622313
    ]
   },
   "properties": {
    "id": "toronto-29277",
    "name": "Baird Park Washroom",
    "location": "Baird Park",
    "type": "Washroom Building",
    "address": "275 Keele St",
    "hours": "9 a.m. to 10 p.m.",
    "details": "Located north of the bowling greens.",
    "accessible": "Accessible Stall, Entrance Access Ramp",
    "access": "yes",
    "fee": "no",
    "status": "open",
    "status_reason": null,
    "url": "https://www.toronto.ca/explore-enjoy/parks-recreation/places-spaces/parks-and-recreation-facilities/location/?id=137",
    "source": "City of Toronto Open Data (Park Washroom Facilities)",
    "city_asset_id": "29277"
   }
  },
  {
   "type": "Feature",
   "geometry": {
    "type": "Point",
    "coordinates": [
     -79.2718623,
     43.8300664
    ]
   },
   "properties": {
    "id": "toronto-13602",
    "name": "Milliken Park Washroom Building",
    "location": "Milliken Park",
    "type": "Washroom Building",
    "address": "5555 Steeles Ave  E",
    "hours": "9 a.m. to 10 p.m.",
    "details": "Located to the west of the parking lot.",
    "accessible": "Child Change Table",
    "access": "yes",
    "fee": "no",
    "status": "open",
    "status_reason": null,
    "url": "https://www.toronto.ca/explore-enjoy/parks-recreation/places-spaces/parks-and-recreation-facilities/location/?id=1088",
    "source": "City of Toronto Open Data (Park Washroom Facilities)",
    "city_asset_id": "13602"
   }
  },
  {
   "type": "Feature",
   "geometry": {
    "type": "Point",
    "coordinates": [
     -79.1915075,
     43.7477914
    ]
   },
   "properties": {
    "id": "toronto-75804",
    "name": "Guild Park and Gardens East Washroom",
    "location": "Guild Park and Gardens",
    "type": "Washroom Building",
    "address": "201 Guildwood Pkwy",
    "hours": "9 a.m. to 10 p.m.",
    "details": "Located at the entrance next to the southeast parking lot in the lower level of the Banquet hall.",
    "accessible": null,
    "access": "yes",
    "fee": "no",
    "status": "open",
    "status_reason": null,
    "url": "https://www.toronto.ca/explore-enjoy/parks-recreation/places-spaces/parks-and-recreation-facilities/location/?id=406",
    "source": "City of Toronto Open Data (Park Washroom Facilities)",
    "city_asset_id": "75804"
   }
  },
  {
   "type": "Feature",
   "geometry": {
    "type": "Point",
    "coordinates": [
     -79.4049054,
     43.6343828
    ]
   },
   "properties": {
    "id": "toronto-1701",
    "name": "Coronation Park Toronto Washroom",
    "location": "Coronation Park - Toronto",
    "type": "Washroom Building",
    "address": "711 Lake Shore Blvd  W",
    "hours": "9 a.m. to 7:30 p.m.",
    "details": "Located east of the south baseball diamond.",
    "accessible": null,
    "access": "yes",
    "fee": "no",
    "status": "open",
    "status_reason": null,
    "url": "https://www.toronto.ca/explore-enjoy/parks-recreation/places-spaces/parks-and-recreation-facilities/location/?id=467",
    "source": "City of Toronto Open Data (Park Washroom Facilities)",
    "city_asset_id": "1701"
   }
  },
  {
   "type": "Feature",
   "geometry": {
    "type": "Point",
    "coordinates": [
     -79.448516,
     43.662934
    ]
   },
   "properties": {
    "id": "toronto-28885",
    "name": "Campbell Avenue Park Outdoor Rink Washroom",
    "location": "Campbell Avenue Park",
    "type": "Washroom Building",
    "address": "225 Campbell Ave",
    "hours": "9 a.m. to 10 p.m.",
    "details": "Entrance is located on the outside of the outdoor ice rink building.",
    "accessible": null,
    "access": "yes",
    "fee": "no",
    "status": "open",
    "status_reason": null,
    "url": "https://www.toronto.ca/explore-enjoy/parks-recreation/places-spaces/parks-and-recreation-facilities/location/?id=1053",
    "source": "City of Toronto Open Data (Park Washroom Facilities)",
    "city_asset_id": "28885"
   }
  },
  {
   "type": "Feature",
   "geometry": {
    "type": "Point",
    "coordinates": [
     -79.4318602,
     43.7525634
    ]
   },
   "properties": {
    "id": "toronto-2091",
    "name": "Earl Bales Ski and Snowboard Centre Washroom",
    "location": "Earl Bales Ski and Snowboard Centre",
    "type": "Washroom Building",
    "address": "4169 Bathurst St",
    "hours": "9 a.m. to 10 p.m.",
    "details": "Entrance is located on the outside of the Ski and Snowboard Centre.",
    "accessible": "Accessible Stall, Entrance Access Ramp, Child Change Table",
    "access": "yes",
    "fee": "no",
    "status": "open",
    "status_reason": null,
    "url": "https://www.toronto.ca/explore-enjoy/parks-recreation/places-spaces/parks-and-recreation-facilities/location/?id=2766",
    "source": "City of Toronto Open Data (Park Washroom Facilities)",
    "city_asset_id": "2091"
   }
  },
  {
   "type": "Feature",
   "geometry": {
    "type": "Point",
    "coordinates": [
     -79.3360654,
     43.692095
    ]
   },
   "properties": {
    "id": "toronto-28887",
    "name": "Dieppe Park Outdoor Rink Washroom",
    "location": "Dieppe Park",
    "type": "Washroom Building",
    "address": "455 Cosburn Ave",
    "hours": "View outdoor rink hours",
    "details": "Located at the outdoor ice rink.",
    "accessible": null,
    "access": "yes",
    "fee": "no",
    "status": "closed",
    "status_reason": "Closed for the Season",
    "url": "https://www.toronto.ca/explore-enjoy/parks-recreation/places-spaces/parks-and-recreation-facilities/location/?id=327",
    "source": "City of Toronto Open Data (Park Washroom Facilities)",
    "city_asset_id": "28887"
   }
  },
  {
   "type": "Feature",
   "geometry": {
    "type": "Point",
    "coordinates": [
     -79.4669999,
     43.6436646
    ]
   },
   "properties": {
    "id": "toronto-29478",
    "name": "High Park Lower Hillside Washroom",
    "location": "High Park",
    "type": "Washroom Building",
    "address": "1873 Bloor St  W",
    "hours": "9 a.m. to 10 p.m.",
    "details": "Located on the pathway north of Maple Leaf Garden.",
    "accessible": "Accessible Stall, Entrance at Grade",
    "access": "yes",
    "fee": "no",
    "status": "closed",
    "status_reason": "Under Construction",
    "url": "https://www.toronto.ca/explore-enjoy/parks-recreation/places-spaces/parks-and-recreation-facilities/location/?id=77",
    "source": "City of Toronto Open Data (Park Washroom Facilities)",
    "city_asset_id": "29478"
   }
  },
  {
   "type": "Feature",
   "geometry": {
    "type": "Point",
    "coordinates": [
     -79.2710125,
     43.7422986
    ]
   },
   "properties": {
    "id": "toronto-2081",
    "name": "Jack Goodlad Community Centre Washroom",
    "location": "Jack Goodlad Community Centre",
    "type": "Washroom Building",
    "address": "929 Kennedy Rd",
    "hours": "9 a.m. to 10 p.m.",
    "details": "Entrance is located on the outside of the Community Centre.",
    "accessible": null,
    "access": "yes",
    "fee": "no",
    "status": "open",
    "status_reason": null,
    "url": "https://www.toronto.ca/explore-enjoy/parks-recreation/places-spaces/parks-and-recreation-facilities/location/?id=630",
    "source": "City of Toronto Open Data (Park Washroom Facilities)",
    "city_asset_id": "2081"
   }
  },
  {
   "type": "Feature",
   "geometry": {
    "type": "Point",
    "coordinates": [
     -79.3122123,
     43.664857
    ]
   },
   "properties": {
    "id": "toronto-41663",
    "name": "Woodbine Park Washroom",
    "location": "Woodbine Park",
    "type": "Washroom Building",
    "address": "1695 Queen St  E",
    "hours": "9 a.m. to 10 p.m.",
    "details": "Located in the fieldhouse.",
    "accessible": "Entrance at Grade, Child Change Table",
    "access": "yes",
    "fee": "no",
    "status": "open",
    "status_reason": null,
    "url": "https://www.toronto.ca/explore-enjoy/parks-recreation/places-spaces/parks-and-recreation-facilities/location/?id=431",
    "source": "City of Toronto Open Data (Park Washroom Facilities)",
    "city_asset_id": "41663"
   }
  },
  {
   "type": "Feature",
   "geometry": {
    "type": "Point",
    "coordinates": [
     -79.2309085,
     43.7288866
    ]
   },
   "properties": {
    "id": "toronto-5665",
    "name": "Halbert Park Outdoor Pool Washroom",
    "location": "Halbert Park",
    "type": "Washroom Building",
    "address": "24 Rockwood Dr",
    "hours": "View outdoor pool hours",
    "details": "Located on the pathway at the north end of the outdoor pool.",
    "accessible": null,
    "access": "yes",
    "fee": "no",
    "status": "open",
    "status_reason": null,
    "url": "https://www.toronto.ca/explore-enjoy/parks-recreation/places-spaces/parks-and-recreation-facilities/location/?id=768",
    "source": "City of Toronto Open Data (Park Washroom Facilities)",
    "city_asset_id": "5665"
   }
  },
  {
   "type": "Feature",
   "geometry": {
    "type": "Point",
    "coordinates": [
     -79.2578159,
     43.773422
    ]
   },
   "properties": {
    "id": "toronto-12",
    "name": "Albert Campbell Square Outdoor Rink Washroom",
    "location": "Albert Campbell Square",
    "type": "Washroom Building",
    "address": "150 Borough Dr",
    "hours": "View outdoor rink hours",
    "details": "Located at the west end of the outdoor ice rink.",
    "accessible": null,
    "access": "yes",
    "fee": "no",
    "status": "open",
    "status_reason": null,
    "url": "https://www.toronto.ca/explore-enjoy/parks-recreation/places-spaces/parks-and-recreation-facilities/location/?id=2155",
    "source": "City of Toronto Open Data (Park Washroom Facilities)",
    "city_asset_id": "12"
   }
  },
  {
   "type": "Feature",
   "geometry": {
    "type": "Point",
    "coordinates": [
     -79.3317979,
     43.7178844
    ]
   },
   "properties": {
    "id": "toronto-273",
    "name": "Dennis R. Timbrell Resource Centre Washroom",
    "location": "Dennis R. Timbrell Resource Centre",
    "type": "All-Gender Washroom, Accessible Washroom",
    "address": "29 St Dennis Dr",
    "hours": "View centre hours",
    "details": "Located in the Community Centre.",
    "accessible": "yes",
    "access": "yes",
    "fee": "no",
    "status": "open",
    "status_reason": null,
    "url": "https://www.toronto.ca/explore-enjoy/parks-recreation/places-spaces/parks-and-recreation-facilities/location/?id=1056",
    "source": "City of Toronto Open Data (Park Washroom Facilities)",
    "city_asset_id": "273"
   }
  },
  {
   "type": "Feature",
   "geometry": {
    "type": "Point",
    "coordinates": [
     -79.4572216,
     43.6444138
    ]
   },
   "properties": {
    "id": "toronto-29511",
    "name": "High Park Parkside Drive Washroom",
    "location": "High Park",
    "type": "Washroom Building",
    "address": "1873 Bloor St  W",
    "hours": "9 a.m. to 10 p.m.",
    "details": "Located near the Parkside Drive entrance.",
    "accessible": "Accessible Stall, Entrance at Grade, Automatic Door Opener, Child Change Table",
    "access": "yes",
    "fee": "no",
    "status": "open",
    "status_reason": null,
    "url": "https://www.toronto.ca/explore-enjoy/parks-recreation/places-spaces/parks-and-recreation-facilities/location/?id=77",
    "source": "City of Toronto Open Data (Park Washroom Facilities)",
    "city_asset_id": "29511"
   }
  },
  {
   "type": "Feature",
   "geometry": {
    "type": "Point",
    "coordinates": [
     -79.5471291,
     43.6016947
    ]
   },
   "properties": {
    "id": "toronto-1610",
    "name": "Alderwood Centre Washroom",
    "location": "Alderwood Centre",
    "type": "Washroom Building",
    "address": "2 Orianna Dr",
    "hours": "View centre hours.",
    "details": "Located in the Community Centre.",
    "accessible": null,
    "access": "yes",
    "fee": "no",
    "status": "open",
    "status_reason": null,
    "url": "https://www.toronto.ca/explore-enjoy/parks-recreation/places-spaces/parks-and-recreation-facilities/location/?id=897",
    "source": "City of Toronto Open Data (Park Washroom Facilities)",
    "city_asset_id": "1610"
   }
  },
  {
   "type": "Feature",
   "geometry": {
    "type": "Point",
    "coordinates": [
     -79.3464167,
     43.6747183
    ]
   },
   "properties": {
    "id": "toronto-29749",
    "name": "Withrow Park Outdoor Rink Washroom",
    "location": "Withrow Park",
    "type": "Washroom Building",
    "address": "725 Logan Ave",
    "hours": "View outdoor rink hours",
    "details": "Located in the rink building north of the ice rink.",
    "accessible": null,
    "access": "yes",
    "fee": "no",
    "status": "closed",
    "status_reason": "Closed for the Season",
    "url": "https://www.toronto.ca/explore-enjoy/parks-recreation/places-spaces/parks-and-recreation-facilities/location/?id=306",
    "source": "City of Toronto Open Data (Park Washroom Facilities)",
    "city_asset_id": "29749"
   }
  },
  {
   "type": "Feature",
   "geometry": {
    "type": "Point",
    "coordinates": [
     -79.201712,
     43.777599
    ]
   },
   "properties": {
    "id": "toronto-29580",
    "name": "Morningside Park West Parking Lot Washroom",
    "location": "Morningside Park",
    "type": "Washroom Building",
    "address": "390 Morningside Ave",
    "hours": "9 a.m. to 10 p.m.",
    "details": "Located on the pathway between Picnic Site #8 and #9.",
    "accessible": "Entrance at Grade",
    "access": "yes",
    "fee": "no",
    "status": "open",
    "status_reason": null,
    "url": "https://www.toronto.ca/explore-enjoy/parks-recreation/places-spaces/parks-and-recreation-facilities/location/?id=1470",
    "source": "City of Toronto Open Data (Park Washroom Facilities)",
    "city_asset_id": "29580"
   }
  },
  {
   "type": "Feature",
   "geometry": {
    "type": "Point",
    "coordinates": [
     -79.1626117,
     43.7602654
    ]
   },
   "properties": {
    "id": "toronto-29392",
    "name": "East Point Park Ken Morrish Softball Complex Washroom",
    "location": "East Point Park",
    "type": "Washroom Building",
    "address": "101 Copperfield Rd",
    "hours": "9 a.m. to 10 p.m.",
    "details": "Entrance is located on the outside of the Softball Complex.",
    "accessible": "Accessible Stall, Entrance at Grade",
    "access": "yes",
    "fee": "no",
    "status": "open",
    "status_reason": null,
    "url": "https://www.toronto.ca/explore-enjoy/parks-recreation/places-spaces/parks-and-recreation-facilities/location/?id=1079",
    "source": "City of Toronto Open Data (Park Washroom Facilities)",
    "city_asset_id": "29392"
   }
  },
  {
   "type": "Feature",
   "geometry": {
    "type": "Point",
    "coordinates": [
     -79.3822504,
     43.6935854
    ]
   },
   "properties": {
    "id": "toronto-30923",
    "name": "Moorevale Park Tennis Club Washroom",
    "location": "Moorevale Park",
    "type": "Washroom Building",
    "address": "175 Moore Ave",
    "hours": "9 a.m. to 10 p.m.",
    "details": "Located in the Moore Park Tennis Club building.",
    "accessible": "Accessible Stall, Entrance Access Ramp, Child Change Table",
    "access": "yes",
    "fee": "no",
    "status": "open",
    "status_reason": null,
    "url": "https://www.toronto.ca/explore-enjoy/parks-recreation/places-spaces/parks-and-recreation-facilities/location/?id=168",
    "source": "City of Toronto Open Data (Park Washroom Facilities)",
    "city_asset_id": "30923"
   }
  },
  {
   "type": "Feature",
   "geometry": {
    "type": "Point",
    "coordinates": [
     -79.3838047,
     43.6596506
    ]
   },
   "properties": {
    "id": "toronto-215",
    "name": "Barbara Ann Scott Outdoor Rink Washroom",
    "location": "College Park",
    "type": "Washroom Building",
    "address": "420 Yonge St",
    "hours": "View outdoor rink hours",
    "details": "Located in the Barbara Ann Scott skating pavilion.",
    "accessible": null,
    "access": "yes",
    "fee": "no",
    "status": "closed",
    "status_reason": "Maintenance/Repairs",
    "url": "https://www.toronto.ca/explore-enjoy/parks-recreation/places-spaces/parks-and-recreation-facilities/location/?id=223",
    "source": "City of Toronto Open Data (Park Washroom Facilities)",
    "city_asset_id": "215"
   }
  },
  {
   "type": "Feature",
   "geometry": {
    "type": "Point",
    "coordinates": [
     -79.5881942,
     43.649463
    ]
   },
   "properties": {
    "id": "toronto-1674",
    "name": "Centennial Park Conservatory Washroom",
    "location": "Centennial Park - Etobicoke",
    "type": "Washroom Building",
    "address": "256 Centennial Park Rd",
    "hours": "View centre hours",
    "details": "Located in the Conservatory.",
    "accessible": null,
    "access": "yes",
    "fee": "no",
    "status": "open",
    "status_reason": null,
    "url": "https://www.toronto.ca/explore-enjoy/parks-recreation/places-spaces/parks-and-recreation-facilities/location/?id=798",
    "source": "City of Toronto Open Data (Park Washroom Facilities)",
    "city_asset_id": "1674"
   }
  },
  {
   "type": "Feature",
   "geometry": {
    "type": "Point",
    "coordinates": [
     -79.5198815,
     43.6486164
    ]
   },
   "properties": {
    "id": "toronto-2056",
    "name": "Central Arena Washroom",
    "location": "Central Arena",
    "type": "Washroom Building",
    "address": "50 Montgomery Rd",
    "hours": "View arena hours",
    "details": "Located inside Central Arena.",
    "accessible": null,
    "access": "yes",
    "fee": "no",
    "status": "open",
    "status_reason": null,
    "url": "https://www.toronto.ca/explore-enjoy/parks-recreation/places-spaces/parks-and-recreation-facilities/location/?id=824",
    "source": "City of Toronto Open Data (Park Washroom Facilities)",
    "city_asset_id": "2056"
   }
  },
  {
   "type": "Feature",
   "geometry": {
    "type": "Point",
    "coordinates": [
     -79.2888169,
     43.6955111
    ]
   },
   "properties": {
    "id": "toronto-29358",
    "name": "Dentonia Park Golf Course Washroom",
    "location": "Dentonia Park Golf Course",
    "type": "Washroom Building",
    "address": "781 Victoria Park Ave",
    "hours": "9 a.m. to 10 p.m.",
    "details": "Located at the north side of the TTC station (Victoria Park), 50 metres east of the main entrance.",
    "accessible": null,
    "access": "yes",
    "fee": "no",
    "status": "open",
    "status_reason": null,
    "url": "https://www.toronto.ca/explore-enjoy/parks-recreation/places-spaces/parks-and-recreation-facilities/location/?id=402",
    "source": "City of Toronto Open Data (Park Washroom Facilities)",
    "city_asset_id": "29358"
   }
  },
  {
   "type": "Feature",
   "geometry": {
    "type": "Point",
    "coordinates": [
     -79.4335839,
     43.6570233
    ]
   },
   "properties": {
    "id": "toronto-28888",
    "name": "Dufferin Grove Park Outdoor Rink Washroom",
    "location": "Dufferin Grove Park",
    "type": "Washroom Building",
    "address": "875 Dufferin St",
    "hours": "View outdoor rink hours",
    "details": "Located on the west side of the outdoor ice rinks.",
    "accessible": null,
    "access": "yes",
    "fee": "no",
    "status": "open",
    "status_reason": null,
    "url": "https://www.toronto.ca/explore-enjoy/parks-recreation/places-spaces/parks-and-recreation-facilities/location/?id=87",
    "source": "City of Toronto Open Data (Park Washroom Facilities)",
    "city_asset_id": "28888"
   }
  },
  {
   "type": "Feature",
   "geometry": {
    "type": "Point",
    "coordinates": [
     -79.4559009,
     43.6377201
    ]
   },
   "properties": {
    "id": "toronto-29652",
    "name": "Sunnyside Park Outdoor Pool Washroom",
    "location": "Sunnyside Park",
    "type": "Washroom Building",
    "address": "1755 Lake Shore Blvd  W",
    "hours": "View outdoor pool hours",
    "details": "Located in the outdoor pool building.",
    "accessible": "Accessible Stall, Entrance at Grade, Entrance Access Ramp",
    "access": "yes",
    "fee": "no",
    "status": "open",
    "status_reason": null,
    "url": "https://www.toronto.ca/explore-enjoy/parks-recreation/places-spaces/parks-and-recreation-facilities/location/?id=395",
    "source": "City of Toronto Open Data (Park Washroom Facilities)",
    "city_asset_id": "29652"
   }
  },
  {
   "type": "Feature",
   "geometry": {
    "type": "Point",
    "coordinates": [
     -79.408071,
     43.6419733
    ]
   },
   "properties": {
    "id": "toronto-6091",
    "name": "Stanley Park South Outdoor Pool Washroom",
    "location": "Stanley Park South - Toronto",
    "type": "Washroom Building",
    "address": "700 Wellington St  W",
    "hours": "View outdoor pool hours",
    "details": "Located in the outdoor pool building at the east side of the park.",
    "accessible": null,
    "access": "yes",
    "fee": "no",
    "status": "open",
    "status_reason": null,
    "url": "https://www.toronto.ca/explore-enjoy/parks-recreation/places-spaces/parks-and-recreation-facilities/location/?id=2750",
    "source": "City of Toronto Open Data (Park Washroom Facilities)",
    "city_asset_id": "6091"
   }
  },
  {
   "type": "Feature",
   "geometry": {
    "type": "Point",
    "coordinates": [
     -79.4956768,
     43.6389238
    ]
   },
   "properties": {
    "id": "toronto-6201",
    "name": "Park Lawn Park Outdoor Pool / Rink Washroom",
    "location": "Park Lawn Park",
    "type": "Washroom Building",
    "address": "330 Park Lawn Rd",
    "hours": "View facility hours",
    "details": "Located in the outdoor pool and rink building.",
    "accessible": null,
    "access": "yes",
    "fee": "no",
    "status": "open",
    "status_reason": null,
    "url": "https://www.toronto.ca/explore-enjoy/parks-recreation/places-spaces/parks-and-recreation-facilities/location/?id=858",
    "source": "City of Toronto Open Data (Park Washroom Facilities)",
    "city_asset_id": "6201"
   }
  },
  {
   "type": "Feature",
   "geometry": {
    "type": "Point",
    "coordinates": [
     -79.5078894,
     43.6583471
    ]
   },
   "properties": {
    "id": "toronto-5491",
    "name": "Lambton - Kingsway Park Outdoor Pool  Washroom",
    "location": "Lambton - Kingsway Park Outdoor Pool",
    "type": "Washroom Building",
    "address": "37 Marquis Ave",
    "hours": "View outdoor pool hours",
    "details": "Located at the west end of the outdoor pool.",
    "accessible": null,
    "access": "yes",
    "fee": "no",
    "status": "open",
    "status_reason": null,
    "url": "https://www.toronto.ca/explore-enjoy/parks-recreation/places-spaces/parks-and-recreation-facilities/location/?id=902",
    "source": "City of Toronto Open Data (Park Washroom Facilities)",
    "city_asset_id": "5491"
   }
  },
  {
   "type": "Feature",
   "geometry": {
    "type": "Point",
    "coordinates": [
     -79.5948806,
     43.755438
    ]
   },
   "properties": {
    "id": "toronto-5697",
    "name": "Gihon Spring Park Outdoor Pool Washroom",
    "location": "Gihon Spring Park Outdoor Pool",
    "type": "Washroom Building",
    "address": "75 Gihon Spring Dr",
    "hours": "View outdoor pool hours",
    "details": "Located west of the outdoor pool next to the parking lot.",
    "accessible": null,
    "access": "yes",
    "fee": "no",
    "status": "open",
    "status_reason": null,
    "url": "https://www.toronto.ca/explore-enjoy/parks-recreation/places-spaces/parks-and-recreation-facilities/location/?id=843",
    "source": "City of Toronto Open Data (Park Washroom Facilities)",
    "city_asset_id": "5697"
   }
  },
  {
   "type": "Feature",
   "geometry": {
    "type": "Point",
    "coordinates": [
     -79.3600548,
     43.6673512
    ]
   },
   "properties": {
    "id": "toronto-13637",
    "name": "Riverdale Farm Meeting House Washroom",
    "location": "Riverdale Farm",
    "type": "Washroom Building",
    "address": "201 Winchester St",
    "hours": "9 a.m. to 5 p.m.",
    "details": "Entrance is located on the outside of the Meeting House through the archway tunnel.",
    "accessible": null,
    "access": "yes",
    "fee": "no",
    "status": "open",
    "status_reason": null,
    "url": "https://www.toronto.ca/explore-enjoy/parks-recreation/places-spaces/parks-and-recreation-facilities/location/?id=345",
    "source": "City of Toronto Open Data (Park Washroom Facilities)",
    "city_asset_id": "13637"
   }
  },
  {
   "type": "Feature",
   "geometry": {
    "type": "Point",
    "coordinates": [
     -79.5920929,
     43.6487785
    ]
   },
   "properties": {
    "id": "toronto-101975",
    "name": "Centennial Park Etobicoke Picnic Site 8 Washroom",
    "location": "Centennial Park - Etobicoke",
    "type": "Washroom Building",
    "address": "256 Centennial Park Rd",
    "hours": "9 a.m. to 10 p.m.",
    "details": "Located next to Picnic Site #8.",
    "accessible": null,
    "access": "yes",
    "fee": "no",
    "status": "closed",
    "status_reason": "Planned Closure",
    "url": "https://www.toronto.ca/explore-enjoy/parks-recreation/places-spaces/parks-and-recreation-facilities/location/?id=798",
    "source": "City of Toronto Open Data (Park Washroom Facilities)",
    "city_asset_id": "101975"
   }
  },
  {
   "type": "Feature",
   "geometry": {
    "type": "Point",
    "coordinates": [
     -79.5814883,
     43.7279643
    ]
   },
   "properties": {
    "id": "toronto-29405",
    "name": "Esther Lorrie Fieldhouse Washroom",
    "location": "Esther Lorrie Park",
    "type": "Washroom Building",
    "address": "50 Westhumber Blvd",
    "hours": "9 a.m. to 10 p.m.",
    "details": "Located on the pathway west of the sports fields, next to the playground.",
    "accessible": "Accessible Stall, Entrance at Grade",
    "access": "yes",
    "fee": "no",
    "status": "open",
    "status_reason": null,
    "url": "https://www.toronto.ca/explore-enjoy/parks-recreation/places-spaces/parks-and-recreation-facilities/location/?id=841",
    "source": "City of Toronto Open Data (Park Washroom Facilities)",
    "city_asset_id": "29405"
   }
  },
  {
   "type": "Feature",
   "geometry": {
    "type": "Point",
    "coordinates": [
     -79.4083988,
     43.748852
    ]
   },
   "properties": {
    "id": "toronto-29365",
    "name": "Don Valley Golf Course Washroom",
    "location": "Don Valley Golf Course",
    "type": "Washroom Building",
    "address": "4200 Yonge St",
    "hours": "9 a.m. to 10 p.m.",
    "details": "Located at the north entrance of the building.",
    "accessible": null,
    "access": "yes",
    "fee": "no",
    "status": "open",
    "status_reason": null,
    "url": "https://www.toronto.ca/explore-enjoy/parks-recreation/places-spaces/parks-and-recreation-facilities/location/?id=918",
    "source": "City of Toronto Open Data (Park Washroom Facilities)",
    "city_asset_id": "29365"
   }
  },
  {
   "type": "Feature",
   "geometry": {
    "type": "Point",
    "coordinates": [
     -79.3594541,
     43.6586777
    ]
   },
   "properties": {
    "id": "toronto-28897",
    "name": "Regent Park Athletic Grounds Outdoor Rink Washroom",
    "location": "Regent Park Athletic Grounds",
    "type": "All-Gender Washroom, Accessible Washroom",
    "address": "480 Shuter St",
    "hours": "View outdoor rink hours",
    "details": "Located in the rink building west of the outdoor ice rink.",
    "accessible": "Entrance at Grade",
    "access": "yes",
    "fee": "no",
    "status": "open",
    "status_reason": null,
    "url": "https://www.toronto.ca/explore-enjoy/parks-recreation/places-spaces/parks-and-recreation-facilities/location/?id=419",
    "source": "City of Toronto Open Data (Park Washroom Facilities)",
    "city_asset_id": "28897"
   }
  },
  {
   "type": "Feature",
   "geometry": {
    "type": "Point",
    "coordinates": [
     -79.4521855,
     43.6755757
    ]
   },
   "properties": {
    "id": "toronto-13499",
    "name": "Giovanni Caboto Outdoor Pool / Rink Washroom",
    "location": "Earlscourt Park",
    "type": "Washroom Building",
    "address": "1367 St. Clair Ave  W",
    "hours": "View the facility hours",
    "details": "Located between the outdoor pool and ice rink.",
    "accessible": null,
    "access": "yes",
    "fee": "no",
    "status": "open",
    "status_reason": null,
    "url": "https://www.toronto.ca/explore-enjoy/parks-recreation/places-spaces/parks-and-recreation-facilities/location/?id=514",
    "source": "City of Toronto Open Data (Park Washroom Facilities)",
    "city_asset_id": "13499"
   }
  },
  {
   "type": "Feature",
   "geometry": {
    "type": "Point",
    "coordinates": [
     -79.3839422,
     43.6521953
    ]
   },
   "properties": {
    "id": "toronto-32622",
    "name": "Nathan Phillips Square Outdoor Rink Washroom",
    "location": "Nathan Phillips Square",
    "type": "Washroom Building",
    "address": "100 Queen St  W",
    "hours": "View outdoor rink hours",
    "details": "Located in the skating pavilion west of the outdoor ice rink.",
    "accessible": null,
    "access": "yes",
    "fee": "no",
    "status": "open",
    "status_reason": null,
    "url": "https://www.toronto.ca/explore-enjoy/parks-recreation/places-spaces/parks-and-recreation-facilities/location/?id=1089",
    "source": "City of Toronto Open Data (Park Washroom Facilities)",
    "city_asset_id": "32622"
   }
  },
  {
   "type": "Feature",
   "geometry": {
    "type": "Point",
    "coordinates": [
     -79.425107,
     43.7270852
    ]
   },
   "properties": {
    "id": "toronto-1847",
    "name": "Ledbury Park Outdoor Pool / Rink Washroom",
    "location": "Ledbury Park",
    "type": "Washroom Building",
    "address": "160 Ledbury St",
    "hours": "View facility hours",
    "details": "Located in the outdoor pool and  rink building.",
    "accessible": null,
    "access": "yes",
    "fee": "no",
    "status": "open",
    "status_reason": null,
    "url": "https://www.toronto.ca/explore-enjoy/parks-recreation/places-spaces/parks-and-recreation-facilities/location/?id=678",
    "source": "City of Toronto Open Data (Park Washroom Facilities)",
    "city_asset_id": "1847"
   }
  },
  {
   "type": "Feature",
   "geometry": {
    "type": "Point",
    "coordinates": [
     -79.3160695,
     43.6985193
    ]
   },
   "properties": {
    "id": "toronto-6094",
    "name": "Kiwanis Outdoor Pool Washroom",
    "location": "Kiwanis Outdoor Pool",
    "type": "Washroom Building",
    "address": "375 Cedarvale Ave",
    "hours": "View outdoor pool hours",
    "details": "Located in the outdoor pool building beside Cedarvale Ave.",
    "accessible": null,
    "access": "yes",
    "fee": "no",
    "status": "open",
    "status_reason": null,
    "url": "https://www.toronto.ca/explore-enjoy/parks-recreation/places-spaces/parks-and-recreation-facilities/location/?id=421",
    "source": "City of Toronto Open Data (Park Washroom Facilities)",
    "city_asset_id": "6094"
   }
  },
  {
   "type": "Feature",
   "geometry": {
    "type": "Point",
    "coordinates": [
     -79.4219664,
     43.664927
    ]
   },
   "properties": {
    "id": "toronto-13388",
    "name": "Alex Duff Memorial Outdoor Pool Washroom",
    "location": "Alex Duff Memorial Pool",
    "type": "Washroom Building",
    "address": "779 Crawford St",
    "hours": "View outdoor pool hours",
    "details": "Located in the outdoor pool building.",
    "accessible": null,
    "access": "yes",
    "fee": "no",
    "status": "open",
    "status_reason": null,
    "url": "https://www.toronto.ca/explore-enjoy/parks-recreation/places-spaces/parks-and-recreation-facilities/location/?id=196",
    "source": "City of Toronto Open Data (Park Washroom Facilities)",
    "city_asset_id": "13388"
   }
  },
  {
   "type": "Feature",
   "geometry": {
    "type": "Point",
    "coordinates": [
     -79.5268163,
     43.6062989
    ]
   },
   "properties": {
    "id": "toronto-500",
    "name": "Horner Avenue Seniors Centre Washroom",
    "location": "Horner Avenue Seniors Centre",
    "type": "All-Gender Washroom, Accessible Washroom",
    "address": "320 Horner Ave",
    "hours": "View centre hours.",
    "details": "Located in the Community Centre.",
    "accessible": "Powered Door Opener, Entrance Ramp Access",
    "access": "yes",
    "fee": "no",
    "status": "open",
    "status_reason": null,
    "url": "https://www.toronto.ca/explore-enjoy/parks-recreation/places-spaces/parks-and-recreation-facilities/location/?id=823",
    "source": "City of Toronto Open Data (Park Washroom Facilities)",
    "city_asset_id": "500"
   }
  },
  {
   "type": "Feature",
   "geometry": {
    "type": "Point",
    "coordinates": [
     -79.305011,
     43.8067033
    ]
   },
   "properties": {
    "id": "toronto-13045",
    "name": "L'Amoreaux Tennis Centre Washroom",
    "location": "L'Amoreaux Tennis Centre",
    "type": "Washroom Building",
    "address": "300 Silver Springs Blvd",
    "hours": "View centre hours",
    "details": "Located in the tennis centre building.",
    "accessible": null,
    "access": "yes",
    "fee": "no",
    "status": "open",
    "status_reason": null,
    "url": "https://www.toronto.ca/explore-enjoy/parks-recreation/places-spaces/parks-and-recreation-facilities/location/?id=699",
    "source": "City of Toronto Open Data (Park Washroom Facilities)",
    "city_asset_id": "13045"
   }
  },
  {
   "type": "Feature",
   "geometry": {
    "type": "Point",
    "coordinates": [
     -79.5844992,
     43.7521978
    ]
   },
   "properties": {
    "id": "toronto-13055",
    "name": "North Kipling Community Centre Washroom",
    "location": "North Kipling Community Centre",
    "type": "Washroom Building",
    "address": "2 Rowntree Rd",
    "hours": "View centre hours",
    "details": "Located in the Community Centre.",
    "accessible": null,
    "access": "yes",
    "fee": "no",
    "status": "open",
    "status_reason": null,
    "url": "https://www.toronto.ca/explore-enjoy/parks-recreation/places-spaces/parks-and-recreation-facilities/location/?id=749",
    "source": "City of Toronto Open Data (Park Washroom Facilities)",
    "city_asset_id": "13055"
   }
  },
  {
   "type": "Feature",
   "geometry": {
    "type": "Point",
    "coordinates": [
     -79.3616257,
     43.6671577
    ]
   },
   "properties": {
    "id": "toronto-13639",
    "name": "Riverdale Farm Simpson House Washroom",
    "location": "Riverdale Farm",
    "type": "Washroom Building",
    "address": "201 Winchester St",
    "hours": "9 a.m. to 5 p.m.",
    "details": "Located in the Simpson House, at the farm entrance.",
    "accessible": null,
    "access": "yes",
    "fee": "no",
    "status": "open",
    "status_reason": null,
    "url": "https://www.toronto.ca/explore-enjoy/parks-recreation/places-spaces/parks-and-recreation-facilities/location/?id=345",
    "source": "City of Toronto Open Data (Park Washroom Facilities)",
    "city_asset_id": "13639"
   }
  },
  {
   "type": "Feature",
   "geometry": {
    "type": "Point",
    "coordinates": [
     -79.2973037,
     43.6665729
    ]
   },
   "properties": {
    "id": "toronto-36323",
    "name": "Kew Beach Lawn Bowling Club Washroom",
    "location": "Kew Beach Lawn Bowling Club",
    "type": "Washroom Building",
    "address": "2075 Queen St  E",
    "hours": "9 a.m. to 10 p.m.",
    "details": "Located on a pathway between the bowling greens and Martin Goodman Trail.",
    "accessible": "Accessible Stall, Entrance at Grade, Child Change Table",
    "access": "yes",
    "fee": "no",
    "status": "open",
    "status_reason": null,
    "url": "https://www.toronto.ca/explore-enjoy/parks-recreation/places-spaces/parks-and-recreation-facilities/location/?id=107",
    "source": "City of Toronto Open Data (Park Washroom Facilities)",
    "city_asset_id": "36323"
   }
  },
  {
   "type": "Feature",
   "geometry": {
    "type": "Point",
    "coordinates": [
     -79.5455998,
     43.72707
    ]
   },
   "properties": {
    "id": "toronto-2935",
    "name": "Humber Valley Golf Course Washroom",
    "location": "Humber Valley Golf Course",
    "type": "Washroom Building",
    "address": "40 Beattie Ave",
    "hours": "View facility hours",
    "details": "Located near the entrance at south side of building/lower level.",
    "accessible": null,
    "access": "yes",
    "fee": "no",
    "status": "open",
    "status_reason": null,
    "url": "https://www.toronto.ca/explore-enjoy/parks-recreation/places-spaces/parks-and-recreation-facilities/location/?id=400",
    "source": "City of Toronto Open Data (Park Washroom Facilities)",
    "city_asset_id": "2935"
   }
  },
  {
   "type": "Feature",
   "geometry": {
    "type": "Point",
    "coordinates": [
     -79.4820346,
     43.6878729
    ]
   },
   "properties": {
    "id": "toronto-45062",
    "name": "York Recreation Centre Washroom",
    "location": "York Recreation Centre",
    "type": "Washroom Building",
    "address": "115 Black Creek Dr",
    "hours": "View centre hours",
    "details": "Located in the Community Centre.",
    "accessible": null,
    "access": "yes",
    "fee": "no",
    "status": "open",
    "status_reason": null,
    "url": "https://www.toronto.ca/explore-enjoy/parks-recreation/places-spaces/parks-and-recreation-facilities/location/?id=3501",
    "source": "City of Toronto Open Data (Park Washroom Facilities)",
    "city_asset_id": "45062"
   }
  },
  {
   "type": "Feature",
   "geometry": {
    "type": "Point",
    "coordinates": [
     -79.1251579,
     43.7921218
    ]
   },
   "properties": {
    "id": "toronto-2109",
    "name": "West Rouge Community Centre Washroom",
    "location": "West Rouge Community Centre",
    "type": "All-Gender Washroom, Accessible Washroom",
    "address": "270 Rouge Hills Dr",
    "hours": "View centre hours",
    "details": "Located in the Community Centre.",
    "accessible": "Entrance at Grade, Powered Door Opener, Child Change Table",
    "access": "yes",
    "fee": "no",
    "status": "open",
    "status_reason": null,
    "url": "https://www.toronto.ca/explore-enjoy/parks-recreation/places-spaces/parks-and-recreation-facilities/location/?id=584",
    "source": "City of Toronto Open Data (Park Washroom Facilities)",
    "city_asset_id": "2109"
   }
  },
  {
   "type": "Feature",
   "geometry": {
    "type": "Point",
    "coordinates": [
     -79.5719221,
     43.7257148
    ]
   },
   "properties": {
    "id": "toronto-2108",
    "name": "West Acres Seniors Centre Washroom",
    "location": "West Acres Seniors Centre",
    "type": "Washroom Building",
    "address": "65 Hinton Rd",
    "hours": "View centre hours",
    "details": "Located in the Community Centre.",
    "accessible": null,
    "access": "yes",
    "fee": "no",
    "status": "open",
    "status_reason": null,
    "url": "https://www.toronto.ca/explore-enjoy/parks-recreation/places-spaces/parks-and-recreation-facilities/location/?id=396",
    "source": "City of Toronto Open Data (Park Washroom Facilities)",
    "city_asset_id": "2108"
   }
  },
  {
   "type": "Feature",
   "geometry": {
    "type": "Point",
    "coordinates": [
     -79.374556,
     43.6677009
    ]
   },
   "properties": {
    "id": "toronto-1095",
    "name": "Wellesley Community Centre Washroom",
    "location": "Wellesley Community Centre",
    "type": "Washroom Building",
    "address": "495 Sherbourne St",
    "hours": "View centre hours",
    "details": "Located in the Community Centre.",
    "accessible": null,
    "access": "yes",
    "fee": "no",
    "status": "open",
    "status_reason": null,
    "url": "https://www.toronto.ca/explore-enjoy/parks-recreation/places-spaces/parks-and-recreation-facilities/location/?id=451",
    "source": "City of Toronto Open Data (Park Washroom Facilities)",
    "city_asset_id": "1095"
   }
  },
  {
   "type": "Feature",
   "geometry": {
    "type": "Point",
    "coordinates": [
     -79.2803618,
     43.7147476
    ]
   },
   "properties": {
    "id": "toronto-1569",
    "name": "Warden Hilltop Community Centre Washroom",
    "location": "Warden Hilltop Community Centre",
    "type": "Washroom Building",
    "address": "25 Mendelssohn St",
    "hours": "View centre hours",
    "details": "Located in the Community Centre.",
    "accessible": null,
    "access": "yes",
    "fee": "no",
    "status": "open",
    "status_reason": null,
    "url": "https://www.toronto.ca/explore-enjoy/parks-recreation/places-spaces/parks-and-recreation-facilities/location/?id=1865",
    "source": "City of Toronto Open Data (Park Washroom Facilities)",
    "city_asset_id": "1569"
   }
  },
  {
   "type": "Feature",
   "geometry": {
    "type": "Point",
    "coordinates": [
     -79.4393146,
     43.6673369
    ]
   },
   "properties": {
    "id": "toronto-2013",
    "name": "Wallace Emerson Community Recreation Centre Washroom",
    "location": "Wallace Emerson Community Recreation Centre",
    "type": "Washroom Building",
    "address": "1260 Dufferin St",
    "hours": "View centre hours",
    "details": "Located in the Community Centre.",
    "accessible": null,
    "access": "yes",
    "fee": "no",
    "status": "open",
    "status_reason": null,
    "url": "https://www.toronto.ca/explore-enjoy/parks-recreation/places-spaces/parks-and-recreation-facilities/location/?id=294",
    "source": "City of Toronto Open Data (Park Washroom Facilities)",
    "city_asset_id": "2013"
   }
  },
  {
   "type": "Feature",
   "geometry": {
    "type": "Point",
    "coordinates": [
     -79.3155529,
     43.7232963
    ]
   },
   "properties": {
    "id": "toronto-1075",
    "name": "Victoria Village Recreation Centre Washroom",
    "location": "Victoria Village Recreation Centre and Arena",
    "type": "Washroom Building",
    "address": "190 Bermondsey Rd",
    "hours": "View centre hours",
    "details": "Located in the Community Centre.",
    "accessible": null,
    "access": "yes",
    "fee": "no",
    "status": "open",
    "status_reason": null,
    "url": "https://www.toronto.ca/explore-enjoy/parks-recreation/places-spaces/parks-and-recreation-facilities/location/?id=771",
    "source": "City of Toronto Open Data (Park Washroom Facilities)",
    "city_asset_id": "1075"
   }
  },
  {
   "type": "Feature",
   "geometry": {
    "type": "Point",
    "coordinates": [
     -79.3673015,
     43.7055891
    ]
   },
   "properties": {
    "id": "toronto-13073",
    "name": "Trace Manes Park Community Centre Washroom",
    "location": "Trace Manes Park Community Centre",
    "type": "All-Gender Washroom, Accessible Washroom",
    "address": "110 Rumsey Rd",
    "hours": "View centre hours",
    "details": "Located in the Community Centre.",
    "accessible": "Entrance at Grade, Powered Door Opener, Child Change table",
    "access": "yes",
    "fee": "no",
    "status": "open",
    "status_reason": null,
    "url": "https://www.toronto.ca/explore-enjoy/parks-recreation/places-spaces/parks-and-recreation-facilities/location/?id=705",
    "source": "City of Toronto Open Data (Park Washroom Facilities)",
    "city_asset_id": "13073"
   }
  },
  {
   "type": "Feature",
   "geometry": {
    "type": "Point",
    "coordinates": [
     -79.5624017,
     43.7353899
    ]
   },
   "properties": {
    "id": "toronto-2106",
    "name": "Thistledown Communty Centre Washroom",
    "location": "Thistletown Community Centre",
    "type": "Washroom Building",
    "address": "925 Albion Rd",
    "hours": "View centre hours",
    "details": "Located in the Community Centre.",
    "accessible": null,
    "access": "yes",
    "fee": "no",
    "status": "open",
    "status_reason": null,
    "url": "https://www.toronto.ca/explore-enjoy/parks-recreation/places-spaces/parks-and-recreation-facilities/location/?id=354",
    "source": "City of Toronto Open Data (Park Washroom Facilities)",
    "city_asset_id": "2106"
   }
  },
  {
   "type": "Feature",
   "geometry": {
    "type": "Point",
    "coordinates": [
     -79.4771008,
     43.6439799
    ]
   },
   "properties": {
    "id": "toronto-1016",
    "name": "Swansea Community Recreation Centre Washroom",
    "location": "Swansea Community Recreation Centre",
    "type": "Washroom Building",
    "address": "15 Waller Ave",
    "hours": "View centre hours",
    "details": "Located in the Community Centre.",
    "accessible": null,
    "access": "yes",
    "fee": "no",
    "status": "open",
    "status_reason": null,
    "url": "https://www.toronto.ca/explore-enjoy/parks-recreation/places-spaces/parks-and-recreation-facilities/location/?id=282",
    "source": "City of Toronto Open Data (Park Washroom Facilities)",
    "city_asset_id": "1016"
   }
  },
  {
   "type": "Feature",
   "geometry": {
    "type": "Point",
    "coordinates": [
     -79.3014788,
     43.7874605
    ]
   },
   "properties": {
    "id": "toronto-14344",
    "name": "Stephen Leacock Seniors Community Centre Washroom",
    "location": "Stephen Leacock Seniors Community Centre",
    "type": "Washroom Building",
    "address": "2520 Birchmount Rd",
    "hours": "View centre hours",
    "details": "Located in the Community Centre.",
    "accessible": null,
    "access": "yes",
    "fee": "no",
    "status": "open",
    "status_reason": null,
    "url": "https://www.toronto.ca/explore-enjoy/parks-recreation/places-spaces/parks-and-recreation-facilities/location/?id=1873",
    "source": "City of Toronto Open Data (Park Washroom Facilities)",
    "city_asset_id": "14344"
   }
  },
  {
   "type": "Feature",
   "geometry": {
    "type": "Point",
    "coordinates": [
     -79.3026109,
     43.7865978
    ]
   },
   "properties": {
    "id": "toronto-2105",
    "name": "Stephen Leacock Community Recreation Centre Washroom",
    "location": "Stephen Leacock Community Recreation Centre",
    "type": "Washroom Building",
    "address": "2500 Birchmount Rd",
    "hours": "View centre hours",
    "details": "Located in the Community Centre.",
    "accessible": null,
    "access": "yes",
    "fee": "no",
    "status": "open",
    "status_reason": null,
    "url": "https://www.toronto.ca/explore-enjoy/parks-recreation/places-spaces/parks-and-recreation-facilities/location/?id=1105",
    "source": "City of Toronto Open Data (Park Washroom Facilities)",
    "city_asset_id": "2105"
   }
  },
  {
   "type": "Feature",
   "geometry": {
    "type": "Point",
    "coordinates": [
     -79.364948,
     43.6497591
    ]
   },
   "properties": {
    "id": "toronto-2103",
    "name": "St. Lawrence Community Recreation Centre Washroom",
    "location": "St. Lawrence Community Recreation Centre",
    "type": "Washroom Building",
    "address": "230 The Esplanade",
    "hours": "View centre hours",
    "details": "Located in the Community Centre.",
    "accessible": null,
    "access": "yes",
    "fee": "no",
    "status": "open",
    "status_reason": null,
    "url": "https://www.toronto.ca/explore-enjoy/parks-recreation/places-spaces/parks-and-recreation-facilities/location/?id=272",
    "source": "City of Toronto Open Data (Park Washroom Facilities)",
    "city_asset_id": "2103"
   }
  },
  {
   "type": "Feature",
   "geometry": {
    "type": "Point",
    "coordinates": [
     -79.3513178,
     43.7940243
    ]
   },
   "properties": {
    "id": "toronto-13064",
    "name": "Seneca Village Community Centre Washroom",
    "location": "Seneca Village Community Centre",
    "type": "Washroom Building",
    "address": "1700 Finch Ave E.",
    "hours": "View centre hours",
    "details": "Located in the Community Centre.",
    "accessible": null,
    "access": "yes",
    "fee": "no",
    "status": "open",
    "status_reason": null,
    "url": "https://www.toronto.ca/explore-enjoy/parks-recreation/places-spaces/parks-and-recreation-facilities/location/?id=751",
    "source": "City of Toronto Open Data (Park Washroom Facilities)",
    "city_asset_id": "13064"
   }
  },
  {
   "type": "Feature",
   "geometry": {
    "type": "Point",
    "coordinates": [
     -79.3016919,
     43.6920733
    ]
   },
   "properties": {
    "id": "toronto-13063",
    "name": "Secord Community Centre Washroom",
    "location": "Secord Community Centre",
    "type": "Washroom Building",
    "address": "91 Barrington Ave",
    "hours": "View centre hours",
    "details": "Located in the Community Centre.",
    "accessible": null,
    "access": "yes",
    "fee": "no",
    "status": "open",
    "status_reason": null,
    "url": "https://www.toronto.ca/explore-enjoy/parks-recreation/places-spaces/parks-and-recreation-facilities/location/?id=325",
    "source": "City of Toronto Open Data (Park Washroom Facilities)",
    "city_asset_id": "13063"
   }
  },
  {
   "type": "Feature",
   "geometry": {
    "type": "Point",
    "coordinates": [
     -79.2166002,
     43.7401808
    ]
   },
   "properties": {
    "id": "toronto-925",
    "name": "Scarborough Village Recreation Centre Washroom",
    "location": "Scarborough Village Recreation Centre",
    "type": "All-Gender Washroom, Accessible Washroom",
    "address": "3600 Kingston Rd",
    "hours": "View centre hours",
    "details": "Located in the Community Centre.",
    "accessible": "Entrance at Grade, Powered Door Opener, Child Change Table",
    "access": "yes",
    "fee": "no",
    "status": "open",
    "status_reason": null,
    "url": "https://www.toronto.ca/explore-enjoy/parks-recreation/places-spaces/parks-and-recreation-facilities/location/?id=743",
    "source": "City of Toronto Open Data (Park Washroom Facilities)",
    "city_asset_id": "925"
   }
  },
  {
   "type": "Feature",
   "geometry": {
    "type": "Point",
    "coordinates": [
     -79.3226333,
     43.6658965
    ]
   },
   "properties": {
    "id": "toronto-1943",
    "name": "S.H. Armstrong Community Centre Washroom",
    "location": "S.H. Armstrong Community Centre",
    "type": "All-Gender Washroom, Accessible Washroom",
    "address": "56 Woodfield Rd",
    "hours": "View centre hours",
    "details": "Located in the Community Centre.",
    "accessible": "Entrance At Grade",
    "access": "yes",
    "fee": "no",
    "status": "open",
    "status_reason": null,
    "url": "https://www.toronto.ca/explore-enjoy/parks-recreation/places-spaces/parks-and-recreation-facilities/location/?id=267",
    "source": "City of Toronto Open Data (Park Washroom Facilities)",
    "city_asset_id": "1943"
   }
  },
  {
   "type": "Feature",
   "geometry": {
    "type": "Point",
    "coordinates": [
     -79.4925627,
     43.7291887
    ]
   },
   "properties": {
    "id": "toronto-2099",
    "name": "Roding Community Centre Washroom",
    "location": "Roding Community Centre",
    "type": "Washroom Building",
    "address": "600 Roding St.",
    "hours": "View centre hours",
    "details": "Located in the Community Centre.",
    "accessible": null,
    "access": "yes",
    "fee": "no",
    "status": "open",
    "status_reason": null,
    "url": "https://www.toronto.ca/explore-enjoy/parks-recreation/places-spaces/parks-and-recreation-facilities/location/?id=744",
    "source": "City of Toronto Open Data (Park Washroom Facilities)",
    "city_asset_id": "2099"
   }
  },
  {
   "type": "Feature",
   "geometry": {
    "type": "Point",
    "coordinates": [
     -79.3616924,
     43.6582745
    ]
   },
   "properties": {
    "id": "toronto-45463",
    "name": "Regent Park Community Centre Washroom",
    "location": "Regent Park Community Centre",
    "type": "Washroom Building",
    "address": "402 Shuter St",
    "hours": "View centre hours",
    "details": "Located in the Community Centre.",
    "accessible": null,
    "access": "yes",
    "fee": "no",
    "status": "open",
    "status_reason": null,
    "url": "https://www.toronto.ca/explore-enjoy/parks-recreation/places-spaces/parks-and-recreation-facilities/location/?id=3502",
    "source": "City of Toronto Open Data (Park Washroom Facilities)",
    "city_asset_id": "45463"
   }
  },
  {
   "type": "Feature",
   "geometry": {
    "type": "Point",
    "coordinates": [
     -79.140281,
     43.7796659
    ]
   },
   "properties": {
    "id": "toronto-829",
    "name": "Port Union Community Recreation Centre Washroom",
    "location": "Port Union Community Recreation Centre",
    "type": "Washroom Building",
    "address": "5450 Lawrence Ave  E",
    "hours": "View centre hours",
    "details": "Located in the Community Centre.",
    "accessible": null,
    "access": "yes",
    "fee": "no",
    "status": "open",
    "status_reason": null,
    "url": "https://www.toronto.ca/explore-enjoy/parks-recreation/places-spaces/parks-and-recreation-facilities/location/?id=883",
    "source": "City of Toronto Open Data (Park Washroom Facilities)",
    "city_asset_id": "829"
   }
  },
  {
   "type": "Feature",
   "geometry": {
    "type": "Point",
    "coordinates": [
     -79.3368311,
     43.7869937
    ]
   },
   "properties": {
    "id": "toronto-2097",
    "name": "Pleasantview Community Centre Washroom",
    "location": "Pleasantview Community Centre",
    "type": "Washroom Building",
    "address": "545 Van Horne Ave",
    "hours": "View centre hours",
    "details": "Located in the Community Centre.",
    "accessible": null,
    "access": "yes",
    "fee": "no",
    "status": "open",
    "status_reason": null,
    "url": "https://www.toronto.ca/explore-enjoy/parks-recreation/places-spaces/parks-and-recreation-facilities/location/?id=732",
    "source": "City of Toronto Open Data (Park Washroom Facilities)",
    "city_asset_id": "2097"
   }
  },
  {
   "type": "Feature",
   "geometry": {
    "type": "Point",
    "coordinates": [
     -79.3436072,
     43.7725666
    ]
   },
   "properties": {
    "id": "toronto-45042",
    "name": "Parkway Forest Community Centre Washroom",
    "location": "Parkway Forest Community Centre",
    "type": "Washroom Building",
    "address": "55 Forest Manor Rd",
    "hours": "View centre hours",
    "details": "Located in the Community Centre.",
    "accessible": null,
    "access": "yes",
    "fee": "no",
    "status": "open",
    "status_reason": null,
    "url": "https://www.toronto.ca/explore-enjoy/parks-recreation/places-spaces/parks-and-recreation-facilities/location/?id=2791",
    "source": "City of Toronto Open Data (Park Washroom Facilities)",
    "city_asset_id": "45042"
   }
  },
  {
   "type": "Feature",
   "geometry": {
    "type": "Point",
    "coordinates": [
     -79.3611018,
     43.6612289
    ]
   },
   "properties": {
    "id": "toronto-14322",
    "name": "Pam McConnell Aquatic Centre Washroom",
    "location": "Pam McConnell Aquatic Centre",
    "type": "Washroom Building",
    "address": "640 Dundas St  E",
    "hours": "View centre hours",
    "details": "Located in the Aquatic Centre.",
    "accessible": null,
    "access": "yes",
    "fee": "no",
    "status": "open",
    "status_reason": null,
    "url": "https://www.toronto.ca/explore-enjoy/parks-recreation/places-spaces/parks-and-recreation-facilities/location/?id=2012",
    "source": "City of Toronto Open Data (Park Washroom Facilities)",
    "city_asset_id": "14322"
   }
  },
  {
   "type": "Feature",
   "geometry": {
    "type": "Point",
    "coordinates": [
     -79.5083516,
     43.6150856
    ]
   },
   "properties": {
    "id": "toronto-13058",
    "name": "Ourland Community Centre Washroom",
    "location": "Ourland Community Centre",
    "type": "Washroom Building",
    "address": "18 Ourland Ave",
    "hours": "View centre hours",
    "details": "Located in the Community Centre.",
    "accessible": null,
    "access": "yes",
    "fee": "no",
    "status": "open",
    "status_reason": null,
    "url": "https://www.toronto.ca/explore-enjoy/parks-recreation/places-spaces/parks-and-recreation-facilities/location/?id=793",
    "source": "City of Toronto Open Data (Park Washroom Facilities)",
    "city_asset_id": "13058"
   }
  },
  {
   "type": "Feature",
   "geometry": {
    "type": "Point",
    "coordinates": [
     -79.3514096,
     43.7817609
    ]
   },
   "properties": {
    "id": "toronto-2095",
    "name": "Oriole Community Centre Washroom",
    "location": "Oriole Community Centre",
    "type": "Washroom Building",
    "address": "2975 Don Mills Rd  W",
    "hours": "View centre hours",
    "details": "Located in the Community Centre.",
    "accessible": null,
    "access": "yes",
    "fee": "no",
    "status": "open",
    "status_reason": null,
    "url": "https://www.toronto.ca/explore-enjoy/parks-recreation/places-spaces/parks-and-recreation-facilities/location/?id=714",
    "source": "City of Toronto Open Data (Park Washroom Facilities)",
    "city_asset_id": "2095"
   }
  },
  {
   "type": "Feature",
   "geometry": {
    "type": "Point",
    "coordinates": [
     -79.3018,
     43.7176595
    ]
   },
   "properties": {
    "id": "toronto-2092",
    "name": "O'Connor Community Centre Washroom",
    "location": "O'Connor Community Centre",
    "type": "Washroom Building",
    "address": "1386 Victoria Park Ave",
    "hours": "View centre hours",
    "details": "Located in the Community Centre.",
    "accessible": null,
    "access": "yes",
    "fee": "no",
    "status": "open",
    "status_reason": null,
    "url": "https://www.toronto.ca/explore-enjoy/parks-recreation/places-spaces/parks-and-recreation-facilities/location/?id=1093",
    "source": "City of Toronto Open Data (Park Washroom Facilities)",
    "city_asset_id": "2092"
   }
  },
  {
   "type": "Feature",
   "geometry": {
    "type": "Point",
    "coordinates": [
     -79.2835342,
     43.6949942
    ]
   },
   "properties": {
    "id": "toronto-1439",
    "name": "Oakridge Community Recreation Centre Washroom",
    "location": "Oakridge Community Recreation Centre",
    "type": "Washroom Building",
    "address": "63 Pharmacy Ave",
    "hours": "View centre hours",
    "details": "Located in the Community Centre.",
    "accessible": null,
    "access": "yes",
    "fee": "no",
    "status": "open",
    "status_reason": null,
    "url": "https://www.toronto.ca/explore-enjoy/parks-recreation/places-spaces/parks-and-recreation-facilities/location/?id=731",
    "source": "City of Toronto Open Data (Park Washroom Facilities)",
    "city_asset_id": "1439"
   }
  },
  {
   "type": "Feature",
   "geometry": {
    "type": "Point",
    "coordinates": [
     -79.5133355,
     43.747779
    ]
   },
   "properties": {
    "id": "toronto-1892",
    "name": "Oakdale Community Centre Washroom",
    "location": "Oakdale Community Centre",
    "type": "Washroom Building",
    "address": "350 Grandravine Dr",
    "hours": "View centre hours",
    "details": "Located in the Community Centre.",
    "accessible": null,
    "access": "yes",
    "fee": "no",
    "status": "open",
    "status_reason": null,
    "url": "https://www.toronto.ca/explore-enjoy/parks-recreation/places-spaces/parks-and-recreation-facilities/location/?id=780",
    "source": "City of Toronto Open Data (Park Washroom Facilities)",
    "city_asset_id": "1892"
   }
  },
  {
   "type": "Feature",
   "geometry": {
    "type": "Point",
    "coordinates": [
     -79.5000903,
     43.7455036
    ]
   },
   "properties": {
    "id": "toronto-771",
    "name": "Northwood Community Centre Washroom",
    "location": "Northwood Community Centre",
    "type": "All-Gender Washroom, Accessible Washroom",
    "address": "15 Clubhouse Crt",
    "hours": "View centre hours",
    "details": "Located in the Community Centre.",
    "accessible": "Entrance at Grade,",
    "access": "yes",
    "fee": "no",
    "status": "open",
    "status_reason": null,
    "url": "https://www.toronto.ca/explore-enjoy/parks-recreation/places-spaces/parks-and-recreation-facilities/location/?id=703",
    "source": "City of Toronto Open Data (Park Washroom Facilities)",
    "city_asset_id": "771"
   }
  },
  {
   "type": "Feature",
   "geometry": {
    "type": "Point",
    "coordinates": [
     -79.4045978,
     43.7060689
    ]
   },
   "properties": {
    "id": "toronto-1886",
    "name": "North Toronto Memorial Community Centre Washroom",
    "location": "North Toronto Memorial Community Centre",
    "type": "All-Gender Washroom, Accessible Washroom",
    "address": "200 Eglinton Ave  W",
    "hours": "View centre hours",
    "details": "Located in the Community Centre.",
    "accessible": "Entrance at Grade, Powered Door Opener, Distress Call Button, Child Change Table",
    "access": "yes",
    "fee": "no",
    "status": "open",
    "status_reason": null,
    "url": "https://www.toronto.ca/explore-enjoy/parks-recreation/places-spaces/parks-and-recreation-facilities/location/?id=189",
    "source": "City of Toronto Open Data (Park Washroom Facilities)",
    "city_asset_id": "1886"
   }
  },
  {
   "type": "Feature",
   "geometry": {
    "type": "Point",
    "coordinates": [
     -79.5013714,
     43.6011132
    ]
   },
   "properties": {
    "id": "toronto-6294",
    "name": "New Toronto Seniors Centre Washroom",
    "location": "New Toronto Seniors' Centre",
    "type": "Washroom Building",
    "address": "105 Fourth St",
    "hours": "View centre hours",
    "details": "Located in the Community Centre.",
    "accessible": null,
    "access": "yes",
    "fee": "no",
    "status": "open",
    "status_reason": null,
    "url": "https://www.toronto.ca/explore-enjoy/parks-recreation/places-spaces/parks-and-recreation-facilities/location/?id=1091",
    "source": "City of Toronto Open Data (Park Washroom Facilities)",
    "city_asset_id": "6294"
   }
  },
  {
   "type": "Feature",
   "geometry": {
    "type": "Point",
    "coordinates": [
     -79.4086667,
     43.7745175
    ]
   },
   "properties": {
    "id": "toronto-14343",
    "name": "Mitchell Field Community Centre Washroom",
    "location": "Mitchell Field Community Centre",
    "type": "Accessible Washroom",
    "address": "89 Church Ave",
    "hours": "View centre hours",
    "details": "Located in the Community Centre.",
    "accessible": "Entrance at Grade",
    "access": "yes",
    "fee": "no",
    "status": "open",
    "status_reason": null,
    "url": "https://www.toronto.ca/explore-enjoy/parks-recreation/places-spaces/parks-and-recreation-facilities/location/?id=693",
    "source": "City of Toronto Open Data (Park Washroom Facilities)",
    "city_asset_id": "14343"
   }
  },
  {
   "type": "Feature",
   "geometry": {
    "type": "Point",
    "coordinates": [
     -79.2741555,
     43.829751
    ]
   },
   "properties": {
    "id": "toronto-1874",
    "name": "Milliken Park Community Recreation Centre Washroom",
    "location": "Milliken Park Community Recreation Centre",
    "type": "Washroom Building",
    "address": "4325 Mccowan Rd",
    "hours": "View centre hours",
    "details": "Located in the Community Centre.",
    "accessible": null,
    "access": "yes",
    "fee": "no",
    "status": "open",
    "status_reason": null,
    "url": "https://www.toronto.ca/explore-enjoy/parks-recreation/places-spaces/parks-and-recreation-facilities/location/?id=405",
    "source": "City of Toronto Open Data (Park Washroom Facilities)",
    "city_asset_id": "1874"
   }
  },
  {
   "type": "Feature",
   "geometry": {
    "type": "Point",
    "coordinates": [
     -79.5196177,
     43.6483791
    ]
   },
   "properties": {
    "id": "toronto-1873",
    "name": "Memorial Pool and Health Club Washroom",
    "location": "Memorial Pool and Health Club",
    "type": "Washroom Building",
    "address": "44 Montgomery Rd",
    "hours": "View centre hours",
    "details": "Located in the Community Centre.",
    "accessible": null,
    "access": "yes",
    "fee": "no",
    "status": "open",
    "status_reason": null,
    "url": "https://www.toronto.ca/explore-enjoy/parks-recreation/places-spaces/parks-and-recreation-facilities/location/?id=891",
    "source": "City of Toronto Open Data (Park Washroom Facilities)",
    "city_asset_id": "1873"
   }
  },
  {
   "type": "Feature",
   "geometry": {
    "type": "Point",
    "coordinates": [
     -79.4332575,
     43.6406436
    ]
   },
   "properties": {
    "id": "toronto-13049",
    "name": "Masaryk-Cowan Community Recreation Centre Washroom",
    "location": "Masaryk-Cowan Community Recreation Centre",
    "type": "Washroom Building",
    "address": "220 Cowan Ave",
    "hours": "View centre hours",
    "details": "Located in the Community Centre.",
    "accessible": null,
    "access": "yes",
    "fee": "no",
    "status": "open",
    "status_reason": null,
    "url": "https://www.toronto.ca/explore-enjoy/parks-recreation/places-spaces/parks-and-recreation-facilities/location/?id=89",
    "source": "City of Toronto Open Data (Park Washroom Facilities)",
    "city_asset_id": "13049"
   }
  },
  {
   "type": "Feature",
   "geometry": {
    "type": "Point",
    "coordinates": [
     -79.4330782,
     43.6474097
    ]
   },
   "properties": {
    "id": "toronto-1867",
    "name": "Mary McCormick Recreation Centre Washroom",
    "location": "Mary McCormick Recreation Centre",
    "type": "Washroom Building",
    "address": "66 Sheridan Ave",
    "hours": "View centre hours",
    "details": "Located in the Community Centre.",
    "accessible": null,
    "access": "yes",
    "fee": "no",
    "status": "open",
    "status_reason": null,
    "url": "https://www.toronto.ca/explore-enjoy/parks-recreation/places-spaces/parks-and-recreation-facilities/location/?id=100",
    "source": "City of Toronto Open Data (Park Washroom Facilities)",
    "city_asset_id": "1867"
   }
  },
  {
   "type": "Feature",
   "geometry": {
    "type": "Point",
    "coordinates": [
     -79.2163878,
     43.8085754
    ]
   },
   "properties": {
    "id": "toronto-13047",
    "name": "Malvern Recreation Centre Washroom",
    "location": "Malvern Recreation Centre",
    "type": "Accessible Washroom",
    "address": "30 Sewells Rd",
    "hours": "View centre hours",
    "details": "Located in the Community Centre.",
    "accessible": "Entrance at Grade",
    "access": "yes",
    "fee": "no",
    "status": "open",
    "status_reason": null,
    "url": "https://www.toronto.ca/explore-enjoy/parks-recreation/places-spaces/parks-and-recreation-facilities/location/?id=702",
    "source": "City of Toronto Open Data (Park Washroom Facilities)",
    "city_asset_id": "13047"
   }
  },
  {
   "type": "Feature",
   "geometry": {
    "type": "Point",
    "coordinates": [
     -79.2997886,
     43.6871724
    ]
   },
   "properties": {
    "id": "toronto-2085",
    "name": "Main Square Community Centre Washroom",
    "location": "Main Square Community Centre",
    "type": "Washroom Building",
    "address": "245 Main St",
    "hours": "View centre hours",
    "details": "Located in the Community Centre.",
    "accessible": null,
    "access": "yes",
    "fee": "no",
    "status": "open",
    "status_reason": null,
    "url": "https://www.toronto.ca/explore-enjoy/parks-recreation/places-spaces/parks-and-recreation-facilities/location/?id=85",
    "source": "City of Toronto Open Data (Park Washroom Facilities)",
    "city_asset_id": "2085"
   }
  },
  {
   "type": "Feature",
   "geometry": {
    "type": "Point",
    "coordinates": [
     -79.4420914,
     43.7180499
    ]
   },
   "properties": {
    "id": "toronto-312",
    "name": "Lawrence Heights Community Centre Washroom",
    "location": "Lawrence Heights Community Centre",
    "type": "Washroom Building",
    "address": "5 Replin Rd",
    "hours": "View centre hours",
    "details": "Located in the Community Centre.",
    "accessible": null,
    "access": "yes",
    "fee": "no",
    "status": "open",
    "status_reason": null,
    "url": "https://www.toronto.ca/explore-enjoy/parks-recreation/places-spaces/parks-and-recreation-facilities/location/?id=612",
    "source": "City of Toronto Open Data (Park Washroom Facilities)",
    "city_asset_id": "312"
   }
  },
  {
   "type": "Feature",
   "geometry": {
    "type": "Point",
    "coordinates": [
     -79.3050564,
     43.8126115
    ]
   },
   "properties": {
    "id": "toronto-13866",
    "name": "L'Amoreaux Community Recreation Centre Washroom",
    "location": "L'Amoreaux Community Recreation Centre",
    "type": "Washroom Building",
    "address": "2000 Mcnicoll Ave",
    "hours": "View centre hours",
    "details": "Located in the Community Centre.",
    "accessible": null,
    "access": "yes",
    "fee": "no",
    "status": "open",
    "status_reason": null,
    "url": "https://www.toronto.ca/explore-enjoy/parks-recreation/places-spaces/parks-and-recreation-facilities/location/?id=788",
    "source": "City of Toronto Open Data (Park Washroom Facilities)",
    "city_asset_id": "13866"
   }
  },
  {
   "type": "Feature",
   "geometry": {
    "type": "Point",
    "coordinates": [
     -79.5165353,
     43.5950991
    ]
   },
   "properties": {
    "id": "toronto-13041",
    "name": "Ken Cox Community Centre Washroom",
    "location": "Ken Cox Community Centre",
    "type": "Washroom Building",
    "address": "28 Colonel Samuel Smith Park Dr",
    "hours": "View centre hours",
    "details": "Located in the Community Centre.",
    "accessible": null,
    "access": "yes",
    "fee": "no",
    "status": "open",
    "status_reason": null,
    "url": "https://www.toronto.ca/explore-enjoy/parks-recreation/places-spaces/parks-and-recreation-facilities/location/?id=1078",
    "source": "City of Toronto Open Data (Park Washroom Facilities)",
    "city_asset_id": "13041"
   }
  },
  {
   "type": "Feature",
   "geometry": {
    "type": "Point",
    "coordinates": [
     -79.4615826,
     43.6576734
    ]
   },
   "properties": {
    "id": "toronto-17168",
    "name": "Keele Community Centre Washroom",
    "location": "Keele Community Centre",
    "type": "Washroom Building",
    "address": "181 Glenlake Ave",
    "hours": "View centre hours",
    "details": "Located in the Community Centre.",
    "accessible": null,
    "access": "yes",
    "fee": "no",
    "status": "open",
    "status_reason": null,
    "url": "https://www.toronto.ca/explore-enjoy/parks-recreation/places-spaces/parks-and-recreation-facilities/location/?id=84",
    "source": "City of Toronto Open Data (Park Washroom Facilities)",
    "city_asset_id": "17168"
   }
  },
  {
   "type": "Feature",
   "geometry": {
    "type": "Point",
    "coordinates": [
     -79.4514501,
     43.6753207
    ]
   },
   "properties": {
    "id": "toronto-1820",
    "name": "Joseph J. Piccininni Community Centre Washroom",
    "location": "Joseph J. Piccininni Community Centre",
    "type": "Washroom Building",
    "address": "1369 St. Clair Ave  W",
    "hours": "View centre hours",
    "details": "Located in the Community Centre.",
    "accessible": null,
    "access": "yes",
    "fee": "no",
    "status": "open",
    "status_reason": null,
    "url": "https://www.toronto.ca/explore-enjoy/parks-recreation/places-spaces/parks-and-recreation-facilities/location/?id=509",
    "source": "City of Toronto Open Data (Park Washroom Facilities)",
    "city_asset_id": "1820"
   }
  },
  {
   "type": "Feature",
   "geometry": {
    "type": "Point",
    "coordinates": [
     -79.3703439,
     43.6554231
    ]
   },
   "properties": {
    "id": "toronto-1818",
    "name": "John Innes Community Recreation Centre Washroom",
    "location": "John Innes Community Recreation Centre",
    "type": "Washroom Building",
    "address": "150 Sherbourne St",
    "hours": "View centre hours",
    "details": "Located in the Community Centre.",
    "accessible": null,
    "access": "yes",
    "fee": "no",
    "status": "open",
    "status_reason": null,
    "url": "https://www.toronto.ca/explore-enjoy/parks-recreation/places-spaces/parks-and-recreation-facilities/location/?id=63",
    "source": "City of Toronto Open Data (Park Washroom Facilities)",
    "city_asset_id": "1818"
   }
  },
  {
   "type": "Feature",
   "geometry": {
    "type": "Point",
    "coordinates": [
     -79.3453135,
     43.6604476
    ]
   },
   "properties": {
    "id": "toronto-1817",
    "name": "Jimmie Simpson Recreation Centre Washroom",
    "location": "Jimmie Simpson Recreation Centre",
    "type": "Washroom Building",
    "address": "870 Queen St  E",
    "hours": "View centre hours",
    "details": "Located in the Community Centre.",
    "accessible": null,
    "access": "yes",
    "fee": "no",
    "status": "open",
    "status_reason": null,
    "url": "https://www.toronto.ca/explore-enjoy/parks-recreation/places-spaces/parks-and-recreation-facilities/location/?id=58",
    "source": "City of Toronto Open Data (Park Washroom Facilities)",
    "city_asset_id": "1817"
   }
  },
  {
   "type": "Feature",
   "geometry": {
    "type": "Point",
    "coordinates": [
     -79.3427975,
     43.7030722
    ]
   },
   "properties": {
    "id": "toronto-2082",
    "name": "Jenner Jean-Marie Community Recreation Centre Washroom",
    "location": "Jenner Jean-Marie Community Recreation Centre",
    "type": "Washroom Building",
    "address": "48 Thorncliffe Park Dr",
    "hours": "View centre hours",
    "details": "Located in the Community Centre.",
    "accessible": null,
    "access": "yes",
    "fee": "no",
    "status": "open",
    "status_reason": null,
    "url": "https://www.toronto.ca/explore-enjoy/parks-recreation/places-spaces/parks-and-recreation-facilities/location/?id=1076",
    "source": "City of Toronto Open Data (Park Washroom Facilities)",
    "city_asset_id": "2082"
   }
  },
  {
   "type": "Feature",
   "geometry": {
    "type": "Point",
    "coordinates": [
     -79.177255,
     43.7688364
    ]
   },
   "properties": {
    "id": "toronto-2079",
    "name": "Heron Park Community Centre Washroom",
    "location": "Heron Park Community Centre",
    "type": "Washroom Building",
    "address": "292 Manse Rd",
    "hours": "View centre hours",
    "details": "Located in the Community Centre.",
    "accessible": null,
    "access": "yes",
    "fee": "no",
    "status": "open",
    "status_reason": null,
    "url": "https://www.toronto.ca/explore-enjoy/parks-recreation/places-spaces/parks-and-recreation-facilities/location/?id=633",
    "source": "City of Toronto Open Data (Park Washroom Facilities)",
    "city_asset_id": "2079"
   }
  },
  {
   "type": "Feature",
   "geometry": {
    "type": "Point",
    "coordinates": [
     -79.3908367,
     43.6510883
    ]
   },
   "properties": {
    "id": "toronto-1768",
    "name": "Harrison Pool Washroom",
    "location": "Harrison Pool",
    "type": "Washroom Building",
    "address": "15 Stephanie St",
    "hours": "View centre hours",
    "details": "Located in the Community Centre.",
    "accessible": null,
    "access": "yes",
    "fee": "no",
    "status": "open",
    "status_reason": null,
    "url": "https://www.toronto.ca/explore-enjoy/parks-recreation/places-spaces/parks-and-recreation-facilities/location/?id=45",
    "source": "City of Toronto Open Data (Park Washroom Facilities)",
    "city_asset_id": "1768"
   }
  },
  {
   "type": "Feature",
   "geometry": {
    "type": "Point",
    "coordinates": [
     -79.5219472,
     43.6012155
    ]
   },
   "properties": {
    "id": "toronto-1764",
    "name": "Gus Ryder Pool and Health Club Washroom",
    "location": "Gus Ryder Pool and Health Club",
    "type": "Washroom Building",
    "address": "1 Faustina Dr",
    "hours": "View centre hours",
    "details": "Located in the Community Centre.",
    "accessible": null,
    "access": "yes",
    "fee": "no",
    "status": "open",
    "status_reason": null,
    "url": "https://www.toronto.ca/explore-enjoy/parks-recreation/places-spaces/parks-and-recreation-facilities/location/?id=896",
    "source": "City of Toronto Open Data (Park Washroom Facilities)",
    "city_asset_id": "1764"
   }
  },
  {
   "type": "Feature",
   "geometry": {
    "type": "Point",
    "coordinates": [
     -79.4902379,
     43.751903
    ]
   },
   "properties": {
    "id": "toronto-14342",
    "name": "Grandravine Community Recreation Centre Washroom",
    "location": "Grandravine Community Recreation Centre",
    "type": "Washroom Building",
    "address": "23 Grandravine Dr",
    "hours": "View centre hours",
    "details": "Located in the Community Centre.",
    "accessible": null,
    "access": "yes",
    "fee": "no",
    "status": "open",
    "status_reason": null,
    "url": "https://www.toronto.ca/explore-enjoy/parks-recreation/places-spaces/parks-and-recreation-facilities/location/?id=647",
    "source": "City of Toronto Open Data (Park Washroom Facilities)",
    "city_asset_id": "14342"
   }
  },
  {
   "type": "Feature",
   "geometry": {
    "type": "Point",
    "coordinates": [
     -79.4221907,
     43.79094
    ]
   },
   "properties": {
    "id": "toronto-2076",
    "name": "Goulding Community Centre Washroom",
    "location": "Goulding Community Centre",
    "type": "All-Gender Washroom, Accessible Washroom",
    "address": "45 Goulding Ave",
    "hours": "View centre hours",
    "details": "Located in the Community Centre.",
    "accessible": "Entrance at Grade, Powered Door Opener, Distress Call Button, 1250mm Turning Radius, Barrier Free Shower",
    "access": "yes",
    "fee": "no",
    "status": "open",
    "status_reason": null,
    "url": "https://www.toronto.ca/explore-enjoy/parks-recreation/places-spaces/parks-and-recreation-facilities/location/?id=643",
    "source": "City of Toronto Open Data (Park Washroom Facilities)",
    "city_asset_id": "2076"
   }
  },
  {
   "type": "Feature",
   "geometry": {
    "type": "Point",
    "coordinates": [
     -79.5664573,
     43.7473905
    ]
   },
   "properties": {
    "id": "toronto-13027",
    "name": "Gord and Irene Risk Community Centre Washroom",
    "location": "Gord and Irene Risk Community Centre",
    "type": "All-Gender Washroom, Accessible Washroom",
    "address": "2650 Finch Ave W",
    "hours": "View centre hours",
    "details": "Located in the Community Centre.",
    "accessible": "Entrance at Grade, Powered Door Opener, 1250mm Turning Radius",
    "access": "yes",
    "fee": "no",
    "status": "open",
    "status_reason": null,
    "url": "https://www.toronto.ca/explore-enjoy/parks-recreation/places-spaces/parks-and-recreation-facilities/location/?id=642",
    "source": "City of Toronto Open Data (Park Washroom Facilities)",
    "city_asset_id": "13027"
   }
  },
  {
   "type": "Feature",
   "geometry": {
    "type": "Point",
    "coordinates": [
     -79.4558677,
     43.7087784
    ]
   },
   "properties": {
    "id": "toronto-2074",
    "name": "Glen Long Community Centre Washroom",
    "location": "Glen Long Community Centre",
    "type": "Washroom Building",
    "address": "35 Glen Long Ave",
    "hours": "View centre hours",
    "details": "Located in the Community Centre.",
    "accessible": null,
    "access": "yes",
    "fee": "no",
    "status": "open",
    "status_reason": null,
    "url": "https://www.toronto.ca/explore-enjoy/parks-recreation/places-spaces/parks-and-recreation-facilities/location/?id=638",
    "source": "City of Toronto Open Data (Park Washroom Facilities)",
    "city_asset_id": "2074"
   }
  },
  {
   "type": "Feature",
   "geometry": {
    "type": "Point",
    "coordinates": [
     -79.3263847,
     43.7135759
    ]
   },
   "properties": {
    "id": "toronto-1745",
    "name": "Flemingdon Community Centre Washroom",
    "location": "Flemingdon Community Centre",
    "type": "All-Gender Washroom, Accessible Washroom",
    "address": "150 Grenoble Dr",
    "hours": "View centre hours",
    "details": "Located in the Community Centre.",
    "accessible": "Entrance at Grade, Child Change Table",
    "access": "yes",
    "fee": "no",
    "status": "open",
    "status_reason": null,
    "url": "https://www.toronto.ca/explore-enjoy/parks-recreation/places-spaces/parks-and-recreation-facilities/location/?id=583",
    "source": "City of Toronto Open Data (Park Washroom Facilities)",
    "city_asset_id": "1745"
   }
  },
  {
   "type": "Feature",
   "geometry": {
    "type": "Point",
    "coordinates": [
     -79.5037969,
     43.7166199
    ]
   },
   "properties": {
    "id": "toronto-2070",
    "name": "Falstaff Community Centre Washroom",
    "location": "Falstaff Community Centre",
    "type": "Washroom Building",
    "address": "50 Falstaff Ave",
    "hours": "View centre hours",
    "details": "Located in the Community Centre.",
    "accessible": null,
    "access": "yes",
    "fee": "no",
    "status": "open",
    "status_reason": null,
    "url": "https://www.toronto.ca/explore-enjoy/parks-recreation/places-spaces/parks-and-recreation-facilities/location/?id=1063",
    "source": "City of Toronto Open Data (Park Washroom Facilities)",
    "city_asset_id": "2070"
   }
  },
  {
   "type": "Feature",
   "geometry": {
    "type": "Point",
    "coordinates": [
     -79.3149236,
     43.6767082
    ]
   },
   "properties": {
    "id": "toronto-1740",
    "name": "Fairmount Park Community Centre Washroom",
    "location": "Fairmount Park Community Centre",
    "type": "Washroom Building",
    "address": "1725 Gerrard St E",
    "hours": "View centre hours",
    "details": "Located in the Community Centre.",
    "accessible": null,
    "access": "yes",
    "fee": "no",
    "status": "open",
    "status_reason": null,
    "url": "https://www.toronto.ca/explore-enjoy/parks-recreation/places-spaces/parks-and-recreation-facilities/location/?id=308",
    "source": "City of Toronto Open Data (Park Washroom Facilities)",
    "city_asset_id": "1740"
   }
  },
  {
   "type": "Feature",
   "geometry": {
    "type": "Point",
    "coordinates": [
     -79.5192436,
     43.639532
    ]
   },
   "properties": {
    "id": "toronto-2068",
    "name": "Fairfield Seniors' Centre Washroom",
    "location": "Fairfield Seniors' Centre",
    "type": "Washroom Building",
    "address": "80 Lothian Ave",
    "hours": "View centre hours",
    "details": "Located in the Community Centre.",
    "accessible": null,
    "access": "yes",
    "fee": "no",
    "status": "open",
    "status_reason": null,
    "url": "https://www.toronto.ca/explore-enjoy/parks-recreation/places-spaces/parks-and-recreation-facilities/location/?id=822",
    "source": "City of Toronto Open Data (Park Washroom Facilities)",
    "city_asset_id": "2068"
   }
  },
  {
   "type": "Feature",
   "geometry": {
    "type": "Point",
    "coordinates": [
     -79.4479869,
     43.6912995
    ]
   },
   "properties": {
    "id": "toronto-13487",
    "name": "Fairbank Memorial Community Centre Washroom",
    "location": "Fairbank Memorial Community Centre",
    "type": "Washroom Building",
    "address": "2213 Dufferin St",
    "hours": "View centre hours",
    "details": "Located in the Community Centre.",
    "accessible": null,
    "access": "yes",
    "fee": "no",
    "status": "open",
    "status_reason": null,
    "url": "https://www.toronto.ca/explore-enjoy/parks-recreation/places-spaces/parks-and-recreation-facilities/location/?id=482",
    "source": "City of Toronto Open Data (Park Washroom Facilities)",
    "city_asset_id": "13487"
   }
  },
  {
   "type": "Feature",
   "geometry": {
    "type": "Point",
    "coordinates": [
     -79.5844329,
     43.6502301
    ]
   },
   "properties": {
    "id": "toronto-1737",
    "name": "Etobicoke Olympium Washroom",
    "location": "Etobicoke Olympium",
    "type": "Washroom Building",
    "address": "590 Rathburn Rd",
    "hours": "View centre hours",
    "details": "Located in the Community Centre.",
    "accessible": null,
    "access": "yes",
    "fee": "no",
    "status": "open",
    "status_reason": null,
    "url": "https://www.toronto.ca/explore-enjoy/parks-recreation/places-spaces/parks-and-recreation-facilities/location/?id=892",
    "source": "City of Toronto Open Data (Park Washroom Facilities)",
    "city_asset_id": "1737"
   }
  },
  {
   "type": "Feature",
   "geometry": {
    "type": "Point",
    "coordinates": [
     -79.588669,
     43.7347548
    ]
   },
   "properties": {
    "id": "toronto-1732",
    "name": "Elmbank Community Centre Washroom",
    "location": "Elmbank Community Centre",
    "type": "Washroom Building",
    "address": "10 Rampart Rd",
    "hours": "View centre hours",
    "details": "Located in the Community Centre.",
    "accessible": null,
    "access": "yes",
    "fee": "no",
    "status": "open",
    "status_reason": null,
    "url": "https://www.toronto.ca/explore-enjoy/parks-recreation/places-spaces/parks-and-recreation-facilities/location/?id=750",
    "source": "City of Toronto Open Data (Park Washroom Facilities)",
    "city_asset_id": "1732"
   }
  },
  {
   "type": "Feature",
   "geometry": {
    "type": "Point",
    "coordinates": [
     -79.2993484,
     43.7606971
    ]
   },
   "properties": {
    "id": "toronto-1729",
    "name": "Ellesmere Community Centre Washroom",
    "location": "Ellesmere Community Centre",
    "type": "Washroom Building",
    "address": "20 Canadian Rd",
    "hours": "View centre hours",
    "details": "Located in the Community Centre.",
    "accessible": null,
    "access": "yes",
    "fee": "no",
    "status": "open",
    "status_reason": null,
    "url": "https://www.toronto.ca/explore-enjoy/parks-recreation/places-spaces/parks-and-recreation-facilities/location/?id=617",
    "source": "City of Toronto Open Data (Park Washroom Facilities)",
    "city_asset_id": "1729"
   }
  },
  {
   "type": "Feature",
   "geometry": {
    "type": "Point",
    "coordinates": [
     -79.4264185,
     43.7769259
    ]
   },
   "properties": {
    "id": "toronto-2065",
    "name": "Edithvale Community Centre Washroom",
    "location": "Edithvale Community Centre",
    "type": "Washroom Building",
    "address": "131 Finch Ave W",
    "hours": "View centre hours",
    "details": "Located in the Community Centre.",
    "accessible": null,
    "access": "yes",
    "fee": "no",
    "status": "open",
    "status_reason": null,
    "url": "https://www.toronto.ca/explore-enjoy/parks-recreation/places-spaces/parks-and-recreation-facilities/location/?id=1463",
    "source": "City of Toronto Open Data (Park Washroom Facilities)",
    "city_asset_id": "2065"
   }
  },
  {
   "type": "Feature",
   "geometry": {
    "type": "Point",
    "coordinates": [
     -79.5166684,
     43.6706706
    ]
   },
   "properties": {
    "id": "toronto-1725",
    "name": "Edgehill House Washroom",
    "location": "Edgehill House",
    "type": "Washroom Building",
    "address": "61 Edgehill Rd",
    "hours": "View centre hours",
    "details": "Located in the Community Centre.",
    "accessible": null,
    "access": "yes",
    "fee": "no",
    "status": "open",
    "status_reason": null,
    "url": "https://www.toronto.ca/explore-enjoy/parks-recreation/places-spaces/parks-and-recreation-facilities/location/?id=428",
    "source": "City of Toronto Open Data (Park Washroom Facilities)",
    "city_asset_id": "1725"
   }
  },
  {
   "type": "Feature",
   "geometry": {
    "type": "Point",
    "coordinates": [
     -79.5107977,
     43.6775235
    ]
   },
   "properties": {
    "id": "toronto-1723",
    "name": "Edenbridge Centre Washroom",
    "location": "Edenbridge Centre",
    "type": "All-Gender Washroom",
    "address": "235 Edenbridge Dr",
    "hours": "View centre hours",
    "details": "Located in the Community Centre.",
    "accessible": null,
    "access": "yes",
    "fee": "no",
    "status": "open",
    "status_reason": null,
    "url": "https://www.toronto.ca/explore-enjoy/parks-recreation/places-spaces/parks-and-recreation-facilities/location/?id=436",
    "source": "City of Toronto Open Data (Park Washroom Facilities)",
    "city_asset_id": "1723"
   }
  },
  {
   "type": "Feature",
   "geometry": {
    "type": "Point",
    "coordinates": [
     -79.3492561,
     43.6917662
    ]
   },
   "properties": {
    "id": "toronto-317",
    "name": "East York Community Centre Washroom",
    "location": "East York Community Centre",
    "type": "Washroom Building",
    "address": "1081 Pape Ave",
    "hours": "View centre hours",
    "details": "Located in the Community Centre.",
    "accessible": null,
    "access": "yes",
    "fee": "no",
    "status": "open",
    "status_reason": null,
    "url": "https://www.toronto.ca/explore-enjoy/parks-recreation/places-spaces/parks-and-recreation-facilities/location/?id=329",
    "source": "City of Toronto Open Data (Park Washroom Facilities)",
    "city_asset_id": "317"
   }
  },
  {
   "type": "Feature",
   "geometry": {
    "type": "Point",
    "coordinates": [
     -79.321287,
     43.6862871
    ]
   },
   "properties": {
    "id": "toronto-1720",
    "name": "Earl Beatty Community Centre Washroom",
    "location": "Earl Beatty Community Centre",
    "type": "Washroom Building",
    "address": "455 Glebeholme Blvd",
    "hours": "View centre hours",
    "details": "Located in the Community Centre.",
    "accessible": null,
    "access": "yes",
    "fee": "no",
    "status": "open",
    "status_reason": null,
    "url": "https://www.toronto.ca/explore-enjoy/parks-recreation/places-spaces/parks-and-recreation-facilities/location/?id=36",
    "source": "City of Toronto Open Data (Park Washroom Facilities)",
    "city_asset_id": "1720"
   }
  },
  {
   "type": "Feature",
   "geometry": {
    "type": "Point",
    "coordinates": [
     -79.4339788,
     43.7545952
    ]
   },
   "properties": {
    "id": "toronto-13023",
    "name": "Earl Bales Community Centre Washroom",
    "location": "Earl Bales Community Centre",
    "type": "Washroom Building",
    "address": "4169 Bathurst St",
    "hours": "View centre hours",
    "details": "Located in the Community Centre.",
    "accessible": null,
    "access": "yes",
    "fee": "no",
    "status": "open",
    "status_reason": null,
    "url": "https://www.toronto.ca/explore-enjoy/parks-recreation/places-spaces/parks-and-recreation-facilities/location/?id=171",
    "source": "City of Toronto Open Data (Park Washroom Facilities)",
    "city_asset_id": "13023"
   }
  },
  {
   "type": "Feature",
   "geometry": {
    "type": "Point",
    "coordinates": [
     -79.5187469,
     43.7654285
    ]
   },
   "properties": {
    "id": "toronto-2064",
    "name": "Driftwood Community Recreation Centre Washroom",
    "location": "Driftwood Community Recreation Centre",
    "type": "All-Gender Washroom, Accessible Washroom",
    "address": "4401 Jane St",
    "hours": "View centre hours",
    "details": "Located in the Community Centre.",
    "accessible": "yes",
    "access": "yes",
    "fee": "no",
    "status": "open",
    "status_reason": null,
    "url": "https://www.toronto.ca/explore-enjoy/parks-recreation/places-spaces/parks-and-recreation-facilities/location/?id=575",
    "source": "City of Toronto Open Data (Park Washroom Facilities)",
    "city_asset_id": "2064"
   }
  },
  {
   "type": "Feature",
   "geometry": {
    "type": "Point",
    "coordinates": [
     -79.4146712,
     43.7671973
    ]
   },
   "properties": {
    "id": "toronto-1715",
    "name": "Douglas Snow Aquatic Centre Washroom",
    "location": "Douglas Snow Aquatic Centre",
    "type": "All-Gender Washroom, Accessible Washroom",
    "address": "5100 Yonge St",
    "hours": "View centre hours",
    "details": "Located in the Community Centre.",
    "accessible": "yes",
    "access": "yes",
    "fee": "no",
    "status": "open",
    "status_reason": null,
    "url": "https://www.toronto.ca/explore-enjoy/parks-recreation/places-spaces/parks-and-recreation-facilities/location/?id=567",
    "source": "City of Toronto Open Data (Park Washroom Facilities)",
    "city_asset_id": "1715"
   }
  },
  {
   "type": "Feature",
   "geometry": {
    "type": "Point",
    "coordinates": [
     -79.2616996,
     43.732629
    ]
   },
   "properties": {
    "id": "toronto-281",
    "name": "Don Montgomery Community Centre Washroom",
    "location": "Don Montgomery Community Centre",
    "type": "Washroom Building",
    "address": "2467 Eglinton Ave  E",
    "hours": "View centre hours",
    "details": "Located in the Community Centre.",
    "accessible": null,
    "access": "yes",
    "fee": "no",
    "status": "open",
    "status_reason": null,
    "url": "https://www.toronto.ca/explore-enjoy/parks-recreation/places-spaces/parks-and-recreation-facilities/location/?id=712",
    "source": "City of Toronto Open Data (Park Washroom Facilities)",
    "city_asset_id": "281"
   }
  },
  {
   "type": "Feature",
   "geometry": {
    "type": "Point",
    "coordinates": [
     -79.5158271,
     43.7424384
    ]
   },
   "properties": {
    "id": "toronto-13020",
    "name": "Domenico Di Luca Community Recreation Centre Washroom",
    "location": "Domenico Di Luca Community Recreation Centre",
    "type": "Washroom Building",
    "address": "25 Stanley Rd",
    "hours": "View centre hours",
    "details": "Located in the Community Centre.",
    "accessible": null,
    "access": "yes",
    "fee": "no",
    "status": "open",
    "status_reason": null,
    "url": "https://www.toronto.ca/explore-enjoy/parks-recreation/places-spaces/parks-and-recreation-facilities/location/?id=760",
    "source": "City of Toronto Open Data (Park Washroom Facilities)",
    "city_asset_id": "13020"
   }
  },
  {
   "type": "Feature",
   "geometry": {
    "type": "Point",
    "coordinates": [
     -79.2108137,
     43.7774369
    ]
   },
   "properties": {
    "id": "toronto-2061",
    "name": "Curran Hall Community Centre Washroom",
    "location": "Curran Hall",
    "type": "All-Gender Washroom, Accessible Washroom",
    "address": "277 Orton Park Rd",
    "hours": "View centre hours",
    "details": "Located in the Community Centre.",
    "accessible": null,
    "access": "yes",
    "fee": "no",
    "status": "open",
    "status_reason": null,
    "url": "https://www.toronto.ca/explore-enjoy/parks-recreation/places-spaces/parks-and-recreation-facilities/location/?id=782",
    "source": "City of Toronto Open Data (Park Washroom Facilities)",
    "city_asset_id": "2061"
   }
  },
  {
   "type": "Feature",
   "geometry": {
    "type": "Point",
    "coordinates": [
     -79.3712768,
     43.8001101
    ]
   },
   "properties": {
    "id": "toronto-2060",
    "name": "Cummer Park Community Centre Washroom",
    "location": "Cummer Park Community Centre",
    "type": "All-Gender Washroom, Accessible Washroom",
    "address": "6000 Leslie St",
    "hours": "View centre hours",
    "details": "Located in the Community Centre.",
    "accessible": null,
    "access": "yes",
    "fee": "no",
    "status": "open",
    "status_reason": null,
    "url": "https://www.toronto.ca/explore-enjoy/parks-recreation/places-spaces/parks-and-recreation-facilities/location/?id=499",
    "source": "City of Toronto Open Data (Park Washroom Facilities)",
    "city_asset_id": "2060"
   }
  },
  {
   "type": "Feature",
   "geometry": {
    "type": "Point",
    "coordinates": [
     -79.5115751,
     43.7239623
    ]
   },
   "properties": {
    "id": "toronto-2057",
    "name": "Chalkfarm Community Centre Washroom",
    "location": "Chalkfarm Community Centre",
    "type": "Washroom Building",
    "address": "180 Chalkfarm Dr",
    "hours": "View centre hours",
    "details": "Located in the Community Centre.",
    "accessible": null,
    "access": "yes",
    "fee": "no",
    "status": "open",
    "status_reason": null,
    "url": "https://www.toronto.ca/explore-enjoy/parks-recreation/places-spaces/parks-and-recreation-facilities/location/?id=486",
    "source": "City of Toronto Open Data (Park Washroom Facilities)",
    "city_asset_id": "2057"
   }
  },
  {
   "type": "Feature",
   "geometry": {
    "type": "Point",
    "coordinates": [
     -79.2370289,
     43.7745338
    ]
   },
   "properties": {
    "id": "toronto-1675",
    "name": "Centennial Recreation Centre Scarborough Washroom",
    "location": "Centennial Recreation Centre - Scarborough",
    "type": "Washroom Building",
    "address": "1967 Ellesmere Rd",
    "hours": "View centre hours",
    "details": "Located in the Community Centre.",
    "accessible": null,
    "access": "yes",
    "fee": "no",
    "status": "open",
    "status_reason": null,
    "url": "https://www.toronto.ca/explore-enjoy/parks-recreation/places-spaces/parks-and-recreation-facilities/location/?id=537",
    "source": "City of Toronto Open Data (Park Washroom Facilities)",
    "city_asset_id": "1675"
   }
  },
  {
   "type": "Feature",
   "geometry": {
    "type": "Point",
    "coordinates": [
     -79.2273955,
     43.7556239
    ]
   },
   "properties": {
    "id": "toronto-2055",
    "name": "Cedarbrook Community Centre Washroom",
    "location": "Cedarbrook Community Centre",
    "type": "Washroom Building",
    "address": "91 Eastpark Blvd",
    "hours": "View centre hours",
    "details": "Located in the Community Centre.",
    "accessible": null,
    "access": "yes",
    "fee": "no",
    "status": "open",
    "status_reason": null,
    "url": "https://www.toronto.ca/explore-enjoy/parks-recreation/places-spaces/parks-and-recreation-facilities/location/?id=600",
    "source": "City of Toronto Open Data (Park Washroom Facilities)",
    "city_asset_id": "2055"
   }
  },
  {
   "type": "Feature",
   "geometry": {
    "type": "Point",
    "coordinates": [
     -79.5389617,
     43.7338393
    ]
   },
   "properties": {
    "id": "toronto-2054",
    "name": "Carmine Stefano Community Centre Washroom",
    "location": "Carmine Stefano Community Centre",
    "type": "Washroom Building",
    "address": "3100 Weston Rd",
    "hours": "View centre hours",
    "details": "Located in the Community Centre.",
    "accessible": null,
    "access": "yes",
    "fee": "no",
    "status": "open",
    "status_reason": null,
    "url": "https://www.toronto.ca/explore-enjoy/parks-recreation/places-spaces/parks-and-recreation-facilities/location/?id=350",
    "source": "City of Toronto Open Data (Park Washroom Facilities)",
    "city_asset_id": "2054"
   }
  },
  {
   "type": "Feature",
   "geometry": {
    "type": "Point",
    "coordinates": [
     -79.3947405,
     43.6397136
    ]
   },
   "properties": {
    "id": "toronto-63202",
    "name": "Canoe Landing Community Recreation Centre Washroom",
    "location": "Canoe Landing Community Recreation Centre",
    "type": "Universal Washroom, All-Gender Washroom, Accessible Washroom",
    "address": "95 Fort York Blvd",
    "hours": "View centre hours",
    "details": "Located in the Community Centre.",
    "accessible": null,
    "access": "yes",
    "fee": "no",
    "status": "open",
    "status_reason": null,
    "url": "https://www.toronto.ca/explore-enjoy/parks-recreation/places-spaces/parks-and-recreation-facilities/location/?id=3643",
    "source": "City of Toronto Open Data (Park Washroom Facilities)",
    "city_asset_id": "63202"
   }
  },
  {
   "type": "Feature",
   "geometry": {
    "type": "Point",
    "coordinates": [
     -79.2343021,
     43.7940982
    ]
   },
   "properties": {
    "id": "toronto-1662",
    "name": "Burrows Hall Community Centre Washroom",
    "location": "Burrows Hall Community Centre",
    "type": "Washroom Building",
    "address": "1081 Progress Ave",
    "hours": "View centre hours",
    "details": "Located in the Community Centre.",
    "accessible": null,
    "access": "yes",
    "fee": "no",
    "status": "open",
    "status_reason": null,
    "url": "https://www.toronto.ca/explore-enjoy/parks-recreation/places-spaces/parks-and-recreation-facilities/location/?id=591",
    "source": "City of Toronto Open Data (Park Washroom Facilities)",
    "city_asset_id": "1662"
   }
  },
  {
   "type": "Feature",
   "geometry": {
    "type": "Point",
    "coordinates": [
     -79.3227636,
     43.7459269
    ]
   },
   "properties": {
    "id": "toronto-2053",
    "name": "Broadlands Community Centre Washroom",
    "location": "Broadlands Community Centre",
    "type": "All-Gender Washroom, Accessible Washroom",
    "address": "19 Castlegrove Blvd",
    "hours": "View centre hours",
    "details": "Located in the Community Centre.",
    "accessible": null,
    "access": "yes",
    "fee": "no",
    "status": "open",
    "status_reason": null,
    "url": "https://www.toronto.ca/explore-enjoy/parks-recreation/places-spaces/parks-and-recreation-facilities/location/?id=7",
    "source": "City of Toronto Open Data (Park Washroom Facilities)",
    "city_asset_id": "2053"
   }
  },
  {
   "type": "Feature",
   "geometry": {
    "type": "Point",
    "coordinates": [
     -79.4203102,
     43.6623905
    ]
   },
   "properties": {
    "id": "toronto-2052",
    "name": "Bob Abate Community Recreation Centre Washroom",
    "location": "Bob Abate Community Recreation Centre",
    "type": "Washroom Building",
    "address": "485 Montrose Ave",
    "hours": "View centre hours",
    "details": "Located in the Community Centre.",
    "accessible": null,
    "access": "yes",
    "fee": "no",
    "status": "open",
    "status_reason": null,
    "url": "https://www.toronto.ca/explore-enjoy/parks-recreation/places-spaces/parks-and-recreation-facilities/location/?id=30",
    "source": "City of Toronto Open Data (Park Washroom Facilities)",
    "city_asset_id": "2052"
   }
  },
  {
   "type": "Feature",
   "geometry": {
    "type": "Point",
    "coordinates": [
     -79.2637643,
     43.7682147
    ]
   },
   "properties": {
    "id": "toronto-105",
    "name": "Birkdale Community Centre Washroom",
    "location": "Birkdale Community Centre",
    "type": "All-Gender Washroom, Accessible Washroom",
    "address": "1299 Ellesmere Rd",
    "hours": "View centre hours",
    "details": "Located in the Community Centre.",
    "accessible": null,
    "access": "yes",
    "fee": "no",
    "status": "open",
    "status_reason": null,
    "url": "https://www.toronto.ca/explore-enjoy/parks-recreation/places-spaces/parks-and-recreation-facilities/location/?id=289",
    "source": "City of Toronto Open Data (Park Washroom Facilities)",
    "city_asset_id": "105"
   }
  },
  {
   "type": "Feature",
   "geometry": {
    "type": "Point",
    "coordinates": [
     -79.2621839,
     43.695494
    ]
   },
   "properties": {
    "id": "toronto-2051",
    "name": "Birchmount Community Centre Washroom",
    "location": "Birchmount Community Centre",
    "type": "Universal Washroom, All-Gender Washroom, Accessible Washroom",
    "address": "93 Birchmount Rd",
    "hours": "View centre hours",
    "details": "Located in the Community Centre.",
    "accessible": "Entrance at Grade, Powered Door Opener, Distress Call Button, Adult Change Tables",
    "access": "yes",
    "fee": "no",
    "status": "open",
    "status_reason": null,
    "url": "https://www.toronto.ca/explore-enjoy/parks-recreation/places-spaces/parks-and-recreation-facilities/location/?id=507",
    "source": "City of Toronto Open Data (Park Washroom Facilities)",
    "city_asset_id": "2051"
   }
  },
  {
   "type": "Feature",
   "geometry": {
    "type": "Point",
    "coordinates": [
     -79.2987784,
     43.6739833
    ]
   },
   "properties": {
    "id": "toronto-71",
    "name": "Beaches Recreation Centre Washroom",
    "location": "Beaches Recreation Centre",
    "type": "Washroom Building",
    "address": "6 Williamson Rd",
    "hours": "View centre hours",
    "details": "Located in the Community Centre.",
    "accessible": null,
    "access": "yes",
    "fee": "no",
    "status": "open",
    "status_reason": null,
    "url": "https://www.toronto.ca/explore-enjoy/parks-recreation/places-spaces/parks-and-recreation-facilities/location/?id=24",
    "source": "City of Toronto Open Data (Park Washroom Facilities)",
    "city_asset_id": "71"
   }
  },
  {
   "type": "Feature",
   "geometry": {
    "type": "Point",
    "coordinates": [
     -79.4321579,
     43.7207008
    ]
   },
   "properties": {
    "id": "toronto-63",
    "name": "Barbara Frum Community Centre Washroom",
    "location": "Barbara Frum Community Centre",
    "type": "Washroom Building",
    "address": "20 Covington Rd",
    "hours": "View centre hours",
    "details": "Located in the Community Centre.",
    "accessible": null,
    "access": "yes",
    "fee": "no",
    "status": "open",
    "status_reason": null,
    "url": "https://www.toronto.ca/explore-enjoy/parks-recreation/places-spaces/parks-and-recreation-facilities/location/?id=1045",
    "source": "City of Toronto Open Data (Park Washroom Facilities)",
    "city_asset_id": "63"
   }
  },
  {
   "type": "Feature",
   "geometry": {
    "type": "Point",
    "coordinates": [
     -79.4218484,
     43.7393861
    ]
   },
   "properties": {
    "id": "toronto-46",
    "name": "Armour Heights Community Centre Washroom",
    "location": "Armour Heights Community Centre",
    "type": "Washroom Building",
    "address": "2140 Avenue Rd",
    "hours": "View centre hours",
    "details": "Located in the Community Centre.",
    "accessible": null,
    "access": "yes",
    "fee": "no",
    "status": "open",
    "status_reason": null,
    "url": "https://www.toronto.ca/explore-enjoy/parks-recreation/places-spaces/parks-and-recreation-facilities/location/?id=503",
    "source": "City of Toronto Open Data (Park Washroom Facilities)",
    "city_asset_id": "46"
   }
  },
  {
   "type": "Feature",
   "geometry": {
    "type": "Point",
    "coordinates": [
     -79.4469959,
     43.7811384
    ]
   },
   "properties": {
    "id": "toronto-1621",
    "name": "Antibes Community Centre Washroom",
    "location": "Antibes Community Centre",
    "type": "Washroom Building",
    "address": "140 Antibes Dr",
    "hours": "View centre hours",
    "details": "Located in the Community Centre.",
    "accessible": null,
    "access": "yes",
    "fee": "no",
    "status": "open",
    "status_reason": null,
    "url": "https://www.toronto.ca/explore-enjoy/parks-recreation/places-spaces/parks-and-recreation-facilities/location/?id=42",
    "source": "City of Toronto Open Data (Park Washroom Facilities)",
    "city_asset_id": "1621"
   }
  },
  {
   "type": "Feature",
   "geometry": {
    "type": "Point",
    "coordinates": [
     -79.4656418,
     43.7325406
    ]
   },
   "properties": {
    "id": "toronto-2045",
    "name": "Ancaster Community Centre Washroom",
    "location": "Ancaster Community Centre",
    "type": "Washroom Building",
    "address": "41 Ancaster Rd",
    "hours": "View centre hours",
    "details": "Located in the Community Centre.",
    "accessible": null,
    "access": "yes",
    "fee": "no",
    "status": "open",
    "status_reason": null,
    "url": "https://www.toronto.ca/explore-enjoy/parks-recreation/places-spaces/parks-and-recreation-facilities/location/?id=487",
    "source": "City of Toronto Open Data (Park Washroom Facilities)",
    "city_asset_id": "2045"
   }
  },
  {
   "type": "Feature",
   "geometry": {
    "type": "Point",
    "coordinates": [
     -79.580949,
     43.7392878
    ]
   },
   "properties": {
    "id": "toronto-13006",
    "name": "Albion Pool and Health Club Washroom",
    "location": "Albion Pool and Health Club",
    "type": "Washroom Building",
    "address": "1485 Albion Rd",
    "hours": "View centre hours",
    "details": "Located in the Community Centre.",
    "accessible": null,
    "access": "yes",
    "fee": "no",
    "status": "open",
    "status_reason": null,
    "url": "https://www.toronto.ca/explore-enjoy/parks-recreation/places-spaces/parks-and-recreation-facilities/location/?id=893",
    "source": "City of Toronto Open Data (Park Washroom Facilities)",
    "city_asset_id": "13006"
   }
  },
  {
   "type": "Feature",
   "geometry": {
    "type": "Point",
    "coordinates": [
     -79.2759781,
     43.7881603
    ]
   },
   "properties": {
    "id": "toronto-1608",
    "name": "Agincourt Recreation Centre Washroom",
    "location": "Agincourt Recreation Centre",
    "type": "Washroom Building",
    "address": "31 Glen Watford Dr",
    "hours": "View centre hours",
    "details": "Located in the Community Centre.",
    "accessible": null,
    "access": "yes",
    "fee": "no",
    "status": "open",
    "status_reason": null,
    "url": "https://www.toronto.ca/explore-enjoy/parks-recreation/places-spaces/parks-and-recreation-facilities/location/?id=523",
    "source": "City of Toronto Open Data (Park Washroom Facilities)",
    "city_asset_id": "1608"
   }
  },
  {
   "type": "Feature",
   "geometry": {
    "type": "Point",
    "coordinates": [
     -79.2888263,
     43.6828375
    ]
   },
   "properties": {
    "id": "toronto-4",
    "name": "Adam Beck Community Centre Washroom",
    "location": "Adam Beck Community Centre",
    "type": "Washroom Building",
    "address": "79 Lawlor Ave",
    "hours": "Mon 2:00 p.m. - 10:00 p.m.; Tue 2:00 p.m. - 10:00 p.m.; Wed 2:00 p.m. - 10:00 p.m.; Thu 2:00 p.m. - 10:00 p.m.; Fri 2:00 p.m. - 8:00 p.m.; Sat 9:00 a.m. - 5:00 p.m.; Sun Closed",
    "details": "Located in the Community Centre.",
    "accessible": null,
    "access": "yes",
    "fee": "no",
    "status": "open",
    "status_reason": null,
    "url": "https://www.toronto.ca/explore-enjoy/parks-recreation/places-spaces/parks-and-recreation-facilities/location/?id=13",
    "source": "City of Toronto Open Data (Park Washroom Facilities)",
    "city_asset_id": "4"
   }
  },
  {
   "type": "Feature",
   "geometry": {
    "type": "Point",
    "coordinates": [
     -79.4046231,
     43.6341933
    ]
   },
   "properties": {
    "id": "osm-node-409200436",
    "name": "Public toilet",
    "location": null,
    "type": null,
    "address": null,
    "hours": null,
    "details": null,
    "accessible": null,
    "access": "unknown",
    "fee": "unknown",
    "status": "open",
    "status_reason": null,
    "url": "https://www.openstreetmap.org/node/409200436",
    "source": "OpenStreetMap",
    "city_asset_id": null
   }
  },
  {
   "type": "Feature",
   "geometry": {
    "type": "Point",
    "coordinates": [
     -79.3456178,
     43.7349036
    ]
   },
   "properties": {
    "id": "osm-node-495303216",
    "name": "Public toilet",
    "location": null,
    "type": null,
    "address": null,
    "hours": null,
    "details": null,
    "accessible": "yes",
    "access": "unknown",
    "fee": "unknown",
    "status": "open",
    "status_reason": null,
    "url": "https://www.openstreetmap.org/node/495303216",
    "source": "OpenStreetMap",
    "city_asset_id": null
   }
  },
  {
   "type": "Feature",
   "geometry": {
    "type": "Point",
    "coordinates": [
     -79.3441212,
     43.7348029
    ]
   },
   "properties": {
    "id": "osm-node-495303273",
    "name": "Public toilet",
    "location": null,
    "type": null,
    "address": null,
    "hours": null,
    "details": null,
    "accessible": "yes",
    "access": "unknown",
    "fee": "unknown",
    "status": "open",
    "status_reason": null,
    "url": "https://www.openstreetmap.org/node/495303273",
    "source": "OpenStreetMap",
    "city_asset_id": null
   }
  },
  {
   "type": "Feature",
   "geometry": {
    "type": "Point",
    "coordinates": [
     -79.3456769,
     43.7341861
    ]
   },
   "properties": {
    "id": "osm-node-495303284",
    "name": "Public toilet",
    "location": null,
    "type": null,
    "address": null,
    "hours": null,
    "details": null,
    "accessible": "yes",
    "access": "unknown",
    "fee": "unknown",
    "status": "open",
    "status_reason": null,
    "url": "https://www.openstreetmap.org/node/495303284",
    "source": "OpenStreetMap",
    "city_asset_id": null
   }
  },
  {
   "type": "Feature",
   "geometry": {
    "type": "Point",
    "coordinates": [
     -79.3762922,
     43.769799
    ]
   },
   "properties": {
    "id": "osm-node-595912515",
    "name": "Public toilet",
    "location": null,
    "type": null,
    "address": null,
    "hours": null,
    "details": null,
    "accessible": null,
    "access": "unknown",
    "fee": "no",
    "status": "open",
    "status_reason": null,
    "url": "https://www.openstreetmap.org/node/595912515",
    "source": "OpenStreetMap",
    "city_asset_id": null
   }
  },
  {
   "type": "Feature",
   "geometry": {
    "type": "Point",
    "coordinates": [
     -79.3440607,
     43.7362814
    ]
   },
   "properties": {
    "id": "osm-node-759573151",
    "name": "Public toilet",
    "location": null,
    "type": null,
    "address": null,
    "hours": null,
    "details": "Indoors",
    "accessible": "yes",
    "access": "unknown",
    "fee": "unknown",
    "status": "open",
    "status_reason": null,
    "url": "https://www.openstreetmap.org/node/759573151",
    "source": "OpenStreetMap",
    "city_asset_id": null
   }
  },
  {
   "type": "Feature",
   "geometry": {
    "type": "Point",
    "coordinates": [
     -79.3927268,
     43.6585664
    ]
   },
   "properties": {
    "id": "osm-node-783499441",
    "name": "Public toilet (permissive access)",
    "location": null,
    "type": null,
    "address": null,
    "hours": null,
    "details": null,
    "accessible": null,
    "access": "permissive",
    "fee": "unknown",
    "status": "open",
    "status_reason": null,
    "url": "https://www.openstreetmap.org/node/783499441",
    "source": "OpenStreetMap",
    "city_asset_id": null
   }
  },
  {
   "type": "Feature",
   "geometry": {
    "type": "Point",
    "coordinates": [
     -79.2678997,
     43.7883241
    ]
   },
   "properties": {
    "id": "osm-node-797705355",
    "name": "Public toilet (permissive access)",
    "location": null,
    "type": null,
    "address": null,
    "hours": null,
    "details": null,
    "accessible": null,
    "access": "permissive",
    "fee": "unknown",
    "status": "open",
    "status_reason": null,
    "url": "https://www.openstreetmap.org/node/797705355",
    "source": "OpenStreetMap",
    "city_asset_id": null
   }
  },
  {
   "type": "Feature",
   "geometry": {
    "type": "Point",
    "coordinates": [
     -79.3915288,
     43.6591383
    ]
   },
   "properties": {
    "id": "osm-node-863515899",
    "name": "Public toilet",
    "location": null,
    "type": null,
    "address": null,
    "hours": null,
    "details": null,
    "accessible": null,
    "access": "unknown",
    "fee": "unknown",
    "status": "open",
    "status_reason": null,
    "url": "https://www.openstreetmap.org/node/863515899",
    "source": "OpenStreetMap",
    "city_asset_id": null
   }
  },
  {
   "type": "Feature",
   "geometry": {
    "type": "Point",
    "coordinates": [
     -79.1812668,
     43.8199464
    ]
   },
   "properties": {
    "id": "osm-node-889264557",
    "name": "Toronto Zoo",
    "location": "Toronto Zoo",
    "type": null,
    "address": null,
    "hours": null,
    "details": null,
    "accessible": null,
    "access": "unknown",
    "fee": "no",
    "status": "open",
    "status_reason": null,
    "url": "https://www.openstreetmap.org/node/889264557",
    "source": "OpenStreetMap",
    "city_asset_id": null
   }
  },
  {
   "type": "Feature",
   "geometry": {
    "type": "Point",
    "coordinates": [
     -79.3938958,
     43.6621454
    ]
   },
   "properties": {
    "id": "osm-node-938003308",
    "name": "Public toilet",
    "location": null,
    "type": null,
    "address": null,
    "hours": null,
    "details": null,
    "accessible": "no",
    "access": "unknown",
    "fee": "unknown",
    "status": "open",
    "status_reason": null,
    "url": "https://www.openstreetmap.org/node/938003308",
    "source": "OpenStreetMap",
    "city_asset_id": null
   }
  },
  {
   "type": "Feature",
   "geometry": {
    "type": "Point",
    "coordinates": [
     -79.3971069,
     43.6657885
    ]
   },
   "properties": {
    "id": "osm-node-939019752",
    "name": "Public toilet",
    "location": null,
    "type": null,
    "address": null,
    "hours": null,
    "details": "down stairs",
    "accessible": "no",
    "access": "unknown",
    "fee": "unknown",
    "status": "open",
    "status_reason": null,
    "url": "https://www.openstreetmap.org/node/939019752",
    "source": "OpenStreetMap",
    "city_asset_id": null
   }
  },
  {
   "type": "Feature",
   "geometry": {
    "type": "Point",
    "coordinates": [
     -79.3955133,
     43.6632948
    ]
   },
   "properties": {
    "id": "osm-node-1001962643",
    "name": "Public toilet",
    "location": null,
    "type": null,
    "address": null,
    "hours": null,
    "details": "in basement",
    "accessible": null,
    "access": "unknown",
    "fee": "unknown",
    "status": "open",
    "status_reason": null,
    "url": "https://www.openstreetmap.org/node/1001962643",
    "source": "OpenStreetMap",
    "city_asset_id": null
   }
  },
  {
   "type": "Feature",
   "geometry": {
    "type": "Point",
    "coordinates": [
     -79.3952397,
     43.6628524
    ]
   },
   "properties": {
    "id": "osm-node-1001962653",
    "name": "Public toilet",
    "location": null,
    "type": null,
    "address": null,
    "hours": null,
    "details": null,
    "accessible": null,
    "access": "unknown",
    "fee": "unknown",
    "status": "open",
    "status_reason": null,
    "url": "https://www.openstreetmap.org/node/1001962653",
    "source": "OpenStreetMap",
    "city_asset_id": null
   }
  },
  {
   "type": "Feature",
   "geometry": {
    "type": "Point",
    "coordinates": [
     -79.5011262,
     43.7743008
    ]
   },
   "properties": {
    "id": "osm-node-1111967974",
    "name": "Public toilet",
    "location": null,
    "type": null,
    "address": null,
    "hours": null,
    "details": null,
    "accessible": "yes",
    "access": "yes",
    "fee": "unknown",
    "status": "open",
    "status_reason": null,
    "url": "https://www.openstreetmap.org/node/1111967974",
    "source": "OpenStreetMap",
    "city_asset_id": null
   }
  },
  {
   "type": "Feature",
   "geometry": {
    "type": "Point",
    "coordinates": [
     -79.38363,
     43.656257
    ]
   },
   "properties": {
    "id": "osm-node-1122181837",
    "name": "Public toilet",
    "location": null,
    "type": null,
    "address": null,
    "hours": null,
    "details": null,
    "accessible": "yes",
    "access": "unknown",
    "fee": "unknown",
    "status": "open",
    "status_reason": null,
    "url": "https://www.openstreetmap.org/node/1122181837",
    "source": "OpenStreetMap",
    "city_asset_id": null
   }
  },
  {
   "type": "Feature",
   "geometry": {
    "type": "Point",
    "coordinates": [
     -79.41409,
     43.7680906
    ]
   },
   "properties": {
    "id": "osm-node-1125517865",
    "name": "Public toilet",
    "location": null,
    "type": null,
    "address": null,
    "hours": null,
    "details": null,
    "accessible": null,
    "access": "unknown",
    "fee": "unknown",
    "status": "open",
    "status_reason": null,
    "url": "https://www.openstreetmap.org/node/1125517865",
    "source": "OpenStreetMap",
    "city_asset_id": null
   }
  },
  {
   "type": "Feature",
   "geometry": {
    "type": "Point",
    "coordinates": [
     -79.5021282,
     43.7743215
    ]
   },
   "properties": {
    "id": "osm-node-1131482562",
    "name": "Public toilet",
    "location": null,
    "type": null,
    "address": null,
    "hours": null,
    "details": null,
    "accessible": "yes",
    "access": "unknown",
    "fee": "unknown",
    "status": "open",
    "status_reason": null,
    "url": "https://www.openstreetmap.org/node/1131482562",
    "source": "OpenStreetMap",
    "city_asset_id": null
   }
  },
  {
   "type": "Feature",
   "geometry": {
    "type": "Point",
    "coordinates": [
     -79.38721,
     43.646218
    ]
   },
   "properties": {
    "id": "osm-node-1132650735",
    "name": "Public toilet",
    "location": null,
    "type": null,
    "address": null,
    "hours": null,
    "details": null,
    "accessible": null,
    "access": "unknown",
    "fee": "unknown",
    "status": "open",
    "status_reason": null,
    "url": "https://www.openstreetmap.org/node/1132650735",
    "source": "OpenStreetMap",
    "city_asset_id": null
   }
  },
  {
   "type": "Feature",
   "geometry": {
    "type": "Point",
    "coordinates": [
     -79.3855492,
     43.7687245
    ]
   },
   "properties": {
    "id": "osm-node-1138266051",
    "name": "Public toilet",
    "location": null,
    "type": null,
    "address": null,
    "hours": null,
    "details": null,
    "accessible": null,
    "access": "unknown",
    "fee": "unknown",
    "status": "open",
    "status_reason": null,
    "url": "https://www.openstreetmap.org/node/1138266051",
    "source": "OpenStreetMap",
    "city_asset_id": null
   }
  },
  {
   "type": "Feature",
   "geometry": {
    "type": "Point",
    "coordinates": [
     -79.3839324,
     43.7693374
    ]
   },
   "properties": {
    "id": "osm-node-1138266446",
    "name": "Public toilet",
    "location": null,
    "type": null,
    "address": null,
    "hours": null,
    "details": null,
    "accessible": null,
    "access": "unknown",
    "fee": "unknown",
    "status": "open",
    "status_reason": null,
    "url": "https://www.openstreetmap.org/node/1138266446",
    "source": "OpenStreetMap",
    "city_asset_id": null
   }
  },
  {
   "type": "Feature",
   "geometry": {
    "type": "Point",
    "coordinates": [
     -79.3871203,
     43.6445292
    ]
   },
   "properties": {
    "id": "osm-node-1141383177",
    "name": "Public toilet",
    "location": null,
    "type": null,
    "address": null,
    "hours": null,
    "details": null,
    "accessible": null,
    "access": "unknown",
    "fee": "unknown",
    "status": "open",
    "status_reason": null,
    "url": "https://www.openstreetmap.org/node/1141383177",
    "source": "OpenStreetMap",
    "city_asset_id": null
   }
  },
  {
   "type": "Feature",
   "geometry": {
    "type": "Point",
    "coordinates": [
     -79.388177,
     43.669505
    ]
   },
   "properties": {
    "id": "osm-node-1151572237",
    "name": "Women",
    "location": null,
    "type": null,
    "address": null,
    "hours": null,
    "details": "Women",
    "accessible": null,
    "access": "unknown",
    "fee": "unknown",
    "status": "open",
    "status_reason": null,
    "url": "https://www.openstreetmap.org/node/1151572237",
    "source": "OpenStreetMap",
    "city_asset_id": null
   }
  },
  {
   "type": "Feature",
   "geometry": {
    "type": "Point",
    "coordinates": [
     -79.388399,
     43.669085
    ]
   },
   "properties": {
    "id": "osm-node-1151572646",
    "name": "Men",
    "location": null,
    "type": null,
    "address": null,
    "hours": null,
    "details": "Men",
    "accessible": null,
    "access": "unknown",
    "fee": "unknown",
    "status": "open",
    "status_reason": null,
    "url": "https://www.openstreetmap.org/node/1151572646",
    "source": "OpenStreetMap",
    "city_asset_id": null
   }
  },
  {
   "type": "Feature",
   "geometry": {
    "type": "Point",
    "coordinates": [
     -79.3797813,
     43.6514144
    ]
   },
   "properties": {
    "id": "osm-node-1157112662",
    "name": "Underground east of hallway in Bay-Adelaide Centre",
    "location": null,
    "type": null,
    "address": null,
    "hours": null,
    "details": "Underground east of hallway in Bay-Adelaide Centre",
    "accessible": null,
    "access": "unknown",
    "fee": "unknown",
    "status": "open",
    "status_reason": null,
    "url": "https://www.openstreetmap.org/node/1157112662",
    "source": "OpenStreetMap",
    "city_asset_id": null
   }
  },
  {
   "type": "Feature",
   "geometry": {
    "type": "Point",
    "coordinates": [
     -79.383211,
     43.660906
    ]
   },
   "properties": {
    "id": "osm-node-1191662664",
    "name": "Men to north women to south",
    "location": null,
    "type": null,
    "address": null,
    "hours": null,
    "details": "Men to north women to south",
    "accessible": "yes",
    "access": "unknown",
    "fee": "unknown",
    "status": "open",
    "status_reason": null,
    "url": "https://www.openstreetmap.org/node/1191662664",
    "source": "OpenStreetMap",
    "city_asset_id": null
   }
  },
  {
   "type": "Feature",
   "geometry": {
    "type": "Point",
    "coordinates": [
     -79.381994,
     43.638426
    ]
   },
   "properties": {
    "id": "osm-node-1346328451",
    "name": "Public toilet",
    "location": null,
    "type": null,
    "address": null,
    "hours": null,
    "details": null,
    "accessible": null,
    "access": "unknown",
    "fee": "unknown",
    "status": "open",
    "status_reason": null,
    "url": "https://www.openstreetmap.org/node/1346328451",
    "source": "OpenStreetMap",
    "city_asset_id": null
   }
  },
  {
   "type": "Feature",
   "geometry": {
    "type": "Point",
    "coordinates": [
     -79.3255177,
     43.6425621
    ]
   },
   "properties": {
    "id": "osm-node-1349531441",
    "name": "Public toilet",
    "location": null,
    "type": null,
    "address": null,
    "hours": null,
    "details": null,
    "accessible": null,
    "access": "unknown",
    "fee": "unknown",
    "status": "open",
    "status_reason": null,
    "url": "https://www.openstreetmap.org/node/1349531441",
    "source": "OpenStreetMap",
    "city_asset_id": null
   }
  },
  {
   "type": "Feature",
   "geometry": {
    "type": "Point",
    "coordinates": [
     -79.3239298,
     43.6453105
    ]
   },
   "properties": {
    "id": "osm-node-1349531443",
    "name": "Public toilet",
    "location": null,
    "type": null,
    "address": null,
    "hours": null,
    "details": null,
    "accessible": null,
    "access": "unknown",
    "fee": "unknown",
    "status": "open",
    "status_reason": null,
    "url": "https://www.openstreetmap.org/node/1349531443",
    "source": "OpenStreetMap",
    "city_asset_id": null
   }
  },
  {
   "type": "Feature",
   "geometry": {
    "type": "Point",
    "coordinates": [
     -79.2912838,
     43.7847755
    ]
   },
   "properties": {
    "id": "osm-node-1367542426",
    "name": "Public toilet (customers only)",
    "location": null,
    "type": null,
    "address": null,
    "hours": null,
    "details": "In Walmart",
    "accessible": null,
    "access": "customers",
    "fee": "unknown",
    "status": "open",
    "status_reason": null,
    "url": "https://www.openstreetmap.org/node/1367542426",
    "source": "OpenStreetMap",
    "city_asset_id": null
   }
  },
  {
   "type": "Feature",
   "geometry": {
    "type": "Point",
    "coordinates": [
     -79.3849599,
     43.6715516
    ]
   },
   "properties": {
    "id": "osm-node-1701769126",
    "name": "Public toilet",
    "location": null,
    "type": null,
    "address": null,
    "hours": null,
    "details": null,
    "accessible": null,
    "access": "unknown",
    "fee": "unknown",
    "status": "open",
    "status_reason": null,
    "url": "https://www.openstreetmap.org/node/1701769126",
    "source": "OpenStreetMap",
    "city_asset_id": null
   }
  },
  {
   "type": "Feature",
   "geometry": {
    "type": "Point",
    "coordinates": [
     -79.1819268,
     43.8239262
    ]
   },
   "properties": {
    "id": "osm-node-1866770279",
    "name": "Public toilet",
    "location": null,
    "type": null,
    "address": null,
    "hours": null,
    "details": null,
    "accessible": null,
    "access": "unknown",
    "fee": "unknown",
    "status": "open",
    "status_reason": null,
    "url": "https://www.openstreetmap.org/node/1866770279",
    "source": "OpenStreetMap",
    "city_asset_id": null
   }
  },
  {
   "type": "Feature",
   "geometry": {
    "type": "Point",
    "coordinates": [
     -79.1933744,
     43.8168886
    ]
   },
   "properties": {
    "id": "osm-node-1866770914",
    "name": "Public toilet",
    "location": null,
    "type": null,
    "address": null,
    "hours": null,
    "details": null,
    "accessible": null,
    "access": "unknown",
    "fee": "unknown",
    "status": "open",
    "status_reason": null,
    "url": "https://www.openstreetmap.org/node/1866770914",
    "source": "OpenStreetMap",
    "city_asset_id": null
   }
  },
  {
   "type": "Feature",
   "geometry": {
    "type": "Point",
    "coordinates": [
     -79.18457,
     43.8194642
    ]
   },
   "properties": {
    "id": "osm-node-1866770916",
    "name": "Public toilet (customers only)",
    "location": null,
    "type": null,
    "address": null,
    "hours": null,
    "details": null,
    "accessible": "yes",
    "access": "customers",
    "fee": "unknown",
    "status": "open",
    "status_reason": null,
    "url": "https://www.openstreetmap.org/node/1866770916",
    "source": "OpenStreetMap",
    "city_asset_id": null
   }
  },
  {
   "type": "Feature",
   "geometry": {
    "type": "Point",
    "coordinates": [
     -79.182195,
     43.8216727
    ]
   },
   "properties": {
    "id": "osm-node-1866790697",
    "name": "Public toilet",
    "location": null,
    "type": null,
    "address": null,
    "hours": null,
    "details": null,
    "accessible": null,
    "access": "unknown",
    "fee": "unknown",
    "status": "open",
    "status_reason": null,
    "url": "https://www.openstreetmap.org/node/1866790697",
    "source": "OpenStreetMap",
    "city_asset_id": null
   }
  },
  {
   "type": "Feature",
   "geometry": {
    "type": "Point",
    "coordinates": [
     -79.3806591,
     43.6384818
    ]
   },
   "properties": {
    "id": "osm-node-2001929180",
    "name": "Public toilet",
    "location": null,
    "type": null,
    "address": null,
    "hours": null,
    "details": null,
    "accessible": null,
    "access": "yes",
    "fee": "no",
    "status": "open",
    "status_reason": null,
    "url": "https://www.openstreetmap.org/node/2001929180",
    "source": "OpenStreetMap",
    "city_asset_id": null
   }
  },
  {
   "type": "Feature",
   "geometry": {
    "type": "Point",
    "coordinates": [
     -79.4535907,
     43.724715
    ]
   },
   "properties": {
    "id": "osm-node-2018929865",
    "name": "Public toilet",
    "location": null,
    "type": null,
    "address": null,
    "hours": null,
    "details": null,
    "accessible": null,
    "access": "unknown",
    "fee": "unknown",
    "status": "open",
    "status_reason": null,
    "url": "https://www.openstreetmap.org/node/2018929865",
    "source": "OpenStreetMap",
    "city_asset_id": null
   }
  },
  {
   "type": "Feature",
   "geometry": {
    "type": "Point",
    "coordinates": [
     -79.4511945,
     43.7249981
    ]
   },
   "properties": {
    "id": "osm-node-2018940583",
    "name": "Public toilet",
    "location": null,
    "type": null,
    "address": null,
    "hours": null,
    "details": null,
    "accessible": null,
    "access": "unknown",
    "fee": "unknown",
    "status": "open",
    "status_reason": null,
    "url": "https://www.openstreetmap.org/node/2018940583",
    "source": "OpenStreetMap",
    "city_asset_id": null
   }
  },
  {
   "type": "Feature",
   "geometry": {
    "type": "Point",
    "coordinates": [
     -79.4486585,
     43.7253002
    ]
   },
   "properties": {
    "id": "osm-node-2018981407",
    "name": "Public toilet",
    "location": null,
    "type": null,
    "address": null,
    "hours": null,
    "details": null,
    "accessible": null,
    "access": "unknown",
    "fee": "unknown",
    "status": "open",
    "status_reason": null,
    "url": "https://www.openstreetmap.org/node/2018981407",
    "source": "OpenStreetMap",
    "city_asset_id": null
   }
  },
  {
   "type": "Feature",
   "geometry": {
    "type": "Point",
    "coordinates": [
     -79.4830235,
     43.7374635
    ]
   },
   "properties": {
    "id": "osm-node-2029412974",
    "name": "Public toilet",
    "location": null,
    "type": null,
    "address": null,
    "hours": null,
    "details": null,
    "accessible": null,
    "access": "unknown",
    "fee": "unknown",
    "status": "open",
    "status_reason": null,
    "url": "https://www.openstreetmap.org/node/2029412974",
    "source": "OpenStreetMap",
    "city_asset_id": null
   }
  },
  {
   "type": "Feature",
   "geometry": {
    "type": "Point",
    "coordinates": [
     -79.3806502,
     43.6459763
    ]
   },
   "properties": {
    "id": "osm-node-2118247096",
    "name": "Public toilet",
    "location": null,
    "type": null,
    "address": null,
    "hours": null,
    "details": "on 2nd floor, accessible from basement and lobby via elevator",
    "accessible": null,
    "access": "unknown",
    "fee": "unknown",
    "status": "open",
    "status_reason": null,
    "url": "https://www.openstreetmap.org/node/2118247096",
    "source": "OpenStreetMap",
    "city_asset_id": null
   }
  },
  {
   "type": "Feature",
   "geometry": {
    "type": "Point",
    "coordinates": [
     -79.2988305,
     43.7235527
    ]
   },
   "properties": {
    "id": "osm-node-2122898496",
    "name": "Public toilet",
    "location": null,
    "type": null,
    "address": null,
    "hours": null,
    "details": null,
    "accessible": null,
    "access": "unknown",
    "fee": "unknown",
    "status": "open",
    "status_reason": null,
    "url": "https://www.openstreetmap.org/node/2122898496",
    "source": "OpenStreetMap",
    "city_asset_id": null
   }
  },
  {
   "type": "Feature",
   "geometry": {
    "type": "Point",
    "coordinates": [
     -79.1830846,
     43.8232029
    ]
   },
   "properties": {
    "id": "osm-node-2130920501",
    "name": "Public toilet (customers only)",
    "location": null,
    "type": null,
    "address": null,
    "hours": null,
    "details": null,
    "accessible": "yes",
    "access": "customers",
    "fee": "unknown",
    "status": "open",
    "status_reason": null,
    "url": "https://www.openstreetmap.org/node/2130920501",
    "source": "OpenStreetMap",
    "city_asset_id": null
   }
  },
  {
   "type": "Feature",
   "geometry": {
    "type": "Point",
    "coordinates": [
     -79.1892118,
     43.8180368
    ]
   },
   "properties": {
    "id": "osm-node-2130921462",
    "name": "Public toilet",
    "location": null,
    "type": null,
    "address": null,
    "hours": null,
    "details": null,
    "accessible": null,
    "access": "unknown",
    "fee": "unknown",
    "status": "open",
    "status_reason": null,
    "url": "https://www.openstreetmap.org/node/2130921462",
    "source": "OpenStreetMap",
    "city_asset_id": null
   }
  },
  {
   "type": "Feature",
   "geometry": {
    "type": "Point",
    "coordinates": [
     -79.3874189,
     43.6708594
    ]
   },
   "properties": {
    "id": "osm-node-2144937894",
    "name": "Public toilet",
    "location": null,
    "type": null,
    "address": null,
    "hours": null,
    "details": null,
    "accessible": null,
    "access": "unknown",
    "fee": "unknown",
    "status": "open",
    "status_reason": null,
    "url": "https://www.openstreetmap.org/node/2144937894",
    "source": "OpenStreetMap",
    "city_asset_id": null
   }
  },
  {
   "type": "Feature",
   "geometry": {
    "type": "Point",
    "coordinates": [
     -79.3587077,
     43.6500106
    ]
   },
   "properties": {
    "id": "osm-node-2149834634",
    "name": "Public toilet",
    "location": null,
    "type": null,
    "address": null,
    "hours": null,
    "details": null,
    "accessible": null,
    "access": "unknown",
    "fee": "no",
    "status": "open",
    "status_reason": null,
    "url": "https://www.openstreetmap.org/node/2149834634",
    "source": "OpenStreetMap",
    "city_asset_id": null
   }
  },
  {
   "type": "Feature",
   "geometry": {
    "type": "Point",
    "coordinates": [
     -79.1869188,
     43.782832
    ]
   },
   "properties": {
    "id": "osm-node-2363359977",
    "name": "Public toilet",
    "location": null,
    "type": null,
    "address": null,
    "hours": null,
    "details": null,
    "accessible": "yes",
    "access": "unknown",
    "fee": "unknown",
    "status": "open",
    "status_reason": null,
    "url": "https://www.openstreetmap.org/node/2363359977",
    "source": "OpenStreetMap",
    "city_asset_id": null
   }
  },
  {
   "type": "Feature",
   "geometry": {
    "type": "Point",
    "coordinates": [
     -79.1879759,
     43.7834583
    ]
   },
   "properties": {
    "id": "osm-node-2363366210",
    "name": "Public toilet",
    "location": null,
    "type": null,
    "address": null,
    "hours": null,
    "details": null,
    "accessible": "yes",
    "access": "unknown",
    "fee": "unknown",
    "status": "open",
    "status_reason": null,
    "url": "https://www.openstreetmap.org/node/2363366210",
    "source": "OpenStreetMap",
    "city_asset_id": null
   }
  },
  {
   "type": "Feature",
   "geometry": {
    "type": "Point",
    "coordinates": [
     -79.1869176,
     43.7838933
    ]
   },
   "properties": {
    "id": "osm-node-2363480036",
    "name": "Public toilet",
    "location": null,
    "type": null,
    "address": null,
    "hours": null,
    "details": null,
    "accessible": "yes",
    "access": "unknown",
    "fee": "unknown",
    "status": "open",
    "status_reason": null,
    "url": "https://www.openstreetmap.org/node/2363480036",
    "source": "OpenStreetMap",
    "city_asset_id": null
   }
  },
  {
   "type": "Feature",
   "geometry": {
    "type": "Point",
    "coordinates": [
     -79.3877835,
     43.6426881
    ]
   },
   "properties": {
    "id": "osm-node-2454669536",
    "name": "Public toilet",
    "location": null,
    "type": null,
    "address": null,
    "hours": null,
    "details": null,
    "accessible": null,
    "access": "unknown",
    "fee": "unknown",
    "status": "open",
    "status_reason": null,
    "url": "https://www.openstreetmap.org/node/2454669536",
    "source": "OpenStreetMap",
    "city_asset_id": null
   }
  },
  {
   "type": "Feature",
   "geometry": {
    "type": "Point",
    "coordinates": [
     -79.5170925,
     43.7751192
    ]
   },
   "properties": {
    "id": "osm-node-2493664910",
    "name": "Public toilet",
    "location": null,
    "type": null,
    "address": null,
    "hours": null,
    "details": null,
    "accessible": null,
    "access": "unknown",
    "fee": "unknown",
    "status": "open",
    "status_reason": null,
    "url": "https://www.openstreetmap.org/node/2493664910",
    "source": "OpenStreetMap",
    "city_asset_id": null
   }
  },
  {
   "type": "Feature",
   "geometry": {
    "type": "Point",
    "coordinates": [
     -79.516713,
     43.773439
    ]
   },
   "properties": {
    "id": "osm-node-2493664911",
    "name": "Public toilet",
    "location": null,
    "type": null,
    "address": null,
    "hours": null,
    "details": null,
    "accessible": null,
    "access": "unknown",
    "fee": "unknown",
    "status": "open",
    "status_reason": null,
    "url": "https://www.openstreetmap.org/node/2493664911",
    "source": "OpenStreetMap",
    "city_asset_id": null
   }
  },
  {
   "type": "Feature",
   "geometry": {
    "type": "Point",
    "coordinates": [
     -79.3938676,
     43.6884173
    ]
   },
   "properties": {
    "id": "osm-node-2508944693",
    "name": "Public toilet",
    "location": null,
    "type": null,
    "address": null,
    "hours": null,
    "details": "in basement of St. Clair Centre",
    "accessible": null,
    "access": "unknown",
    "fee": "unknown",
    "status": "open",
    "status_reason": null,
    "url": "https://www.openstreetmap.org/node/2508944693",
    "source": "OpenStreetMap",
    "city_asset_id": null
   }
  },
  {
   "type": "Feature",
   "geometry": {
    "type": "Point",
    "coordinates": [
     -79.386857,
     43.6390037
    ]
   },
   "properties": {
    "id": "osm-node-2617630911",
    "name": "Public toilet",
    "location": null,
    "type": null,
    "address": "318 Queens Quay W",
    "hours": null,
    "details": null,
    "accessible": "yes",
    "access": "yes",
    "fee": "yes",
    "status": "open",
    "status_reason": null,
    "url": "https://www.openstreetmap.org/node/2617630911",
    "source": "OpenStreetMap",
    "city_asset_id": null
   }
  },
  {
   "type": "Feature",
   "geometry": {
    "type": "Point",
    "coordinates": [
     -79.3578265,
     43.7253774
    ]
   },
   "properties": {
    "id": "osm-node-2733191211",
    "name": "Public toilet",
    "location": null,
    "type": null,
    "address": null,
    "hours": null,
    "details": "Seasonal access. Closed in winter.",
    "accessible": null,
    "access": "yes",
    "fee": "no",
    "status": "open",
    "status_reason": null,
    "url": "https://www.openstreetmap.org/node/2733191211",
    "source": "OpenStreetMap",
    "city_asset_id": null
   }
  },
  {
   "type": "Feature",
   "geometry": {
    "type": "Point",
    "coordinates": [
     -79.2781592,
     43.8241857
    ]
   },
   "properties": {
    "id": "osm-node-2795489793",
    "name": "Public toilet",
    "location": null,
    "type": null,
    "address": null,
    "hours": null,
    "details": null,
    "accessible": null,
    "access": "unknown",
    "fee": "unknown",
    "status": "open",
    "status_reason": null,
    "url": "https://www.openstreetmap.org/node/2795489793",
    "source": "OpenStreetMap",
    "city_asset_id": null
   }
  },
  {
   "type": "Feature",
   "geometry": {
    "type": "Point",
    "coordinates": [
     -79.3908985,
     43.6539464
    ]
   },
   "properties": {
    "id": "osm-node-2808836104",
    "name": "Public toilet (permissive access)",
    "location": null,
    "type": null,
    "address": null,
    "hours": null,
    "details": null,
    "accessible": null,
    "access": "permissive",
    "fee": "unknown",
    "status": "open",
    "status_reason": null,
    "url": "https://www.openstreetmap.org/node/2808836104",
    "source": "OpenStreetMap",
    "city_asset_id": null
   }
  },
  {
   "type": "Feature",
   "geometry": {
    "type": "Point",
    "coordinates": [
     -79.3237153,
     43.6336578
    ]
   },
   "properties": {
    "id": "osm-node-2881353251",
    "name": "Public toilet",
    "location": null,
    "type": null,
    "address": null,
    "hours": null,
    "details": null,
    "accessible": null,
    "access": "unknown",
    "fee": "unknown",
    "status": "open",
    "status_reason": null,
    "url": "https://www.openstreetmap.org/node/2881353251",
    "source": "OpenStreetMap",
    "city_asset_id": null
   }
  },
  {
   "type": "Feature",
   "geometry": {
    "type": "Point",
    "coordinates": [
     -79.3190092,
     43.7988483
    ]
   },
   "properties": {
    "id": "osm-node-2955338972",
    "name": "Public toilet",
    "location": null,
    "type": null,
    "address": null,
    "hours": null,
    "details": null,
    "accessible": null,
    "access": "unknown",
    "fee": "unknown",
    "status": "open",
    "status_reason": null,
    "url": "https://www.openstreetmap.org/node/2955338972",
    "source": "OpenStreetMap",
    "city_asset_id": null
   }
  },
  {
   "type": "Feature",
   "geometry": {
    "type": "Point",
    "coordinates": [
     -79.3188228,
     43.7990818
    ]
   },
   "properties": {
    "id": "osm-node-2955338974",
    "name": "Public toilet",
    "location": null,
    "type": null,
    "address": null,
    "hours": null,
    "details": null,
    "accessible": "yes",
    "access": "yes",
    "fee": "unknown",
    "status": "open",
    "status_reason": null,
    "url": "https://www.openstreetmap.org/node/2955338974",
    "source": "OpenStreetMap",
    "city_asset_id": null
   }
  },
  {
   "type": "Feature",
   "geometry": {
    "type": "Point",
    "coordinates": [
     -79.3861383,
     43.6988907
    ]
   },
   "properties": {
    "id": "osm-node-2974724291",
    "name": "Public toilet (customers only)",
    "location": null,
    "type": null,
    "address": null,
    "hours": null,
    "details": null,
    "accessible": null,
    "access": "customers",
    "fee": "unknown",
    "status": "open",
    "status_reason": null,
    "url": "https://www.openstreetmap.org/node/2974724291",
    "source": "OpenStreetMap",
    "city_asset_id": null
   }
  },
  {
   "type": "Feature",
   "geometry": {
    "type": "Point",
    "coordinates": [
     -79.35818,
     43.7343752
    ]
   },
   "properties": {
    "id": "osm-node-3013610156",
    "name": "Public toilet",
    "location": null,
    "type": null,
    "address": null,
    "hours": null,
    "details": null,
    "accessible": null,
    "access": "unknown",
    "fee": "unknown",
    "status": "open",
    "status_reason": null,
    "url": "https://www.openstreetmap.org/node/3013610156",
    "source": "OpenStreetMap",
    "city_asset_id": null
   }
  },
  {
   "type": "Feature",
   "geometry": {
    "type": "Point",
    "coordinates": [
     -79.4160893,
     43.6840773
    ]
   },
   "properties": {
    "id": "osm-node-3150001940",
    "name": "Public toilet",
    "location": null,
    "type": null,
    "address": null,
    "hours": null,
    "details": null,
    "accessible": null,
    "access": "unknown",
    "fee": "unknown",
    "status": "open",
    "status_reason": null,
    "url": "https://www.openstreetmap.org/node/3150001940",
    "source": "OpenStreetMap",
    "city_asset_id": null
   }
  },
  {
   "type": "Feature",
   "geometry": {
    "type": "Point",
    "coordinates": [
     -79.3713492,
     43.6487685
    ]
   },
   "properties": {
    "id": "osm-node-3308179717",
    "name": "Public toilet",
    "location": null,
    "type": null,
    "address": null,
    "hours": null,
    "details": null,
    "accessible": "no",
    "access": "yes",
    "fee": "no",
    "status": "open",
    "status_reason": null,
    "url": "https://www.openstreetmap.org/node/3308179717",
    "source": "OpenStreetMap",
    "city_asset_id": null
   }
  },
  {
   "type": "Feature",
   "geometry": {
    "type": "Point",
    "coordinates": [
     -79.3713637,
     43.6488173
    ]
   },
   "properties": {
    "id": "osm-node-3308179726",
    "name": "Public toilet",
    "location": null,
    "type": null,
    "address": null,
    "hours": null,
    "details": null,
    "accessible": "no",
    "access": "yes",
    "fee": "no",
    "status": "open",
    "status_reason": null,
    "url": "https://www.openstreetmap.org/node/3308179726",
    "source": "OpenStreetMap",
    "city_asset_id": null
   }
  },
  {
   "type": "Feature",
   "geometry": {
    "type": "Point",
    "coordinates": [
     -79.3717426,
     43.6490463
    ]
   },
   "properties": {
    "id": "osm-node-3308179742",
    "name": "Public toilet",
    "location": null,
    "type": null,
    "address": null,
    "hours": null,
    "details": null,
    "accessible": "yes",
    "access": "yes",
    "fee": "no",
    "status": "open",
    "status_reason": null,
    "url": "https://www.openstreetmap.org/node/3308179742",
    "source": "OpenStreetMap",
    "city_asset_id": null
   }
  },
  {
   "type": "Feature",
   "geometry": {
    "type": "Point",
    "coordinates": [
     -79.3716898,
     43.6490597
    ]
   },
   "properties": {
    "id": "osm-node-3308179743",
    "name": "Public toilet",
    "location": null,
    "type": null,
    "address": null,
    "hours": null,
    "details": null,
    "accessible": "yes",
    "access": "yes",
    "fee": "no",
    "status": "open",
    "status_reason": null,
    "url": "https://www.openstreetmap.org/node/3308179743",
    "source": "OpenStreetMap",
    "city_asset_id": null
   }
  },
  {
   "type": "Feature",
   "geometry": {
    "type": "Point",
    "coordinates": [
     -79.3829941,
     43.6473273
    ]
   },
   "properties": {
    "id": "osm-node-3329398426",
    "name": "Cadillac Fairview (permissive access)",
    "location": "Cadillac Fairview",
    "type": null,
    "address": null,
    "hours": null,
    "details": null,
    "accessible": null,
    "access": "permissive",
    "fee": "no",
    "status": "open",
    "status_reason": null,
    "url": "https://www.openstreetmap.org/node/3329398426",
    "source": "OpenStreetMap",
    "city_asset_id": null
   }
  },
  {
   "type": "Feature",
   "geometry": {
    "type": "Point",
    "coordinates": [
     -79.401732,
     43.724901
    ]
   },
   "properties": {
    "id": "osm-node-3369502993",
    "name": "Locke library public toilet",
    "location": null,
    "type": null,
    "address": null,
    "hours": null,
    "details": null,
    "accessible": "yes",
    "access": "unknown",
    "fee": "no",
    "status": "open",
    "status_reason": null,
    "url": "https://www.openstreetmap.org/node/3369502993",
    "source": "OpenStreetMap",
    "city_asset_id": null
   }
  },
  {
   "type": "Feature",
   "geometry": {
    "type": "Point",
    "coordinates": [
     -79.384675,
     43.647877
    ]
   },
   "properties": {
    "id": "osm-node-3369514093",
    "name": "Public toilet",
    "location": null,
    "type": null,
    "address": null,
    "hours": null,
    "details": null,
    "accessible": "yes",
    "access": "unknown",
    "fee": "no",
    "status": "open",
    "status_reason": null,
    "url": "https://www.openstreetmap.org/node/3369514093",
    "source": "OpenStreetMap",
    "city_asset_id": null
   }
  },
  {
   "type": "Feature",
   "geometry": {
    "type": "Point",
    "coordinates": [
     -79.5545913,
     43.6180152
    ]
   },
   "properties": {
    "id": "osm-node-3425674165",
    "name": "Public toilet",
    "location": null,
    "type": null,
    "address": null,
    "hours": null,
    "details": null,
    "accessible": null,
    "access": "unknown",
    "fee": "unknown",
    "status": "open",
    "status_reason": null,
    "url": "https://www.openstreetmap.org/node/3425674165",
    "source": "OpenStreetMap",
    "city_asset_id": null
   }
  },
  {
   "type": "Feature",
   "geometry": {
    "type": "Point",
    "coordinates": [
     -79.184704,
     43.7788619
    ]
   },
   "properties": {
    "id": "osm-node-3484286931",
    "name": "Public toilet",
    "location": null,
    "type": null,
    "address": null,
    "hours": null,
    "details": null,
    "accessible": "yes",
    "access": "unknown",
    "fee": "unknown",
    "status": "open",
    "status_reason": null,
    "url": "https://www.openstreetmap.org/node/3484286931",
    "source": "OpenStreetMap",
    "city_asset_id": null
   }
  },
  {
   "type": "Feature",
   "geometry": {
    "type": "Point",
    "coordinates": [
     -79.293704,
     43.7841817
    ]
   },
   "properties": {
    "id": "osm-node-3507813546",
    "name": "Public toilet (customers only)",
    "location": null,
    "type": null,
    "address": null,
    "hours": null,
    "details": null,
    "accessible": null,
    "access": "customers",
    "fee": "unknown",
    "status": "open",
    "status_reason": null,
    "url": "https://www.openstreetmap.org/node/3507813546",
    "source": "OpenStreetMap",
    "city_asset_id": null
   }
  },
  {
   "type": "Feature",
   "geometry": {
    "type": "Point",
    "coordinates": [
     -79.3841821,
     43.6473243
    ]
   },
   "properties": {
    "id": "osm-node-3559450459",
    "name": "Public toilet (permissive access)",
    "location": null,
    "type": null,
    "address": null,
    "hours": null,
    "details": null,
    "accessible": "yes",
    "access": "permissive",
    "fee": "no",
    "status": "open",
    "status_reason": null,
    "url": "https://www.openstreetmap.org/node/3559450459",
    "source": "OpenStreetMap",
    "city_asset_id": null
   }
  },
  {
   "type": "Feature",
   "geometry": {
    "type": "Point",
    "coordinates": [
     -79.3785615,
     43.6469019
    ]
   },
   "properties": {
    "id": "osm-node-3559602401",
    "name": "Public toilet (permissive access)",
    "location": null,
    "type": null,
    "address": null,
    "hours": null,
    "details": null,
    "accessible": "yes",
    "access": "permissive",
    "fee": "no",
    "status": "open",
    "status_reason": null,
    "url": "https://www.openstreetmap.org/node/3559602401",
    "source": "OpenStreetMap",
    "city_asset_id": null
   }
  },
  {
   "type": "Feature",
   "geometry": {
    "type": "Point",
    "coordinates": [
     -79.3811396,
     43.6554655
    ]
   },
   "properties": {
    "id": "osm-node-3597536048",
    "name": "Cadillac Fairview",
    "location": "Cadillac Fairview",
    "type": null,
    "address": null,
    "hours": null,
    "details": null,
    "accessible": "yes",
    "access": "yes",
    "fee": "no",
    "status": "open",
    "status_reason": null,
    "url": "https://www.openstreetmap.org/node/3597536048",
    "source": "OpenStreetMap",
    "city_asset_id": null
   }
  },
  {
   "type": "Feature",
   "geometry": {
    "type": "Point",
    "coordinates": [
     -79.4248265,
     43.6337349
    ]
   },
   "properties": {
    "id": "osm-node-3624198910",
    "name": "Public toilet",
    "location": null,
    "type": null,
    "address": null,
    "hours": null,
    "details": null,
    "accessible": null,
    "access": "unknown",
    "fee": "unknown",
    "status": "open",
    "status_reason": null,
    "url": "https://www.openstreetmap.org/node/3624198910",
    "source": "OpenStreetMap",
    "city_asset_id": null
   }
  },
  {
   "type": "Feature",
   "geometry": {
    "type": "Point",
    "coordinates": [
     -79.186083,
     43.7826469
    ]
   },
   "properties": {
    "id": "osm-node-3658116130",
    "name": "Public toilet",
    "location": null,
    "type": null,
    "address": null,
    "hours": null,
    "details": null,
    "accessible": null,
    "access": "unknown",
    "fee": "unknown",
    "status": "open",
    "status_reason": null,
    "url": "https://www.openstreetmap.org/node/3658116130",
    "source": "OpenStreetMap",
    "city_asset_id": null
   }
  },
  {
   "type": "Feature",
   "geometry": {
    "type": "Point",
    "coordinates": [
     -79.3712598,
     43.647833
    ]
   },
   "properties": {
    "id": "osm-node-3676831125",
    "name": "Public toilet",
    "location": null,
    "type": null,
    "address": null,
    "hours": null,
    "details": null,
    "accessible": "yes",
    "access": "unknown",
    "fee": "unknown",
    "status": "open",
    "status_reason": null,
    "url": "https://www.openstreetmap.org/node/3676831125",
    "source": "OpenStreetMap",
    "city_asset_id": null
   }
  },
  {
   "type": "Feature",
   "geometry": {
    "type": "Point",
    "coordinates": [
     -79.3210828,
     43.6458211
    ]
   },
   "properties": {
    "id": "osm-node-3679637427",
    "name": "Public toilet",
    "location": null,
    "type": null,
    "address": null,
    "hours": null,
    "details": "portable toilet, used as toilet for Tommy Thompson Park",
    "accessible": null,
    "access": "unknown",
    "fee": "unknown",
    "status": "open",
    "status_reason": null,
    "url": "https://www.openstreetmap.org/node/3679637427",
    "source": "OpenStreetMap",
    "city_asset_id": null
   }
  },
  {
   "type": "Feature",
   "geometry": {
    "type": "Point",
    "coordinates": [
     -79.3818974,
     43.6478427
    ]
   },
   "properties": {
    "id": "osm-node-3698533559",
    "name": "Females (permissive access)",
    "location": "Cadillac Fairview",
    "type": null,
    "address": null,
    "hours": null,
    "details": null,
    "accessible": "yes",
    "access": "permissive",
    "fee": "no",
    "status": "open",
    "status_reason": null,
    "url": "https://www.openstreetmap.org/node/3698533559",
    "source": "OpenStreetMap",
    "city_asset_id": null
   }
  },
  {
   "type": "Feature",
   "geometry": {
    "type": "Point",
    "coordinates": [
     -79.3820801,
     43.6479012
    ]
   },
   "properties": {
    "id": "osm-node-3698533563",
    "name": "Males (permissive access)",
    "location": "Cadillac Fairview",
    "type": null,
    "address": null,
    "hours": null,
    "details": null,
    "accessible": "yes",
    "access": "permissive",
    "fee": "no",
    "status": "open",
    "status_reason": null,
    "url": "https://www.openstreetmap.org/node/3698533563",
    "source": "OpenStreetMap",
    "city_asset_id": null
   }
  },
  {
   "type": "Feature",
   "geometry": {
    "type": "Point",
    "coordinates": [
     -79.3830192,
     43.6428937
    ]
   },
   "properties": {
    "id": "osm-node-3703540918",
    "name": "Public toilet",
    "location": null,
    "type": null,
    "address": null,
    "hours": null,
    "details": null,
    "accessible": null,
    "access": "unknown",
    "fee": "unknown",
    "status": "open",
    "status_reason": null,
    "url": "https://www.openstreetmap.org/node/3703540918",
    "source": "OpenStreetMap",
    "city_asset_id": null
   }
  },
  {
   "type": "Feature",
   "geometry": {
    "type": "Point",
    "coordinates": [
     -79.3810687,
     43.6440681
    ]
   },
   "properties": {
    "id": "osm-node-3711262622",
    "name": "Public toilet",
    "location": null,
    "type": null,
    "address": null,
    "hours": null,
    "details": null,
    "accessible": "yes",
    "access": "yes",
    "fee": "unknown",
    "status": "open",
    "status_reason": null,
    "url": "https://www.openstreetmap.org/node/3711262622",
    "source": "OpenStreetMap",
    "city_asset_id": null
   }
  },
  {
   "type": "Feature",
   "geometry": {
    "type": "Point",
    "coordinates": [
     -79.2276633,
     43.7848408
    ]
   },
   "properties": {
    "id": "osm-node-3744172183",
    "name": "Public toilet",
    "location": null,
    "type": null,
    "address": null,
    "hours": null,
    "details": null,
    "accessible": null,
    "access": "unknown",
    "fee": "unknown",
    "status": "open",
    "status_reason": null,
    "url": "https://www.openstreetmap.org/node/3744172183",
    "source": "OpenStreetMap",
    "city_asset_id": null
   }
  },
  {
   "type": "Feature",
   "geometry": {
    "type": "Point",
    "coordinates": [
     -79.3587283,
     43.6508643
    ]
   },
   "properties": {
    "id": "osm-node-3753534168",
    "name": "Public toilet",
    "location": null,
    "type": null,
    "address": null,
    "hours": null,
    "details": null,
    "accessible": null,
    "access": "unknown",
    "fee": "unknown",
    "status": "open",
    "status_reason": null,
    "url": "https://www.openstreetmap.org/node/3753534168",
    "source": "OpenStreetMap",
    "city_asset_id": null
   }
  },
  {
   "type": "Feature",
   "geometry": {
    "type": "Point",
    "coordinates": [
     -79.3813158,
     43.644876
    ]
   },
   "properties": {
    "id": "osm-node-3928028048",
    "name": "Public toilet",
    "location": null,
    "type": null,
    "address": null,
    "hours": null,
    "details": null,
    "accessible": "yes",
    "access": "yes",
    "fee": "no",
    "status": "open",
    "status_reason": null,
    "url": "https://www.openstreetmap.org/node/3928028048",
    "source": "OpenStreetMap",
    "city_asset_id": null
   }
  },
  {
   "type": "Feature",
   "geometry": {
    "type": "Point",
    "coordinates": [
     -79.4023171,
     43.6316383
    ]
   },
   "properties": {
    "id": "osm-node-4340032495",
    "name": "Public toilet",
    "location": null,
    "type": null,
    "address": null,
    "hours": null,
    "details": null,
    "accessible": null,
    "access": "unknown",
    "fee": "unknown",
    "status": "open",
    "status_reason": null,
    "url": "https://www.openstreetmap.org/node/4340032495",
    "source": "OpenStreetMap",
    "city_asset_id": null
   }
  },
  {
   "type": "Feature",
   "geometry": {
    "type": "Point",
    "coordinates": [
     -79.383443,
     43.6443146
    ]
   },
   "properties": {
    "id": "osm-node-4430828492",
    "name": "Public toilet",
    "location": null,
    "type": null,
    "address": null,
    "hours": null,
    "details": null,
    "accessible": "yes",
    "access": "unknown",
    "fee": "unknown",
    "status": "open",
    "status_reason": null,
    "url": "https://www.openstreetmap.org/node/4430828492",
    "source": "OpenStreetMap",
    "city_asset_id": null
   }
  },
  {
   "type": "Feature",
   "geometry": {
    "type": "Point",
    "coordinates": [
     -79.5150169,
     43.5957358
    ]
   },
   "properties": {
    "id": "osm-node-4597089808",
    "name": "Public toilet",
    "location": null,
    "type": null,
    "address": null,
    "hours": null,
    "details": null,
    "accessible": null,
    "access": "unknown",
    "fee": "unknown",
    "status": "open",
    "status_reason": null,
    "url": "https://www.openstreetmap.org/node/4597089808",
    "source": "OpenStreetMap",
    "city_asset_id": null
   }
  },
  {
   "type": "Feature",
   "geometry": {
    "type": "Point",
    "coordinates": [
     -79.3950277,
     43.6317993
    ]
   },
   "properties": {
    "id": "osm-node-4753049684",
    "name": "Public toilet",
    "location": null,
    "type": null,
    "address": null,
    "hours": null,
    "details": null,
    "accessible": "yes",
    "access": "unknown",
    "fee": "no",
    "status": "open",
    "status_reason": null,
    "url": "https://www.openstreetmap.org/node/4753049684",
    "source": "OpenStreetMap",
    "city_asset_id": null
   }
  },
  {
   "type": "Feature",
   "geometry": {
    "type": "Point",
    "coordinates": [
     -79.5137006,
     43.70028
    ]
   },
   "properties": {
    "id": "osm-node-4793441837",
    "name": "GO Transit",
    "location": "GO Transit",
    "type": null,
    "address": null,
    "hours": null,
    "details": null,
    "accessible": "yes",
    "access": "unknown",
    "fee": "no",
    "status": "open",
    "status_reason": null,
    "url": "https://www.openstreetmap.org/node/4793441837",
    "source": "OpenStreetMap",
    "city_asset_id": null
   }
  },
  {
   "type": "Feature",
   "geometry": {
    "type": "Point",
    "coordinates": [
     -79.4797868,
     43.6149771
    ]
   },
   "properties": {
    "id": "osm-node-4988846969",
    "name": "Public toilet",
    "location": null,
    "type": null,
    "address": null,
    "hours": null,
    "details": null,
    "accessible": null,
    "access": "unknown",
    "fee": "unknown",
    "status": "open",
    "status_reason": null,
    "url": "https://www.openstreetmap.org/node/4988846969",
    "source": "OpenStreetMap",
    "city_asset_id": null
   }
  },
  {
   "type": "Feature",
   "geometry": {
    "type": "Point",
    "coordinates": [
     -79.4353059,
     43.654368
    ]
   },
   "properties": {
    "id": "osm-node-5081979134",
    "name": "Public toilet",
    "location": null,
    "type": null,
    "address": null,
    "hours": null,
    "details": null,
    "accessible": null,
    "access": "unknown",
    "fee": "unknown",
    "status": "open",
    "status_reason": null,
    "url": "https://www.openstreetmap.org/node/5081979134",
    "source": "OpenStreetMap",
    "city_asset_id": null
   }
  },
  {
   "type": "Feature",
   "geometry": {
    "type": "Point",
    "coordinates": [
     -79.3804817,
     43.6570056
    ]
   },
   "properties": {
    "id": "osm-node-5702455523",
    "name": "Public toilet",
    "location": null,
    "type": null,
    "address": "10 Dundas Street East",
    "hours": null,
    "details": null,
    "accessible": "yes",
    "access": "unknown",
    "fee": "unknown",
    "status": "open",
    "status_reason": null,
    "url": "https://www.openstreetmap.org/node/5702455523",
    "source": "OpenStreetMap",
    "city_asset_id": null
   }
  },
  {
   "type": "Feature",
   "geometry": {
    "type": "Point",
    "coordinates": [
     -79.5655722,
     43.7244359
    ]
   },
   "properties": {
    "id": "osm-node-5794927380",
    "name": "Public toilet",
    "location": null,
    "type": null,
    "address": null,
    "hours": null,
    "details": null,
    "accessible": null,
    "access": "yes",
    "fee": "no",
    "status": "open",
    "status_reason": null,
    "url": "https://www.openstreetmap.org/node/5794927380",
    "source": "OpenStreetMap",
    "city_asset_id": null
   }
  },
  {
   "type": "Feature",
   "geometry": {
    "type": "Point",
    "coordinates": [
     -79.4059369,
     43.6378912
    ]
   },
   "properties": {
    "id": "osm-node-6219731588",
    "name": "Public toilet",
    "location": null,
    "type": null,
    "address": null,
    "hours": "10:00-17:00",
    "details": "2019-03-13: Staff said the opening hours for the washrooms are 10 to 5 except longer when events are held in the area. Not sure if this is technically operated by Fort York or Bentway.",
    "accessible": null,
    "access": "unknown",
    "fee": "unknown",
    "status": "open",
    "status_reason": null,
    "url": "https://www.openstreetmap.org/node/6219731588",
    "source": "OpenStreetMap",
    "city_asset_id": null
   }
  },
  {
   "type": "Feature",
   "geometry": {
    "type": "Point",
    "coordinates": [
     -79.5847732,
     43.7414709
    ]
   },
   "properties": {
    "id": "osm-node-6334238395",
    "name": "Public toilet",
    "location": null,
    "type": null,
    "address": "1530 Albion Road",
    "hours": null,
    "details": null,
    "accessible": null,
    "access": "unknown",
    "fee": "unknown",
    "status": "open",
    "status_reason": null,
    "url": "https://www.openstreetmap.org/node/6334238395",
    "source": "OpenStreetMap",
    "city_asset_id": null
   }
  },
  {
   "type": "Feature",
   "geometry": {
    "type": "Point",
    "coordinates": [
     -79.455221,
     43.7258341
    ]
   },
   "properties": {
    "id": "osm-node-6353308370",
    "name": "Public toilet",
    "location": null,
    "type": null,
    "address": null,
    "hours": null,
    "details": null,
    "accessible": null,
    "access": "unknown",
    "fee": "unknown",
    "status": "open",
    "status_reason": null,
    "url": "https://www.openstreetmap.org/node/6353308370",
    "source": "OpenStreetMap",
    "city_asset_id": null
   }
  },
  {
   "type": "Feature",
   "geometry": {
    "type": "Point",
    "coordinates": [
     -79.4523275,
     43.7257854
    ]
   },
   "properties": {
    "id": "osm-node-6355022580",
    "name": "Public toilet",
    "location": null,
    "type": null,
    "address": null,
    "hours": null,
    "details": null,
    "accessible": null,
    "access": "unknown",
    "fee": "unknown",
    "status": "open",
    "status_reason": null,
    "url": "https://www.openstreetmap.org/node/6355022580",
    "source": "OpenStreetMap",
    "city_asset_id": null
   }
  },
  {
   "type": "Feature",
   "geometry": {
    "type": "Point",
    "coordinates": [
     -79.4506567,
     43.7261312
    ]
   },
   "properties": {
    "id": "osm-node-6355092668",
    "name": "Public toilet",
    "location": null,
    "type": null,
    "address": null,
    "hours": null,
    "details": null,
    "accessible": null,
    "access": "unknown",
    "fee": "unknown",
    "status": "open",
    "status_reason": null,
    "url": "https://www.openstreetmap.org/node/6355092668",
    "source": "OpenStreetMap",
    "city_asset_id": null
   }
  },
  {
   "type": "Feature",
   "geometry": {
    "type": "Point",
    "coordinates": [
     -79.5127486,
     43.7213051
    ]
   },
   "properties": {
    "id": "osm-node-6355548295",
    "name": "Public toilet",
    "location": null,
    "type": null,
    "address": null,
    "hours": null,
    "details": null,
    "accessible": null,
    "access": "unknown",
    "fee": "unknown",
    "status": "open",
    "status_reason": null,
    "url": "https://www.openstreetmap.org/node/6355548295",
    "source": "OpenStreetMap",
    "city_asset_id": null
   }
  },
  {
   "type": "Feature",
   "geometry": {
    "type": "Point",
    "coordinates": [
     -79.5113367,
     43.7216491
    ]
   },
   "properties": {
    "id": "osm-node-6355548296",
    "name": "Public toilet",
    "location": null,
    "type": null,
    "address": null,
    "hours": null,
    "details": null,
    "accessible": null,
    "access": "unknown",
    "fee": "unknown",
    "status": "open",
    "status_reason": null,
    "url": "https://www.openstreetmap.org/node/6355548296",
    "source": "OpenStreetMap",
    "city_asset_id": null
   }
  },
  {
   "type": "Feature",
   "geometry": {
    "type": "Point",
    "coordinates": [
     -79.4513964,
     43.7258879
    ]
   },
   "properties": {
    "id": "osm-node-6357133491",
    "name": "Public toilet",
    "location": null,
    "type": null,
    "address": null,
    "hours": null,
    "details": null,
    "accessible": null,
    "access": "unknown",
    "fee": "unknown",
    "status": "open",
    "status_reason": null,
    "url": "https://www.openstreetmap.org/node/6357133491",
    "source": "OpenStreetMap",
    "city_asset_id": null
   }
  },
  {
   "type": "Feature",
   "geometry": {
    "type": "Point",
    "coordinates": [
     -79.5148667,
     43.7560425
    ]
   },
   "properties": {
    "id": "osm-node-6370629241",
    "name": "Public toilet",
    "location": null,
    "type": null,
    "address": "1911 Finch Avenue West",
    "hours": null,
    "details": null,
    "accessible": null,
    "access": "unknown",
    "fee": "unknown",
    "status": "open",
    "status_reason": null,
    "url": "https://www.openstreetmap.org/node/6370629241",
    "source": "OpenStreetMap",
    "city_asset_id": null
   }
  },
  {
   "type": "Feature",
   "geometry": {
    "type": "Point",
    "coordinates": [
     -79.5144551,
     43.757218
    ]
   },
   "properties": {
    "id": "osm-node-6370640616",
    "name": "Public toilet",
    "location": null,
    "type": null,
    "address": "1911 Finch Avenue West",
    "hours": null,
    "details": null,
    "accessible": null,
    "access": "unknown",
    "fee": "unknown",
    "status": "open",
    "status_reason": null,
    "url": "https://www.openstreetmap.org/node/6370640616",
    "source": "OpenStreetMap",
    "city_asset_id": null
   }
  },
  {
   "type": "Feature",
   "geometry": {
    "type": "Point",
    "coordinates": [
     -79.5195157,
     43.758154
    ]
   },
   "properties": {
    "id": "osm-node-6370851291",
    "name": "Public toilet",
    "location": null,
    "type": null,
    "address": null,
    "hours": null,
    "details": null,
    "accessible": null,
    "access": "unknown",
    "fee": "unknown",
    "status": "open",
    "status_reason": null,
    "url": "https://www.openstreetmap.org/node/6370851291",
    "source": "OpenStreetMap",
    "city_asset_id": null
   }
  },
  {
   "type": "Feature",
   "geometry": {
    "type": "Point",
    "coordinates": [
     -79.5200597,
     43.7580103
    ]
   },
   "properties": {
    "id": "osm-node-6370888059",
    "name": "Public toilet (customers only)",
    "location": null,
    "type": null,
    "address": null,
    "hours": null,
    "details": null,
    "accessible": null,
    "access": "customers",
    "fee": "unknown",
    "status": "open",
    "status_reason": null,
    "url": "https://www.openstreetmap.org/node/6370888059",
    "source": "OpenStreetMap",
    "city_asset_id": null
   }
  },
  {
   "type": "Feature",
   "geometry": {
    "type": "Point",
    "coordinates": [
     -79.3003866,
     43.6864446
    ]
   },
   "properties": {
    "id": "osm-node-6401671356",
    "name": "Washrooms inside the station building, open when the station building is open",
    "location": null,
    "type": null,
    "address": null,
    "hours": "Mo-Fr 05:15-00:45, Sa-Su 06:25-22:10",
    "details": "Washrooms inside the station building, open when the station building is open",
    "accessible": null,
    "access": "yes",
    "fee": "unknown",
    "status": "open",
    "status_reason": null,
    "url": "https://www.openstreetmap.org/node/6401671356",
    "source": "OpenStreetMap",
    "city_asset_id": null
   }
  },
  {
   "type": "Feature",
   "geometry": {
    "type": "Point",
    "coordinates": [
     -79.4278546,
     43.6427637
    ]
   },
   "properties": {
    "id": "osm-node-6481835150",
    "name": "Public toilet (permissive access)",
    "location": null,
    "type": null,
    "address": null,
    "hours": "Mo-Su 08:00-20:00",
    "details": "Washroom behind Starbucks. In May 2019 no access code or purchase needed. Sign says the washrooms are locked at 8pm. Retail building opens 7am or 8am daily.",
    "accessible": "yes",
    "access": "permissive",
    "fee": "no",
    "status": "open",
    "status_reason": null,
    "url": "https://www.openstreetmap.org/node/6481835150",
    "source": "OpenStreetMap",
    "city_asset_id": null
   }
  },
  {
   "type": "Feature",
   "geometry": {
    "type": "Point",
    "coordinates": [
     -79.382882,
     43.6388219
    ]
   },
   "properties": {
    "id": "osm-node-6499041217",
    "name": "Public toilet",
    "location": null,
    "type": null,
    "address": null,
    "hours": null,
    "details": null,
    "accessible": null,
    "access": "unknown",
    "fee": "unknown",
    "status": "open",
    "status_reason": null,
    "url": "https://www.openstreetmap.org/node/6499041217",
    "source": "OpenStreetMap",
    "city_asset_id": null
   }
  },
  {
   "type": "Feature",
   "geometry": {
    "type": "Point",
    "coordinates": [
     -79.383256,
     43.6384648
    ]
   },
   "properties": {
    "id": "osm-node-6528573289",
    "name": "Public toilet",
    "location": null,
    "type": null,
    "address": null,
    "hours": null,
    "details": null,
    "accessible": null,
    "access": "unknown",
    "fee": "unknown",
    "status": "open",
    "status_reason": null,
    "url": "https://www.openstreetmap.org/node/6528573289",
    "source": "OpenStreetMap",
    "city_asset_id": null
   }
  },
  {
   "type": "Feature",
   "geometry": {
    "type": "Point",
    "coordinates": [
     -79.4479344,
     43.7170884
    ]
   },
   "properties": {
    "id": "osm-node-6538318453",
    "name": "Public toilet",
    "location": null,
    "type": null,
    "address": "700 Lawrence Avenue West",
    "hours": null,
    "details": null,
    "accessible": null,
    "access": "unknown",
    "fee": "unknown",
    "status": "open",
    "status_reason": null,
    "url": "https://www.openstreetmap.org/node/6538318453",
    "source": "OpenStreetMap",
    "city_asset_id": null
   }
  },
  {
   "type": "Feature",
   "geometry": {
    "type": "Point",
    "coordinates": [
     -79.4227029,
     43.7955279
    ]
   },
   "properties": {
    "id": "osm-node-6545342871",
    "name": "Public toilet",
    "location": null,
    "type": null,
    "address": null,
    "hours": null,
    "details": null,
    "accessible": null,
    "access": "unknown",
    "fee": "unknown",
    "status": "open",
    "status_reason": null,
    "url": "https://www.openstreetmap.org/node/6545342871",
    "source": "OpenStreetMap",
    "city_asset_id": null
   }
  },
  {
   "type": "Feature",
   "geometry": {
    "type": "Point",
    "coordinates": [
     -79.5992255,
     43.719709
    ]
   },
   "properties": {
    "id": "osm-node-6552111892",
    "name": "Public toilet",
    "location": null,
    "type": null,
    "address": null,
    "hours": null,
    "details": null,
    "accessible": null,
    "access": "unknown",
    "fee": "unknown",
    "status": "open",
    "status_reason": null,
    "url": "https://www.openstreetmap.org/node/6552111892",
    "source": "OpenStreetMap",
    "city_asset_id": null
   }
  },
  {
   "type": "Feature",
   "geometry": {
    "type": "Point",
    "coordinates": [
     -79.3446045,
     43.7783331
    ]
   },
   "properties": {
    "id": "osm-node-6561188420",
    "name": "Public toilet",
    "location": null,
    "type": null,
    "address": null,
    "hours": null,
    "details": null,
    "accessible": "yes",
    "access": "unknown",
    "fee": "unknown",
    "status": "open",
    "status_reason": null,
    "url": "https://www.openstreetmap.org/node/6561188420",
    "source": "OpenStreetMap",
    "city_asset_id": null
   }
  },
  {
   "type": "Feature",
   "geometry": {
    "type": "Point",
    "coordinates": [
     -79.34461,
     43.7775291
    ]
   },
   "properties": {
    "id": "osm-node-6561590920",
    "name": "Public toilet",
    "location": null,
    "type": null,
    "address": null,
    "hours": null,
    "details": null,
    "accessible": "yes",
    "access": "unknown",
    "fee": "unknown",
    "status": "open",
    "status_reason": null,
    "url": "https://www.openstreetmap.org/node/6561590920",
    "source": "OpenStreetMap",
    "city_asset_id": null
   }
  },
  {
   "type": "Feature",
   "geometry": {
    "type": "Point",
    "coordinates": [
     -79.3435957,
     43.7784122
    ]
   },
   "properties": {
    "id": "osm-node-6561626990",
    "name": "Public toilet",
    "location": null,
    "type": null,
    "address": null,
    "hours": null,
    "details": null,
    "accessible": "yes",
    "access": "unknown",
    "fee": "unknown",
    "status": "open",
    "status_reason": null,
    "url": "https://www.openstreetmap.org/node/6561626990",
    "source": "OpenStreetMap",
    "city_asset_id": null
   }
  },
  {
   "type": "Feature",
   "geometry": {
    "type": "Point",
    "coordinates": [
     -79.4365552,
     43.6567305
    ]
   },
   "properties": {
    "id": "osm-node-6568182637",
    "name": "Public toilet",
    "location": null,
    "type": null,
    "address": null,
    "hours": null,
    "details": null,
    "accessible": null,
    "access": "unknown",
    "fee": "unknown",
    "status": "open",
    "status_reason": null,
    "url": "https://www.openstreetmap.org/node/6568182637",
    "source": "OpenStreetMap",
    "city_asset_id": null
   }
  },
  {
   "type": "Feature",
   "geometry": {
    "type": "Point",
    "coordinates": [
     -79.2995051,
     43.7234959
    ]
   },
   "properties": {
    "id": "osm-node-6575077765",
    "name": "Public toilet",
    "location": null,
    "type": null,
    "address": null,
    "hours": null,
    "details": null,
    "accessible": null,
    "access": "unknown",
    "fee": "unknown",
    "status": "open",
    "status_reason": null,
    "url": "https://www.openstreetmap.org/node/6575077765",
    "source": "OpenStreetMap",
    "city_asset_id": null
   }
  },
  {
   "type": "Feature",
   "geometry": {
    "type": "Point",
    "coordinates": [
     -79.3449973,
     43.7058013
    ]
   },
   "properties": {
    "id": "osm-node-6579003218",
    "name": "Public toilet",
    "location": null,
    "type": null,
    "address": null,
    "hours": null,
    "details": null,
    "accessible": null,
    "access": "unknown",
    "fee": "unknown",
    "status": "open",
    "status_reason": null,
    "url": "https://www.openstreetmap.org/node/6579003218",
    "source": "OpenStreetMap",
    "city_asset_id": null
   }
  },
  {
   "type": "Feature",
   "geometry": {
    "type": "Point",
    "coordinates": [
     -79.3389238,
     43.6693189
    ]
   },
   "properties": {
    "id": "osm-node-6579122119",
    "name": "Public toilet",
    "location": null,
    "type": null,
    "address": "1000 Gerrard Street East",
    "hours": null,
    "details": null,
    "accessible": null,
    "access": "unknown",
    "fee": "unknown",
    "status": "open",
    "status_reason": null,
    "url": "https://www.openstreetmap.org/node/6579122119",
    "source": "OpenStreetMap",
    "city_asset_id": null
   }
  },
  {
   "type": "Feature",
   "geometry": {
    "type": "Point",
    "coordinates": [
     -79.3395327,
     43.6698428
    ]
   },
   "properties": {
    "id": "osm-node-6579133108",
    "name": "Public toilet",
    "location": null,
    "type": null,
    "address": null,
    "hours": null,
    "details": null,
    "accessible": null,
    "access": "unknown",
    "fee": "unknown",
    "status": "open",
    "status_reason": null,
    "url": "https://www.openstreetmap.org/node/6579133108",
    "source": "OpenStreetMap",
    "city_asset_id": null
   }
  },
  {
   "type": "Feature",
   "geometry": {
    "type": "Point",
    "coordinates": [
     -79.2693254,
     43.8098098
    ]
   },
   "properties": {
    "id": "osm-node-6586965659",
    "name": "Public toilet",
    "location": null,
    "type": null,
    "address": null,
    "hours": null,
    "details": null,
    "accessible": null,
    "access": "unknown",
    "fee": "unknown",
    "status": "open",
    "status_reason": null,
    "url": "https://www.openstreetmap.org/node/6586965659",
    "source": "OpenStreetMap",
    "city_asset_id": null
   }
  },
  {
   "type": "Feature",
   "geometry": {
    "type": "Point",
    "coordinates": [
     -79.2697936,
     43.8088012
    ]
   },
   "properties": {
    "id": "osm-node-6586981352",
    "name": "Public toilet",
    "location": null,
    "type": null,
    "address": null,
    "hours": null,
    "details": null,
    "accessible": null,
    "access": "unknown",
    "fee": "unknown",
    "status": "open",
    "status_reason": null,
    "url": "https://www.openstreetmap.org/node/6586981352",
    "source": "OpenStreetMap",
    "city_asset_id": null
   }
  },
  {
   "type": "Feature",
   "geometry": {
    "type": "Point",
    "coordinates": [
     -79.258896,
     43.7764398
    ]
   },
   "properties": {
    "id": "osm-node-6589762637",
    "name": "Public toilet",
    "location": null,
    "type": null,
    "address": null,
    "hours": null,
    "details": null,
    "accessible": null,
    "access": "unknown",
    "fee": "unknown",
    "status": "open",
    "status_reason": null,
    "url": "https://www.openstreetmap.org/node/6589762637",
    "source": "OpenStreetMap",
    "city_asset_id": null
   }
  },
  {
   "type": "Feature",
   "geometry": {
    "type": "Point",
    "coordinates": [
     -79.2588793,
     43.7764693
    ]
   },
   "properties": {
    "id": "osm-node-6589762638",
    "name": "Public toilet",
    "location": null,
    "type": null,
    "address": null,
    "hours": null,
    "details": null,
    "accessible": null,
    "access": "unknown",
    "fee": "unknown",
    "status": "open",
    "status_reason": null,
    "url": "https://www.openstreetmap.org/node/6589762638",
    "source": "OpenStreetMap",
    "city_asset_id": null
   }
  },
  {
   "type": "Feature",
   "geometry": {
    "type": "Point",
    "coordinates": [
     -79.2568626,
     43.775265
    ]
   },
   "properties": {
    "id": "osm-node-6589808697",
    "name": "Public toilet",
    "location": null,
    "type": null,
    "address": null,
    "hours": null,
    "details": null,
    "accessible": null,
    "access": "unknown",
    "fee": "unknown",
    "status": "open",
    "status_reason": null,
    "url": "https://www.openstreetmap.org/node/6589808697",
    "source": "OpenStreetMap",
    "city_asset_id": null
   }
  },
  {
   "type": "Feature",
   "geometry": {
    "type": "Point",
    "coordinates": [
     -79.2570955,
     43.7754807
    ]
   },
   "properties": {
    "id": "osm-node-6589949038",
    "name": "Public toilet",
    "location": null,
    "type": null,
    "address": null,
    "hours": null,
    "details": null,
    "accessible": null,
    "access": "unknown",
    "fee": "unknown",
    "status": "open",
    "status_reason": null,
    "url": "https://www.openstreetmap.org/node/6589949038",
    "source": "OpenStreetMap",
    "city_asset_id": null
   }
  },
  {
   "type": "Feature",
   "geometry": {
    "type": "Point",
    "coordinates": [
     -79.2292875,
     43.7571705
    ]
   },
   "properties": {
    "id": "osm-node-6592058599",
    "name": "Public toilet",
    "location": null,
    "type": null,
    "address": null,
    "hours": null,
    "details": null,
    "accessible": null,
    "access": "unknown",
    "fee": "unknown",
    "status": "open",
    "status_reason": null,
    "url": "https://www.openstreetmap.org/node/6592058599",
    "source": "OpenStreetMap",
    "city_asset_id": null
   }
  },
  {
   "type": "Feature",
   "geometry": {
    "type": "Point",
    "coordinates": [
     -79.2229689,
     43.8067775
    ]
   },
   "properties": {
    "id": "osm-node-6603455798",
    "name": "Public toilet",
    "location": null,
    "type": null,
    "address": null,
    "hours": null,
    "details": null,
    "accessible": null,
    "access": "unknown",
    "fee": "unknown",
    "status": "open",
    "status_reason": null,
    "url": "https://www.openstreetmap.org/node/6603455798",
    "source": "OpenStreetMap",
    "city_asset_id": null
   }
  },
  {
   "type": "Feature",
   "geometry": {
    "type": "Point",
    "coordinates": [
     -79.4105255,
     43.7630004
    ]
   },
   "properties": {
    "id": "osm-node-6680697693",
    "name": "Public toilet",
    "location": null,
    "type": null,
    "address": null,
    "hours": null,
    "details": null,
    "accessible": null,
    "access": "unknown",
    "fee": "unknown",
    "status": "open",
    "status_reason": null,
    "url": "https://www.openstreetmap.org/node/6680697693",
    "source": "OpenStreetMap",
    "city_asset_id": null
   }
  },
  {
   "type": "Feature",
   "geometry": {
    "type": "Point",
    "coordinates": [
     -79.3990109,
     43.7071363
    ]
   },
   "properties": {
    "id": "osm-node-6710377773",
    "name": "Public toilet",
    "location": null,
    "type": null,
    "address": null,
    "hours": null,
    "details": null,
    "accessible": null,
    "access": "unknown",
    "fee": "unknown",
    "status": "open",
    "status_reason": null,
    "url": "https://www.openstreetmap.org/node/6710377773",
    "source": "OpenStreetMap",
    "city_asset_id": null
   }
  },
  {
   "type": "Feature",
   "geometry": {
    "type": "Point",
    "coordinates": [
     -79.3807006,
     43.6529289
    ]
   },
   "properties": {
    "id": "osm-node-6711381745",
    "name": "Public toilet",
    "location": null,
    "type": null,
    "address": null,
    "hours": null,
    "details": null,
    "accessible": null,
    "access": "unknown",
    "fee": "unknown",
    "status": "open",
    "status_reason": null,
    "url": "https://www.openstreetmap.org/node/6711381745",
    "source": "OpenStreetMap",
    "city_asset_id": null
   }
  },
  {
   "type": "Feature",
   "geometry": {
    "type": "Point",
    "coordinates": [
     -79.3803125,
     43.6525004
    ]
   },
   "properties": {
    "id": "osm-node-6712315902",
    "name": "Public toilet",
    "location": null,
    "type": null,
    "address": null,
    "hours": null,
    "details": null,
    "accessible": null,
    "access": "unknown",
    "fee": "unknown",
    "status": "open",
    "status_reason": null,
    "url": "https://www.openstreetmap.org/node/6712315902",
    "source": "OpenStreetMap",
    "city_asset_id": null
   }
  },
  {
   "type": "Feature",
   "geometry": {
    "type": "Point",
    "coordinates": [
     -79.3798659,
     43.6529622
    ]
   },
   "properties": {
    "id": "osm-node-6712315913",
    "name": "Public toilet",
    "location": null,
    "type": null,
    "address": null,
    "hours": null,
    "details": null,
    "accessible": null,
    "access": "unknown",
    "fee": "unknown",
    "status": "open",
    "status_reason": null,
    "url": "https://www.openstreetmap.org/node/6712315913",
    "source": "OpenStreetMap",
    "city_asset_id": null
   }
  },
  {
   "type": "Feature",
   "geometry": {
    "type": "Point",
    "coordinates": [
     -79.3816712,
     43.6551738
    ]
   },
   "properties": {
    "id": "osm-node-6712327876",
    "name": "Public toilet",
    "location": null,
    "type": null,
    "address": null,
    "hours": null,
    "details": null,
    "accessible": null,
    "access": "unknown",
    "fee": "unknown",
    "status": "open",
    "status_reason": null,
    "url": "https://www.openstreetmap.org/node/6712327876",
    "source": "OpenStreetMap",
    "city_asset_id": null
   }
  },
  {
   "type": "Feature",
   "geometry": {
    "type": "Point",
    "coordinates": [
     -79.3808971,
     43.6556829
    ]
   },
   "properties": {
    "id": "osm-node-6712340460",
    "name": "Public toilet",
    "location": null,
    "type": null,
    "address": null,
    "hours": null,
    "details": null,
    "accessible": null,
    "access": "unknown",
    "fee": "unknown",
    "status": "open",
    "status_reason": null,
    "url": "https://www.openstreetmap.org/node/6712340460",
    "source": "OpenStreetMap",
    "city_asset_id": null
   }
  },
  {
   "type": "Feature",
   "geometry": {
    "type": "Point",
    "coordinates": [
     -79.3830725,
     43.64769
    ]
   },
   "properties": {
    "id": "osm-node-6721473576",
    "name": "Public toilet (permissive access)",
    "location": null,
    "type": null,
    "address": null,
    "hours": null,
    "details": null,
    "accessible": null,
    "access": "permissive",
    "fee": "unknown",
    "status": "open",
    "status_reason": null,
    "url": "https://www.openstreetmap.org/node/6721473576",
    "source": "OpenStreetMap",
    "city_asset_id": null
   }
  },
  {
   "type": "Feature",
   "geometry": {
    "type": "Point",
    "coordinates": [
     -79.3828702,
     43.6477754
    ]
   },
   "properties": {
    "id": "osm-node-6721473577",
    "name": "Public toilet (permissive access)",
    "location": null,
    "type": null,
    "address": null,
    "hours": null,
    "details": null,
    "accessible": null,
    "access": "permissive",
    "fee": "unknown",
    "status": "open",
    "status_reason": null,
    "url": "https://www.openstreetmap.org/node/6721473577",
    "source": "OpenStreetMap",
    "city_asset_id": null
   }
  },
  {
   "type": "Feature",
   "geometry": {
    "type": "Point",
    "coordinates": [
     -79.1836905,
     43.8185285
    ]
   },
   "properties": {
    "id": "osm-node-7273781396",
    "name": "Public toilet (customers only)",
    "location": null,
    "type": null,
    "address": null,
    "hours": null,
    "details": null,
    "accessible": null,
    "access": "customers",
    "fee": "no",
    "status": "open",
    "status_reason": null,
    "url": "https://www.openstreetmap.org/node/7273781396",
    "source": "OpenStreetMap",
    "city_asset_id": null
   }
  },
  {
   "type": "Feature",
   "geometry": {
    "type": "Point",
    "coordinates": [
     -79.1827557,
     43.8209392
    ]
   },
   "properties": {
    "id": "osm-node-7273781398",
    "name": "Public toilet",
    "location": null,
    "type": null,
    "address": null,
    "hours": null,
    "details": null,
    "accessible": null,
    "access": "unknown",
    "fee": "unknown",
    "status": "open",
    "status_reason": null,
    "url": "https://www.openstreetmap.org/node/7273781398",
    "source": "OpenStreetMap",
    "city_asset_id": null
   }
  },
  {
   "type": "Feature",
   "geometry": {
    "type": "Point",
    "coordinates": [
     -79.2556947,
     43.7753793
    ]
   },
   "properties": {
    "id": "osm-node-8014011208",
    "name": "Public toilet",
    "location": null,
    "type": null,
    "address": null,
    "hours": null,
    "details": null,
    "accessible": "yes",
    "access": "unknown",
    "fee": "unknown",
    "status": "open",
    "status_reason": null,
    "url": "https://www.openstreetmap.org/node/8014011208",
    "source": "OpenStreetMap",
    "city_asset_id": null
   }
  },
  {
   "type": "Feature",
   "geometry": {
    "type": "Point",
    "coordinates": [
     -79.4127026,
     43.6277077
    ]
   },
   "properties": {
    "id": "osm-node-8531764565",
    "name": "Public toilet",
    "location": null,
    "type": null,
    "address": null,
    "hours": null,
    "details": null,
    "accessible": null,
    "access": "unknown",
    "fee": "unknown",
    "status": "open",
    "status_reason": null,
    "url": "https://www.openstreetmap.org/node/8531764565",
    "source": "OpenStreetMap",
    "city_asset_id": null
   }
  },
  {
   "type": "Feature",
   "geometry": {
    "type": "Point",
    "coordinates": [
     -79.4507058,
     43.7819062
    ]
   },
   "properties": {
    "id": "osm-node-8830688556",
    "name": "Public toilet",
    "location": null,
    "type": "Portable toilet",
    "address": null,
    "hours": "24/7",
    "details": null,
    "accessible": "yes",
    "access": "yes",
    "fee": "unknown",
    "status": "open",
    "status_reason": null,
    "url": "https://www.openstreetmap.org/node/8830688556",
    "source": "OpenStreetMap",
    "city_asset_id": null
   }
  },
  {
   "type": "Feature",
   "geometry": {
    "type": "Point",
    "coordinates": [
     -79.4837818,
     43.7065956
    ]
   },
   "properties": {
    "id": "osm-node-8830688559",
    "name": "Public toilet",
    "location": null,
    "type": "Portable toilet",
    "address": null,
    "hours": "24/7",
    "details": null,
    "accessible": "no",
    "access": "yes",
    "fee": "unknown",
    "status": "open",
    "status_reason": null,
    "url": "https://www.openstreetmap.org/node/8830688559",
    "source": "OpenStreetMap",
    "city_asset_id": null
   }
  },
  {
   "type": "Feature",
   "geometry": {
    "type": "Point",
    "coordinates": [
     -79.4178311,
     43.6346251
    ]
   },
   "properties": {
    "id": "osm-node-9739919088",
    "name": "Public toilet",
    "location": null,
    "type": null,
    "address": null,
    "hours": null,
    "details": null,
    "accessible": null,
    "access": "unknown",
    "fee": "unknown",
    "status": "open",
    "status_reason": null,
    "url": "https://www.openstreetmap.org/node/9739919088",
    "source": "OpenStreetMap",
    "city_asset_id": null
   }
  },
  {
   "type": "Feature",
   "geometry": {
    "type": "Point",
    "coordinates": [
     -79.4181674,
     43.6352397
    ]
   },
   "properties": {
    "id": "osm-node-9739919089",
    "name": "Public toilet",
    "location": null,
    "type": null,
    "address": null,
    "hours": null,
    "details": null,
    "accessible": null,
    "access": "unknown",
    "fee": "unknown",
    "status": "open",
    "status_reason": null,
    "url": "https://www.openstreetmap.org/node/9739919089",
    "source": "OpenStreetMap",
    "city_asset_id": null
   }
  },
  {
   "type": "Feature",
   "geometry": {
    "type": "Point",
    "coordinates": [
     -79.4096692,
     43.6351279
    ]
   },
   "properties": {
    "id": "osm-node-9762938714",
    "name": "Public toilet",
    "location": null,
    "type": null,
    "address": null,
    "hours": null,
    "details": null,
    "accessible": null,
    "access": "unknown",
    "fee": "unknown",
    "status": "open",
    "status_reason": null,
    "url": "https://www.openstreetmap.org/node/9762938714",
    "source": "OpenStreetMap",
    "city_asset_id": null
   }
  },
  {
   "type": "Feature",
   "geometry": {
    "type": "Point",
    "coordinates": [
     -79.4105772,
     43.6350293
    ]
   },
   "properties": {
    "id": "osm-node-9837089847",
    "name": "Public toilet (customers only)",
    "location": null,
    "type": null,
    "address": null,
    "hours": null,
    "details": null,
    "accessible": "yes",
    "access": "customers",
    "fee": "unknown",
    "status": "open",
    "status_reason": null,
    "url": "https://www.openstreetmap.org/node/9837089847",
    "source": "OpenStreetMap",
    "city_asset_id": null
   }
  },
  {
   "type": "Feature",
   "geometry": {
    "type": "Point",
    "coordinates": [
     -79.4106308,
     43.6350234
    ]
   },
   "properties": {
    "id": "osm-node-9837089848",
    "name": "Public toilet (customers only)",
    "location": null,
    "type": null,
    "address": null,
    "hours": null,
    "details": null,
    "accessible": "yes",
    "access": "customers",
    "fee": "unknown",
    "status": "open",
    "status_reason": null,
    "url": "https://www.openstreetmap.org/node/9837089848",
    "source": "OpenStreetMap",
    "city_asset_id": null
   }
  },
  {
   "type": "Feature",
   "geometry": {
    "type": "Point",
    "coordinates": [
     -79.4113872,
     43.634839
    ]
   },
   "properties": {
    "id": "osm-node-9837089849",
    "name": "Public toilet (customers only)",
    "location": null,
    "type": null,
    "address": null,
    "hours": null,
    "details": null,
    "accessible": "yes",
    "access": "customers",
    "fee": "unknown",
    "status": "open",
    "status_reason": null,
    "url": "https://www.openstreetmap.org/node/9837089849",
    "source": "OpenStreetMap",
    "city_asset_id": null
   }
  },
  {
   "type": "Feature",
   "geometry": {
    "type": "Point",
    "coordinates": [
     -79.4114596,
     43.6348312
    ]
   },
   "properties": {
    "id": "osm-node-9837089850",
    "name": "Public toilet (customers only)",
    "location": null,
    "type": null,
    "address": null,
    "hours": null,
    "details": null,
    "accessible": "yes",
    "access": "customers",
    "fee": "unknown",
    "status": "open",
    "status_reason": null,
    "url": "https://www.openstreetmap.org/node/9837089850",
    "source": "OpenStreetMap",
    "city_asset_id": null
   }
  },
  {
   "type": "Feature",
   "geometry": {
    "type": "Point",
    "coordinates": [
     -79.4123421,
     43.6355922
    ]
   },
   "properties": {
    "id": "osm-node-9837089851",
    "name": "Public toilet (customers only)",
    "location": null,
    "type": null,
    "address": null,
    "hours": null,
    "details": null,
    "accessible": "yes",
    "access": "customers",
    "fee": "unknown",
    "status": "open",
    "status_reason": null,
    "url": "https://www.openstreetmap.org/node/9837089851",
    "source": "OpenStreetMap",
    "city_asset_id": null
   }
  },
  {
   "type": "Feature",
   "geometry": {
    "type": "Point",
    "coordinates": [
     -79.4124252,
     43.6355709
    ]
   },
   "properties": {
    "id": "osm-node-9837089852",
    "name": "Public toilet (customers only)",
    "location": null,
    "type": null,
    "address": null,
    "hours": null,
    "details": null,
    "accessible": "yes",
    "access": "customers",
    "fee": "unknown",
    "status": "open",
    "status_reason": null,
    "url": "https://www.openstreetmap.org/node/9837089852",
    "source": "OpenStreetMap",
    "city_asset_id": null
   }
  },
  {
   "type": "Feature",
   "geometry": {
    "type": "Point",
    "coordinates": [
     -79.413423,
     43.6352913
    ]
   },
   "properties": {
    "id": "osm-node-9837089853",
    "name": "Public toilet (customers only)",
    "location": null,
    "type": null,
    "address": null,
    "hours": null,
    "details": null,
    "accessible": "yes",
    "access": "customers",
    "fee": "unknown",
    "status": "open",
    "status_reason": null,
    "url": "https://www.openstreetmap.org/node/9837089853",
    "source": "OpenStreetMap",
    "city_asset_id": null
   }
  },
  {
   "type": "Feature",
   "geometry": {
    "type": "Point",
    "coordinates": [
     -79.4133291,
     43.6353127
    ]
   },
   "properties": {
    "id": "osm-node-9837089854",
    "name": "Public toilet (customers only)",
    "location": null,
    "type": null,
    "address": null,
    "hours": null,
    "details": null,
    "accessible": "yes",
    "access": "customers",
    "fee": "unknown",
    "status": "open",
    "status_reason": null,
    "url": "https://www.openstreetmap.org/node/9837089854",
    "source": "OpenStreetMap",
    "city_asset_id": null
   }
  },
  {
   "type": "Feature",
   "geometry": {
    "type": "Point",
    "coordinates": [
     -79.4132406,
     43.635334
    ]
   },
   "properties": {
    "id": "osm-node-9837089855",
    "name": "Public toilet (customers only)",
    "location": null,
    "type": null,
    "address": null,
    "hours": null,
    "details": null,
    "accessible": "yes",
    "access": "customers",
    "fee": "unknown",
    "status": "open",
    "status_reason": null,
    "url": "https://www.openstreetmap.org/node/9837089855",
    "source": "OpenStreetMap",
    "city_asset_id": null
   }
  },
  {
   "type": "Feature",
   "geometry": {
    "type": "Point",
    "coordinates": [
     -79.4152281,
     43.6347924
    ]
   },
   "properties": {
    "id": "osm-node-9837089856",
    "name": "Public toilet (customers only)",
    "location": null,
    "type": null,
    "address": null,
    "hours": null,
    "details": null,
    "accessible": "yes",
    "access": "customers",
    "fee": "unknown",
    "status": "open",
    "status_reason": null,
    "url": "https://www.openstreetmap.org/node/9837089856",
    "source": "OpenStreetMap",
    "city_asset_id": null
   }
  },
  {
   "type": "Feature",
   "geometry": {
    "type": "Point",
    "coordinates": [
     -79.4148285,
     43.634905
    ]
   },
   "properties": {
    "id": "osm-node-9837089857",
    "name": "Public toilet (customers only)",
    "location": null,
    "type": null,
    "address": null,
    "hours": null,
    "details": null,
    "accessible": "yes",
    "access": "customers",
    "fee": "unknown",
    "status": "open",
    "status_reason": null,
    "url": "https://www.openstreetmap.org/node/9837089857",
    "source": "OpenStreetMap",
    "city_asset_id": null
   }
  },
  {
   "type": "Feature",
   "geometry": {
    "type": "Point",
    "coordinates": [
     -79.4140721,
     43.6340955
    ]
   },
   "properties": {
    "id": "osm-node-9837089858",
    "name": "Public toilet (customers only)",
    "location": null,
    "type": null,
    "address": null,
    "hours": null,
    "details": null,
    "accessible": "yes",
    "access": "customers",
    "fee": "unknown",
    "status": "open",
    "status_reason": null,
    "url": "https://www.openstreetmap.org/node/9837089858",
    "source": "OpenStreetMap",
    "city_asset_id": null
   }
  },
  {
   "type": "Feature",
   "geometry": {
    "type": "Point",
    "coordinates": [
     -79.4140614,
     43.6340625
    ]
   },
   "properties": {
    "id": "osm-node-9837089859",
    "name": "Public toilet (customers only)",
    "location": null,
    "type": null,
    "address": null,
    "hours": null,
    "details": null,
    "accessible": "yes",
    "access": "customers",
    "fee": "unknown",
    "status": "open",
    "status_reason": null,
    "url": "https://www.openstreetmap.org/node/9837089859",
    "source": "OpenStreetMap",
    "city_asset_id": null
   }
  },
  {
   "type": "Feature",
   "geometry": {
    "type": "Point",
    "coordinates": [
     -79.413423,
     43.6342722
    ]
   },
   "properties": {
    "id": "osm-node-9837089860",
    "name": "Public toilet (customers only)",
    "location": null,
    "type": null,
    "address": null,
    "hours": null,
    "details": null,
    "accessible": "no",
    "access": "customers",
    "fee": "unknown",
    "status": "open",
    "status_reason": null,
    "url": "https://www.openstreetmap.org/node/9837089860",
    "source": "OpenStreetMap",
    "city_asset_id": null
   }
  },
  {
   "type": "Feature",
   "geometry": {
    "type": "Point",
    "coordinates": [
     -79.4134069,
     43.6342333
    ]
   },
   "properties": {
    "id": "osm-node-9837089861",
    "name": "Public toilet (customers only)",
    "location": null,
    "type": null,
    "address": null,
    "hours": null,
    "details": null,
    "accessible": "no",
    "access": "customers",
    "fee": "unknown",
    "status": "open",
    "status_reason": null,
    "url": "https://www.openstreetmap.org/node/9837089861",
    "source": "OpenStreetMap",
    "city_asset_id": null
   }
  },
  {
   "type": "Feature",
   "geometry": {
    "type": "Point",
    "coordinates": [
     -79.4128007,
     43.6344469
    ]
   },
   "properties": {
    "id": "osm-node-9837089862",
    "name": "Public toilet (customers only)",
    "location": null,
    "type": null,
    "address": null,
    "hours": null,
    "details": null,
    "accessible": "yes",
    "access": "customers",
    "fee": "unknown",
    "status": "open",
    "status_reason": null,
    "url": "https://www.openstreetmap.org/node/9837089862",
    "source": "OpenStreetMap",
    "city_asset_id": null
   }
  },
  {
   "type": "Feature",
   "geometry": {
    "type": "Point",
    "coordinates": [
     -79.4127873,
     43.6344042
    ]
   },
   "properties": {
    "id": "osm-node-9837089863",
    "name": "Public toilet (customers only)",
    "location": null,
    "type": null,
    "address": null,
    "hours": null,
    "details": null,
    "accessible": "yes",
    "access": "customers",
    "fee": "unknown",
    "status": "open",
    "status_reason": null,
    "url": "https://www.openstreetmap.org/node/9837089863",
    "source": "OpenStreetMap",
    "city_asset_id": null
   }
  },
  {
   "type": "Feature",
   "geometry": {
    "type": "Point",
    "coordinates": [
     -79.4151611,
     43.6351375
    ]
   },
   "properties": {
    "id": "osm-node-9837089868",
    "name": "Public toilet",
    "location": null,
    "type": null,
    "address": null,
    "hours": null,
    "details": null,
    "accessible": null,
    "access": "unknown",
    "fee": "no",
    "status": "open",
    "status_reason": null,
    "url": "https://www.openstreetmap.org/node/9837089868",
    "source": "OpenStreetMap",
    "city_asset_id": null
   }
  },
  {
   "type": "Feature",
   "geometry": {
    "type": "Point",
    "coordinates": [
     -79.4144261,
     43.6353432
    ]
   },
   "properties": {
    "id": "osm-node-9837089869",
    "name": "Public toilet",
    "location": null,
    "type": null,
    "address": null,
    "hours": null,
    "details": null,
    "accessible": null,
    "access": "unknown",
    "fee": "no",
    "status": "open",
    "status_reason": null,
    "url": "https://www.openstreetmap.org/node/9837089869",
    "source": "OpenStreetMap",
    "city_asset_id": null
   }
  },
  {
   "type": "Feature",
   "geometry": {
    "type": "Point",
    "coordinates": [
     -79.4137663,
     43.6359741
    ]
   },
   "properties": {
    "id": "osm-node-9837089870",
    "name": "Public toilet",
    "location": null,
    "type": null,
    "address": null,
    "hours": null,
    "details": null,
    "accessible": null,
    "access": "unknown",
    "fee": "no",
    "status": "open",
    "status_reason": null,
    "url": "https://www.openstreetmap.org/node/9837089870",
    "source": "OpenStreetMap",
    "city_asset_id": null
   }
  },
  {
   "type": "Feature",
   "geometry": {
    "type": "Point",
    "coordinates": [
     -79.4135732,
     43.6355917
    ]
   },
   "properties": {
    "id": "osm-node-9837089871",
    "name": "Public toilet",
    "location": null,
    "type": null,
    "address": null,
    "hours": null,
    "details": null,
    "accessible": null,
    "access": "unknown",
    "fee": "no",
    "status": "open",
    "status_reason": null,
    "url": "https://www.openstreetmap.org/node/9837089871",
    "source": "OpenStreetMap",
    "city_asset_id": null
   }
  },
  {
   "type": "Feature",
   "geometry": {
    "type": "Point",
    "coordinates": [
     -79.4111726,
     43.634656
    ]
   },
   "properties": {
    "id": "osm-node-9837089872",
    "name": "Public toilet",
    "location": null,
    "type": null,
    "address": null,
    "hours": null,
    "details": null,
    "accessible": null,
    "access": "unknown",
    "fee": "no",
    "status": "open",
    "status_reason": null,
    "url": "https://www.openstreetmap.org/node/9837089872",
    "source": "OpenStreetMap",
    "city_asset_id": null
   }
  },
  {
   "type": "Feature",
   "geometry": {
    "type": "Point",
    "coordinates": [
     -79.4147212,
     43.6339106
    ]
   },
   "properties": {
    "id": "osm-node-9837089873",
    "name": "Public toilet",
    "location": null,
    "type": null,
    "address": null,
    "hours": null,
    "details": null,
    "accessible": null,
    "access": "unknown",
    "fee": "no",
    "status": "open",
    "status_reason": null,
    "url": "https://www.openstreetmap.org/node/9837089873",
    "source": "OpenStreetMap",
    "city_asset_id": null
   }
  },
  {
   "type": "Feature",
   "geometry": {
    "type": "Point",
    "coordinates": [
     -79.4057108,
     43.6535454
    ]
   },
   "properties": {
    "id": "osm-node-9919909576",
    "name": "Public toilet",
    "location": null,
    "type": null,
    "address": null,
    "hours": null,
    "details": null,
    "accessible": "yes",
    "access": "unknown",
    "fee": "unknown",
    "status": "open",
    "status_reason": null,
    "url": "https://www.openstreetmap.org/node/9919909576",
    "source": "OpenStreetMap",
    "city_asset_id": null
   }
  },
  {
   "type": "Feature",
   "geometry": {
    "type": "Point",
    "coordinates": [
     -79.4057215,
     43.6535803
    ]
   },
   "properties": {
    "id": "osm-node-9919909577",
    "name": "Public toilet",
    "location": null,
    "type": null,
    "address": null,
    "hours": null,
    "details": null,
    "accessible": "yes",
    "access": "unknown",
    "fee": "unknown",
    "status": "open",
    "status_reason": null,
    "url": "https://www.openstreetmap.org/node/9919909577",
    "source": "OpenStreetMap",
    "city_asset_id": null
   }
  },
  {
   "type": "Feature",
   "geometry": {
    "type": "Point",
    "coordinates": [
     -79.4053326,
     43.6537157
    ]
   },
   "properties": {
    "id": "osm-node-9919909578",
    "name": "Public toilet",
    "location": null,
    "type": null,
    "address": null,
    "hours": null,
    "details": null,
    "accessible": null,
    "access": "unknown",
    "fee": "unknown",
    "status": "open",
    "status_reason": null,
    "url": "https://www.openstreetmap.org/node/9919909578",
    "source": "OpenStreetMap",
    "city_asset_id": null
   }
  },
  {
   "type": "Feature",
   "geometry": {
    "type": "Point",
    "coordinates": [
     -79.4052796,
     43.6537254
    ]
   },
   "properties": {
    "id": "osm-node-9919909579",
    "name": "Public toilet",
    "location": null,
    "type": null,
    "address": null,
    "hours": null,
    "details": null,
    "accessible": null,
    "access": "unknown",
    "fee": "unknown",
    "status": "open",
    "status_reason": null,
    "url": "https://www.openstreetmap.org/node/9919909579",
    "source": "OpenStreetMap",
    "city_asset_id": null
   }
  },
  {
   "type": "Feature",
   "geometry": {
    "type": "Point",
    "coordinates": [
     -79.4053795,
     43.6527603
    ]
   },
   "properties": {
    "id": "osm-node-9920136099",
    "name": "Public toilet",
    "location": null,
    "type": null,
    "address": null,
    "hours": null,
    "details": null,
    "accessible": "yes",
    "access": "unknown",
    "fee": "unknown",
    "status": "open",
    "status_reason": null,
    "url": "https://www.openstreetmap.org/node/9920136099",
    "source": "OpenStreetMap",
    "city_asset_id": null
   }
  },
  {
   "type": "Feature",
   "geometry": {
    "type": "Point",
    "coordinates": [
     -79.405466,
     43.6527744
    ]
   },
   "properties": {
    "id": "osm-node-9920136100",
    "name": "Public toilet",
    "location": null,
    "type": null,
    "address": null,
    "hours": null,
    "details": null,
    "accessible": null,
    "access": "unknown",
    "fee": "unknown",
    "status": "open",
    "status_reason": null,
    "url": "https://www.openstreetmap.org/node/9920136100",
    "source": "OpenStreetMap",
    "city_asset_id": null
   }
  },
  {
   "type": "Feature",
   "geometry": {
    "type": "Point",
    "coordinates": [
     -79.3697481,
     43.6953845
    ]
   },
   "properties": {
    "id": "osm-node-10003154723",
    "name": "Public toilet",
    "location": null,
    "type": "Portable toilet",
    "address": null,
    "hours": null,
    "details": null,
    "accessible": null,
    "access": "unknown",
    "fee": "unknown",
    "status": "open",
    "status_reason": null,
    "url": "https://www.openstreetmap.org/node/10003154723",
    "source": "OpenStreetMap",
    "city_asset_id": null
   }
  },
  {
   "type": "Feature",
   "geometry": {
    "type": "Point",
    "coordinates": [
     -79.3697665,
     43.6954031
    ]
   },
   "properties": {
    "id": "osm-node-10003154724",
    "name": "Public toilet",
    "location": null,
    "type": "Portable toilet",
    "address": null,
    "hours": null,
    "details": null,
    "accessible": null,
    "access": "unknown",
    "fee": "unknown",
    "status": "open",
    "status_reason": null,
    "url": "https://www.openstreetmap.org/node/10003154724",
    "source": "OpenStreetMap",
    "city_asset_id": null
   }
  },
  {
   "type": "Feature",
   "geometry": {
    "type": "Point",
    "coordinates": [
     -79.3235041,
     43.653294
    ]
   },
   "properties": {
    "id": "osm-node-10032191379",
    "name": "Public toilet",
    "location": null,
    "type": "Portable toilet",
    "address": null,
    "hours": null,
    "details": null,
    "accessible": null,
    "access": "unknown",
    "fee": "unknown",
    "status": "open",
    "status_reason": null,
    "url": "https://www.openstreetmap.org/node/10032191379",
    "source": "OpenStreetMap",
    "city_asset_id": null
   }
  },
  {
   "type": "Feature",
   "geometry": {
    "type": "Point",
    "coordinates": [
     -79.5548993,
     43.6310013
    ]
   },
   "properties": {
    "id": "osm-node-10159532541",
    "name": "Public toilet",
    "location": null,
    "type": null,
    "address": null,
    "hours": null,
    "details": null,
    "accessible": null,
    "access": "unknown",
    "fee": "unknown",
    "status": "open",
    "status_reason": null,
    "url": "https://www.openstreetmap.org/node/10159532541",
    "source": "OpenStreetMap",
    "city_asset_id": null
   }
  },
  {
   "type": "Feature",
   "geometry": {
    "type": "Point",
    "coordinates": [
     -79.3883099,
     43.637866
    ]
   },
   "properties": {
    "id": "osm-node-10764136606",
    "name": "Public toilet",
    "location": null,
    "type": "Portable toilet",
    "address": null,
    "hours": null,
    "details": null,
    "accessible": "no",
    "access": "unknown",
    "fee": "unknown",
    "status": "open",
    "status_reason": null,
    "url": "https://www.openstreetmap.org/node/10764136606",
    "source": "OpenStreetMap",
    "city_asset_id": null
   }
  },
  {
   "type": "Feature",
   "geometry": {
    "type": "Point",
    "coordinates": [
     -79.3883323,
     43.6378747
    ]
   },
   "properties": {
    "id": "osm-node-10764136610",
    "name": "Public toilet",
    "location": null,
    "type": "Portable toilet",
    "address": null,
    "hours": null,
    "details": null,
    "accessible": "no",
    "access": "unknown",
    "fee": "unknown",
    "status": "open",
    "status_reason": null,
    "url": "https://www.openstreetmap.org/node/10764136610",
    "source": "OpenStreetMap",
    "city_asset_id": null
   }
  },
  {
   "type": "Feature",
   "geometry": {
    "type": "Point",
    "coordinates": [
     -79.5576396,
     43.6613219
    ]
   },
   "properties": {
    "id": "osm-node-10797792184",
    "name": "Public toilet",
    "location": null,
    "type": "Portable toilet",
    "address": null,
    "hours": null,
    "details": null,
    "accessible": null,
    "access": "unknown",
    "fee": "unknown",
    "status": "open",
    "status_reason": null,
    "url": "https://www.openstreetmap.org/node/10797792184",
    "source": "OpenStreetMap",
    "city_asset_id": null
   }
  },
  {
   "type": "Feature",
   "geometry": {
    "type": "Point",
    "coordinates": [
     -79.1850223,
     43.8224608
    ]
   },
   "properties": {
    "id": "osm-node-11055548850",
    "name": "Public toilet (customers only)",
    "location": null,
    "type": null,
    "address": null,
    "hours": null,
    "details": null,
    "accessible": "yes",
    "access": "customers",
    "fee": "unknown",
    "status": "open",
    "status_reason": null,
    "url": "https://www.openstreetmap.org/node/11055548850",
    "source": "OpenStreetMap",
    "city_asset_id": null
   }
  },
  {
   "type": "Feature",
   "geometry": {
    "type": "Point",
    "coordinates": [
     -79.3974091,
     43.6593509
    ]
   },
   "properties": {
    "id": "osm-node-11055727658",
    "name": "Public toilet",
    "location": null,
    "type": null,
    "address": null,
    "hours": null,
    "details": null,
    "accessible": null,
    "access": "unknown",
    "fee": "unknown",
    "status": "open",
    "status_reason": null,
    "url": "https://www.openstreetmap.org/node/11055727658",
    "source": "OpenStreetMap",
    "city_asset_id": null
   }
  },
  {
   "type": "Feature",
   "geometry": {
    "type": "Point",
    "coordinates": [
     -79.4022735,
     43.6409274
    ]
   },
   "properties": {
    "id": "osm-node-11126480683",
    "name": "Public toilet",
    "location": null,
    "type": null,
    "address": null,
    "hours": null,
    "details": null,
    "accessible": null,
    "access": "unknown",
    "fee": "unknown",
    "status": "open",
    "status_reason": null,
    "url": "https://www.openstreetmap.org/node/11126480683",
    "source": "OpenStreetMap",
    "city_asset_id": null
   }
  },
  {
   "type": "Feature",
   "geometry": {
    "type": "Point",
    "coordinates": [
     -79.4191384,
     43.6342175
    ]
   },
   "properties": {
    "id": "osm-node-11128560737",
    "name": "Public toilet",
    "location": null,
    "type": null,
    "address": null,
    "hours": null,
    "details": null,
    "accessible": null,
    "access": "unknown",
    "fee": "unknown",
    "status": "open",
    "status_reason": null,
    "url": "https://www.openstreetmap.org/node/11128560737",
    "source": "OpenStreetMap",
    "city_asset_id": null
   }
  },
  {
   "type": "Feature",
   "geometry": {
    "type": "Point",
    "coordinates": [
     -79.4194499,
     43.6341484
    ]
   },
   "properties": {
    "id": "osm-node-11128560738",
    "name": "Public toilet",
    "location": null,
    "type": null,
    "address": null,
    "hours": null,
    "details": null,
    "accessible": null,
    "access": "unknown",
    "fee": "unknown",
    "status": "open",
    "status_reason": null,
    "url": "https://www.openstreetmap.org/node/11128560738",
    "source": "OpenStreetMap",
    "city_asset_id": null
   }
  },
  {
   "type": "Feature",
   "geometry": {
    "type": "Point",
    "coordinates": [
     -79.4202103,
     43.6332921
    ]
   },
   "properties": {
    "id": "osm-node-11128582768",
    "name": "Public toilet",
    "location": null,
    "type": null,
    "address": null,
    "hours": null,
    "details": null,
    "accessible": null,
    "access": "unknown",
    "fee": "unknown",
    "status": "open",
    "status_reason": null,
    "url": "https://www.openstreetmap.org/node/11128582768",
    "source": "OpenStreetMap",
    "city_asset_id": null
   }
  },
  {
   "type": "Feature",
   "geometry": {
    "type": "Point",
    "coordinates": [
     -79.4202742,
     43.6334288
    ]
   },
   "properties": {
    "id": "osm-node-11128582769",
    "name": "Public toilet",
    "location": null,
    "type": null,
    "address": null,
    "hours": null,
    "details": null,
    "accessible": null,
    "access": "unknown",
    "fee": "unknown",
    "status": "open",
    "status_reason": null,
    "url": "https://www.openstreetmap.org/node/11128582769",
    "source": "OpenStreetMap",
    "city_asset_id": null
   }
  },
  {
   "type": "Feature",
   "geometry": {
    "type": "Point",
    "coordinates": [
     -79.3839979,
     43.8054104
    ]
   },
   "properties": {
    "id": "osm-node-11298404175",
    "name": "Public toilet",
    "location": null,
    "type": null,
    "address": null,
    "hours": null,
    "details": null,
    "accessible": null,
    "access": "unknown",
    "fee": "unknown",
    "status": "open",
    "status_reason": null,
    "url": "https://www.openstreetmap.org/node/11298404175",
    "source": "OpenStreetMap",
    "city_asset_id": null
   }
  },
  {
   "type": "Feature",
   "geometry": {
    "type": "Point",
    "coordinates": [
     -79.3839452,
     43.8054174
    ]
   },
   "properties": {
    "id": "osm-node-11298404176",
    "name": "Public toilet",
    "location": null,
    "type": null,
    "address": null,
    "hours": null,
    "details": null,
    "accessible": null,
    "access": "unknown",
    "fee": "unknown",
    "status": "open",
    "status_reason": null,
    "url": "https://www.openstreetmap.org/node/11298404176",
    "source": "OpenStreetMap",
    "city_asset_id": null
   }
  },
  {
   "type": "Feature",
   "geometry": {
    "type": "Point",
    "coordinates": [
     -79.1936735,
     43.7575338
    ]
   },
   "properties": {
    "id": "osm-node-11622259542",
    "name": "Public toilet (permissive access)",
    "location": null,
    "type": null,
    "address": "100 Galloway Road",
    "hours": null,
    "details": null,
    "accessible": "yes",
    "access": "permissive",
    "fee": "unknown",
    "status": "open",
    "status_reason": null,
    "url": "https://www.openstreetmap.org/node/11622259542",
    "source": "OpenStreetMap",
    "city_asset_id": null
   }
  },
  {
   "type": "Feature",
   "geometry": {
    "type": "Point",
    "coordinates": [
     -79.1985318,
     43.7551324
    ]
   },
   "properties": {
    "id": "osm-node-11622259543",
    "name": "Public toilet",
    "location": null,
    "type": null,
    "address": "16 Burnage Court",
    "hours": null,
    "details": null,
    "accessible": "yes",
    "access": "yes",
    "fee": "unknown",
    "status": "open",
    "status_reason": null,
    "url": "https://www.openstreetmap.org/node/11622259543",
    "source": "OpenStreetMap",
    "city_asset_id": null
   }
  },
  {
   "type": "Feature",
   "geometry": {
    "type": "Point",
    "coordinates": [
     -79.1986746,
     43.7550856
    ]
   },
   "properties": {
    "id": "osm-node-11622259544",
    "name": "Public toilet",
    "location": null,
    "type": null,
    "address": "16 Burnage Court",
    "hours": null,
    "details": null,
    "accessible": "yes",
    "access": "yes",
    "fee": "unknown",
    "status": "open",
    "status_reason": null,
    "url": "https://www.openstreetmap.org/node/11622259544",
    "source": "OpenStreetMap",
    "city_asset_id": null
   }
  },
  {
   "type": "Feature",
   "geometry": {
    "type": "Point",
    "coordinates": [
     -79.3699421,
     43.781117
    ]
   },
   "properties": {
    "id": "osm-node-11987304152",
    "name": "Public toilet",
    "location": null,
    "type": "Portable toilet",
    "address": null,
    "hours": "summer",
    "details": null,
    "accessible": null,
    "access": "unknown",
    "fee": "no",
    "status": "open",
    "status_reason": null,
    "url": "https://www.openstreetmap.org/node/11987304152",
    "source": "OpenStreetMap",
    "city_asset_id": null
   }
  },
  {
   "type": "Feature",
   "geometry": {
    "type": "Point",
    "coordinates": [
     -79.5388638,
     43.635186
    ]
   },
   "properties": {
    "id": "osm-node-12035064623",
    "name": "Public toilet",
    "location": null,
    "type": null,
    "address": null,
    "hours": null,
    "details": null,
    "accessible": null,
    "access": "unknown",
    "fee": "unknown",
    "status": "open",
    "status_reason": null,
    "url": "https://www.openstreetmap.org/node/12035064623",
    "source": "OpenStreetMap",
    "city_asset_id": null
   }
  },
  {
   "type": "Feature",
   "geometry": {
    "type": "Point",
    "coordinates": [
     -79.3889776,
     43.7729416
    ]
   },
   "properties": {
    "id": "osm-node-12077053158",
    "name": "Public toilet",
    "location": null,
    "type": "Portable toilet",
    "address": null,
    "hours": null,
    "details": null,
    "accessible": null,
    "access": "unknown",
    "fee": "unknown",
    "status": "open",
    "status_reason": null,
    "url": "https://www.openstreetmap.org/node/12077053158",
    "source": "OpenStreetMap",
    "city_asset_id": null
   }
  },
  {
   "type": "Feature",
   "geometry": {
    "type": "Point",
    "coordinates": [
     -79.3807343,
     43.6442534
    ]
   },
   "properties": {
    "id": "osm-node-12159944152",
    "name": "Public toilet",
    "location": null,
    "type": null,
    "address": null,
    "hours": null,
    "details": null,
    "accessible": null,
    "access": "unknown",
    "fee": "unknown",
    "status": "open",
    "status_reason": null,
    "url": "https://www.openstreetmap.org/node/12159944152",
    "source": "OpenStreetMap",
    "city_asset_id": null
   }
  },
  {
   "type": "Feature",
   "geometry": {
    "type": "Point",
    "coordinates": [
     -79.3808306,
     43.6443875
    ]
   },
   "properties": {
    "id": "osm-node-12159946308",
    "name": "Public toilet",
    "location": null,
    "type": null,
    "address": null,
    "hours": null,
    "details": null,
    "accessible": "yes",
    "access": "unknown",
    "fee": "unknown",
    "status": "open",
    "status_reason": null,
    "url": "https://www.openstreetmap.org/node/12159946308",
    "source": "OpenStreetMap",
    "city_asset_id": null
   }
  },
  {
   "type": "Feature",
   "geometry": {
    "type": "Point",
    "coordinates": [
     -79.4223698,
     43.6651416
    ]
   },
   "properties": {
    "id": "osm-node-12184553949",
    "name": "City of Toronto",
    "location": "City of Toronto",
    "type": null,
    "address": null,
    "hours": null,
    "details": "Located in the Sid Smith rink building located south of the ice rink",
    "accessible": null,
    "access": "yes",
    "fee": "no",
    "status": "open",
    "status_reason": null,
    "url": "https://www.openstreetmap.org/node/12184553949",
    "source": "OpenStreetMap",
    "city_asset_id": null
   }
  },
  {
   "type": "Feature",
   "geometry": {
    "type": "Point",
    "coordinates": [
     -79.1929359,
     43.7477931
    ]
   },
   "properties": {
    "id": "osm-node-12286272679",
    "name": "Public toilet",
    "location": null,
    "type": null,
    "address": null,
    "hours": null,
    "details": null,
    "accessible": null,
    "access": "unknown",
    "fee": "unknown",
    "status": "open",
    "status_reason": null,
    "url": "https://www.openstreetmap.org/node/12286272679",
    "source": "OpenStreetMap",
    "city_asset_id": null
   }
  },
  {
   "type": "Feature",
   "geometry": {
    "type": "Point",
    "coordinates": [
     -79.5361937,
     43.6370273
    ]
   },
   "properties": {
    "id": "osm-node-12308517201",
    "name": "Public toilet (customers only)",
    "location": null,
    "type": null,
    "address": null,
    "hours": null,
    "details": null,
    "accessible": null,
    "access": "customers",
    "fee": "unknown",
    "status": "open",
    "status_reason": null,
    "url": "https://www.openstreetmap.org/node/12308517201",
    "source": "OpenStreetMap",
    "city_asset_id": null
   }
  },
  {
   "type": "Feature",
   "geometry": {
    "type": "Point",
    "coordinates": [
     -79.2613469,
     43.6955293
    ]
   },
   "properties": {
    "id": "osm-node-12456850905",
    "name": "City of Toronto",
    "location": "City of Toronto",
    "type": null,
    "address": null,
    "hours": null,
    "details": null,
    "accessible": "no",
    "access": "yes",
    "fee": "unknown",
    "status": "open",
    "status_reason": null,
    "url": "https://www.openstreetmap.org/node/12456850905",
    "source": "OpenStreetMap",
    "city_asset_id": null
   }
  },
  {
   "type": "Feature",
   "geometry": {
    "type": "Point",
    "coordinates": [
     -79.4384079,
     43.6339671
    ]
   },
   "properties": {
    "id": "osm-node-12749725603",
    "name": "Public toilet",
    "location": null,
    "type": "Portable toilet",
    "address": null,
    "hours": null,
    "details": null,
    "accessible": null,
    "access": "unknown",
    "fee": "unknown",
    "status": "open",
    "status_reason": null,
    "url": "https://www.openstreetmap.org/node/12749725603",
    "source": "OpenStreetMap",
    "city_asset_id": null
   }
  },
  {
   "type": "Feature",
   "geometry": {
    "type": "Point",
    "coordinates": [
     -79.4383831,
     43.633965
    ]
   },
   "properties": {
    "id": "osm-node-12749725607",
    "name": "Public toilet",
    "location": null,
    "type": "Portable toilet",
    "address": null,
    "hours": null,
    "details": null,
    "accessible": null,
    "access": "unknown",
    "fee": "unknown",
    "status": "open",
    "status_reason": null,
    "url": "https://www.openstreetmap.org/node/12749725607",
    "source": "OpenStreetMap",
    "city_asset_id": null
   }
  },
  {
   "type": "Feature",
   "geometry": {
    "type": "Point",
    "coordinates": [
     -79.2230302,
     43.806153
    ]
   },
   "properties": {
    "id": "osm-node-12790617382",
    "name": "Public toilet",
    "location": null,
    "type": null,
    "address": null,
    "hours": null,
    "details": null,
    "accessible": "yes",
    "access": "unknown",
    "fee": "no",
    "status": "open",
    "status_reason": null,
    "url": "https://www.openstreetmap.org/node/12790617382",
    "source": "OpenStreetMap",
    "city_asset_id": null
   }
  },
  {
   "type": "Feature",
   "geometry": {
    "type": "Point",
    "coordinates": [
     -79.5582294,
     43.6118955
    ]
   },
   "properties": {
    "id": "osm-node-12791915199",
    "name": "Public toilet",
    "location": null,
    "type": null,
    "address": null,
    "hours": null,
    "details": null,
    "accessible": null,
    "access": "unknown",
    "fee": "unknown",
    "status": "open",
    "status_reason": null,
    "url": "https://www.openstreetmap.org/node/12791915199",
    "source": "OpenStreetMap",
    "city_asset_id": null
   }
  },
  {
   "type": "Feature",
   "geometry": {
    "type": "Point",
    "coordinates": [
     -79.5461963,
     43.591284
    ]
   },
   "properties": {
    "id": "osm-node-12792005059",
    "name": "Public toilet",
    "location": null,
    "type": null,
    "address": null,
    "hours": null,
    "details": null,
    "accessible": "yes",
    "access": "unknown",
    "fee": "unknown",
    "status": "open",
    "status_reason": null,
    "url": "https://www.openstreetmap.org/node/12792005059",
    "source": "OpenStreetMap",
    "city_asset_id": null
   }
  },
  {
   "type": "Feature",
   "geometry": {
    "type": "Point",
    "coordinates": [
     -79.4514394,
     43.6570647
    ]
   },
   "properties": {
    "id": "osm-node-12794453667",
    "name": "The Crossways",
    "location": "The Crossways",
    "type": null,
    "address": null,
    "hours": "Mo-Fr 07:00-23:00; Sa-Su 07:00-20:00",
    "details": "Inside The Crossways mall",
    "accessible": null,
    "access": "unknown",
    "fee": "unknown",
    "status": "open",
    "status_reason": null,
    "url": "https://www.openstreetmap.org/node/12794453667",
    "source": "OpenStreetMap",
    "city_asset_id": null
   }
  },
  {
   "type": "Feature",
   "geometry": {
    "type": "Point",
    "coordinates": [
     -79.5452838,
     43.6200646
    ]
   },
   "properties": {
    "id": "osm-node-12826323476",
    "name": "Public toilet",
    "location": null,
    "type": null,
    "address": null,
    "hours": null,
    "details": null,
    "accessible": null,
    "access": "unknown",
    "fee": "unknown",
    "status": "open",
    "status_reason": null,
    "url": "https://www.openstreetmap.org/node/12826323476",
    "source": "OpenStreetMap",
    "city_asset_id": null
   }
  },
  {
   "type": "Feature",
   "geometry": {
    "type": "Point",
    "coordinates": [
     -79.365037,
     43.6844601
    ]
   },
   "properties": {
    "id": "osm-node-12827218146",
    "name": "Public toilet",
    "location": null,
    "type": null,
    "address": null,
    "hours": null,
    "details": null,
    "accessible": null,
    "access": "yes",
    "fee": "unknown",
    "status": "open",
    "status_reason": null,
    "url": "https://www.openstreetmap.org/node/12827218146",
    "source": "OpenStreetMap",
    "city_asset_id": null
   }
  },
  {
   "type": "Feature",
   "geometry": {
    "type": "Point",
    "coordinates": [
     -79.415761,
     43.7820436
    ]
   },
   "properties": {
    "id": "osm-node-12882622513",
    "name": "Public toilet",
    "location": null,
    "type": null,
    "address": null,
    "hours": null,
    "details": null,
    "accessible": "yes",
    "access": "unknown",
    "fee": "unknown",
    "status": "open",
    "status_reason": null,
    "url": "https://www.openstreetmap.org/node/12882622513",
    "source": "OpenStreetMap",
    "city_asset_id": null
   }
  },
  {
   "type": "Feature",
   "geometry": {
    "type": "Point",
    "coordinates": [
     -79.4699129,
     43.7481499
    ]
   },
   "properties": {
    "id": "osm-node-12994586683",
    "name": "Public toilet (customers only)",
    "location": null,
    "type": null,
    "address": null,
    "hours": null,
    "details": null,
    "accessible": null,
    "access": "customers",
    "fee": "unknown",
    "status": "open",
    "status_reason": null,
    "url": "https://www.openstreetmap.org/node/12994586683",
    "source": "OpenStreetMap",
    "city_asset_id": null
   }
  },
  {
   "type": "Feature",
   "geometry": {
    "type": "Point",
    "coordinates": [
     -79.4717027,
     43.7465538
    ]
   },
   "properties": {
    "id": "osm-node-12994586684",
    "name": "Public toilet (customers only)",
    "location": null,
    "type": null,
    "address": null,
    "hours": null,
    "details": null,
    "accessible": null,
    "access": "customers",
    "fee": "unknown",
    "status": "open",
    "status_reason": null,
    "url": "https://www.openstreetmap.org/node/12994586684",
    "source": "OpenStreetMap",
    "city_asset_id": null
   }
  },
  {
   "type": "Feature",
   "geometry": {
    "type": "Point",
    "coordinates": [
     -79.4679801,
     43.7470594
    ]
   },
   "properties": {
    "id": "osm-node-12994586685",
    "name": "Public toilet (customers only)",
    "location": null,
    "type": null,
    "address": null,
    "hours": null,
    "details": null,
    "accessible": null,
    "access": "customers",
    "fee": "unknown",
    "status": "open",
    "status_reason": null,
    "url": "https://www.openstreetmap.org/node/12994586685",
    "source": "OpenStreetMap",
    "city_asset_id": null
   }
  },
  {
   "type": "Feature",
   "geometry": {
    "type": "Point",
    "coordinates": [
     -79.4708272,
     43.7457263
    ]
   },
   "properties": {
    "id": "osm-node-12994586686",
    "name": "Public toilet (customers only)",
    "location": null,
    "type": null,
    "address": null,
    "hours": null,
    "details": null,
    "accessible": null,
    "access": "customers",
    "fee": "unknown",
    "status": "open",
    "status_reason": null,
    "url": "https://www.openstreetmap.org/node/12994586686",
    "source": "OpenStreetMap",
    "city_asset_id": null
   }
  },
  {
   "type": "Feature",
   "geometry": {
    "type": "Point",
    "coordinates": [
     -79.4654186,
     43.7446186
    ]
   },
   "properties": {
    "id": "osm-node-12994586687",
    "name": "Public toilet (customers only)",
    "location": null,
    "type": null,
    "address": null,
    "hours": null,
    "details": null,
    "accessible": null,
    "access": "customers",
    "fee": "unknown",
    "status": "open",
    "status_reason": null,
    "url": "https://www.openstreetmap.org/node/12994586687",
    "source": "OpenStreetMap",
    "city_asset_id": null
   }
  },
  {
   "type": "Feature",
   "geometry": {
    "type": "Point",
    "coordinates": [
     -79.4687182,
     43.7438092
    ]
   },
   "properties": {
    "id": "osm-node-12994586688",
    "name": "Public toilet (customers only)",
    "location": null,
    "type": null,
    "address": null,
    "hours": null,
    "details": null,
    "accessible": null,
    "access": "customers",
    "fee": "unknown",
    "status": "open",
    "status_reason": null,
    "url": "https://www.openstreetmap.org/node/12994586688",
    "source": "OpenStreetMap",
    "city_asset_id": null
   }
  },
  {
   "type": "Feature",
   "geometry": {
    "type": "Point",
    "coordinates": [
     -79.4024391,
     43.6408284
    ]
   },
   "properties": {
    "id": "osm-node-12996556399",
    "name": "Public toilet",
    "location": null,
    "type": null,
    "address": null,
    "hours": null,
    "details": null,
    "accessible": null,
    "access": "unknown",
    "fee": "unknown",
    "status": "open",
    "status_reason": null,
    "url": "https://www.openstreetmap.org/node/12996556399",
    "source": "OpenStreetMap",
    "city_asset_id": null
   }
  },
  {
   "type": "Feature",
   "geometry": {
    "type": "Point",
    "coordinates": [
     -79.4020175,
     43.6406197
    ]
   },
   "properties": {
    "id": "osm-node-12996567798",
    "name": "Public toilet",
    "location": null,
    "type": null,
    "address": null,
    "hours": null,
    "details": null,
    "accessible": null,
    "access": "unknown",
    "fee": "unknown",
    "status": "open",
    "status_reason": null,
    "url": "https://www.openstreetmap.org/node/12996567798",
    "source": "OpenStreetMap",
    "city_asset_id": null
   }
  },
  {
   "type": "Feature",
   "geometry": {
    "type": "Point",
    "coordinates": [
     -79.4020294,
     43.6406651
    ]
   },
   "properties": {
    "id": "osm-node-12996567799",
    "name": "Public toilet",
    "location": null,
    "type": null,
    "address": null,
    "hours": null,
    "details": null,
    "accessible": null,
    "access": "unknown",
    "fee": "unknown",
    "status": "open",
    "status_reason": null,
    "url": "https://www.openstreetmap.org/node/12996567799",
    "source": "OpenStreetMap",
    "city_asset_id": null
   }
  },
  {
   "type": "Feature",
   "geometry": {
    "type": "Point",
    "coordinates": [
     -79.3982104,
     43.6513757
    ]
   },
   "properties": {
    "id": "osm-node-13035211501",
    "name": "Public toilet",
    "location": null,
    "type": null,
    "address": "222 Spadina Avenue",
    "hours": null,
    "details": null,
    "accessible": null,
    "access": "unknown",
    "fee": "unknown",
    "status": "open",
    "status_reason": null,
    "url": "https://www.openstreetmap.org/node/13035211501",
    "source": "OpenStreetMap",
    "city_asset_id": null
   }
  },
  {
   "type": "Feature",
   "geometry": {
    "type": "Point",
    "coordinates": [
     -79.3475678,
     43.6472268
    ]
   },
   "properties": {
    "id": "osm-node-13048845874",
    "name": "Public toilet",
    "location": null,
    "type": "Portable toilet",
    "address": null,
    "hours": null,
    "details": null,
    "accessible": "no",
    "access": "unknown",
    "fee": "unknown",
    "status": "open",
    "status_reason": null,
    "url": "https://www.openstreetmap.org/node/13048845874",
    "source": "OpenStreetMap",
    "city_asset_id": null
   }
  },
  {
   "type": "Feature",
   "geometry": {
    "type": "Point",
    "coordinates": [
     -79.5590598,
     43.6129651
    ]
   },
   "properties": {
    "id": "osm-node-13072853501",
    "name": "Public toilet",
    "location": null,
    "type": null,
    "address": "25 The West Mall",
    "hours": null,
    "details": null,
    "accessible": null,
    "access": "unknown",
    "fee": "unknown",
    "status": "open",
    "status_reason": null,
    "url": "https://www.openstreetmap.org/node/13072853501",
    "source": "OpenStreetMap",
    "city_asset_id": null
   }
  },
  {
   "type": "Feature",
   "geometry": {
    "type": "Point",
    "coordinates": [
     -79.3451485,
     43.6483696
    ]
   },
   "properties": {
    "id": "osm-node-13109398479",
    "name": "Public toilet",
    "location": null,
    "type": "Portable toilet",
    "address": null,
    "hours": null,
    "details": null,
    "accessible": null,
    "access": "unknown",
    "fee": "unknown",
    "status": "open",
    "status_reason": null,
    "url": "https://www.openstreetmap.org/node/13109398479",
    "source": "OpenStreetMap",
    "city_asset_id": null
   }
  },
  {
   "type": "Feature",
   "geometry": {
    "type": "Point",
    "coordinates": [
     -79.4976579,
     43.7652002
    ]
   },
   "properties": {
    "id": "osm-node-13163568228",
    "name": "Public toilet",
    "location": null,
    "type": "Portable toilet",
    "address": null,
    "hours": null,
    "details": null,
    "accessible": null,
    "access": "unknown",
    "fee": "unknown",
    "status": "open",
    "status_reason": null,
    "url": "https://www.openstreetmap.org/node/13163568228",
    "source": "OpenStreetMap",
    "city_asset_id": null
   }
  },
  {
   "type": "Feature",
   "geometry": {
    "type": "Point",
    "coordinates": [
     -79.4976515,
     43.7651824
    ]
   },
   "properties": {
    "id": "osm-node-13163568229",
    "name": "Public toilet",
    "location": null,
    "type": "Portable toilet",
    "address": null,
    "hours": null,
    "details": null,
    "accessible": null,
    "access": "unknown",
    "fee": "unknown",
    "status": "open",
    "status_reason": null,
    "url": "https://www.openstreetmap.org/node/13163568229",
    "source": "OpenStreetMap",
    "city_asset_id": null
   }
  },
  {
   "type": "Feature",
   "geometry": {
    "type": "Point",
    "coordinates": [
     -79.4156729,
     43.6496495
    ]
   },
   "properties": {
    "id": "osm-node-13193369344",
    "name": "Public toilet",
    "location": null,
    "type": null,
    "address": null,
    "hours": null,
    "details": null,
    "accessible": "no",
    "access": "unknown",
    "fee": "unknown",
    "status": "open",
    "status_reason": null,
    "url": "https://www.openstreetmap.org/node/13193369344",
    "source": "OpenStreetMap",
    "city_asset_id": null
   }
  },
  {
   "type": "Feature",
   "geometry": {
    "type": "Point",
    "coordinates": [
     -79.5060637,
     43.7736059
    ]
   },
   "properties": {
    "id": "osm-node-13300320748",
    "name": "Public toilet",
    "location": null,
    "type": null,
    "address": null,
    "hours": null,
    "details": null,
    "accessible": null,
    "access": "unknown",
    "fee": "unknown",
    "status": "open",
    "status_reason": null,
    "url": "https://www.openstreetmap.org/node/13300320748",
    "source": "OpenStreetMap",
    "city_asset_id": null
   }
  },
  {
   "type": "Feature",
   "geometry": {
    "type": "Point",
    "coordinates": [
     -79.5074751,
     43.7741621
    ]
   },
   "properties": {
    "id": "osm-node-13300354301",
    "name": "Public toilet",
    "location": null,
    "type": null,
    "address": null,
    "hours": null,
    "details": null,
    "accessible": null,
    "access": "unknown",
    "fee": "unknown",
    "status": "open",
    "status_reason": null,
    "url": "https://www.openstreetmap.org/node/13300354301",
    "source": "OpenStreetMap",
    "city_asset_id": null
   }
  },
  {
   "type": "Feature",
   "geometry": {
    "type": "Point",
    "coordinates": [
     -79.4868883,
     43.6880804
    ]
   },
   "properties": {
    "id": "osm-node-13308821765",
    "name": "Public toilet",
    "location": null,
    "type": null,
    "address": null,
    "hours": null,
    "details": null,
    "accessible": null,
    "access": "unknown",
    "fee": "unknown",
    "status": "open",
    "status_reason": null,
    "url": "https://www.openstreetmap.org/node/13308821765",
    "source": "OpenStreetMap",
    "city_asset_id": null
   }
  },
  {
   "type": "Feature",
   "geometry": {
    "type": "Point",
    "coordinates": [
     -79.4869809,
     43.6880646
    ]
   },
   "properties": {
    "id": "osm-node-13308821767",
    "name": "Public toilet",
    "location": null,
    "type": null,
    "address": null,
    "hours": null,
    "details": null,
    "accessible": null,
    "access": "unknown",
    "fee": "unknown",
    "status": "open",
    "status_reason": null,
    "url": "https://www.openstreetmap.org/node/13308821767",
    "source": "OpenStreetMap",
    "city_asset_id": null
   }
  },
  {
   "type": "Feature",
   "geometry": {
    "type": "Point",
    "coordinates": [
     -79.2324137,
     43.7395769
    ]
   },
   "properties": {
    "id": "osm-node-13347249033",
    "name": "Public toilet",
    "location": null,
    "type": null,
    "address": null,
    "hours": null,
    "details": null,
    "accessible": "limited",
    "access": "yes",
    "fee": "no",
    "status": "open",
    "status_reason": null,
    "url": "https://www.openstreetmap.org/node/13347249033",
    "source": "OpenStreetMap",
    "city_asset_id": null
   }
  },
  {
   "type": "Feature",
   "geometry": {
    "type": "Point",
    "coordinates": [
     -79.3111578,
     43.757195
    ]
   },
   "properties": {
    "id": "osm-node-13478624666",
    "name": "Public toilet (customers only)",
    "location": null,
    "type": null,
    "address": null,
    "hours": null,
    "details": null,
    "accessible": null,
    "access": "customers",
    "fee": "unknown",
    "status": "open",
    "status_reason": null,
    "url": "https://www.openstreetmap.org/node/13478624666",
    "source": "OpenStreetMap",
    "city_asset_id": null
   }
  },
  {
   "type": "Feature",
   "geometry": {
    "type": "Point",
    "coordinates": [
     -79.3125837,
     43.7568846
    ]
   },
   "properties": {
    "id": "osm-node-13478624667",
    "name": "Public toilet",
    "location": null,
    "type": null,
    "address": null,
    "hours": null,
    "details": null,
    "accessible": null,
    "access": "unknown",
    "fee": "unknown",
    "status": "open",
    "status_reason": null,
    "url": "https://www.openstreetmap.org/node/13478624667",
    "source": "OpenStreetMap",
    "city_asset_id": null
   }
  },
  {
   "type": "Feature",
   "geometry": {
    "type": "Point",
    "coordinates": [
     -79.3138103,
     43.7566047
    ]
   },
   "properties": {
    "id": "osm-node-13478624668",
    "name": "Public toilet",
    "location": null,
    "type": null,
    "address": null,
    "hours": null,
    "details": null,
    "accessible": null,
    "access": "unknown",
    "fee": "unknown",
    "status": "open",
    "status_reason": null,
    "url": "https://www.openstreetmap.org/node/13478624668",
    "source": "OpenStreetMap",
    "city_asset_id": null
   }
  },
  {
   "type": "Feature",
   "geometry": {
    "type": "Point",
    "coordinates": [
     -79.546213,
     43.5912979
    ]
   },
   "properties": {
    "id": "osm-node-13517877471",
    "name": "Public toilet",
    "location": null,
    "type": null,
    "address": null,
    "hours": null,
    "details": null,
    "accessible": "yes",
    "access": "unknown",
    "fee": "unknown",
    "status": "open",
    "status_reason": null,
    "url": "https://www.openstreetmap.org/node/13517877471",
    "source": "OpenStreetMap",
    "city_asset_id": null
   }
  },
  {
   "type": "Feature",
   "geometry": {
    "type": "Point",
    "coordinates": [
     -79.3993041,
     43.6467916
    ]
   },
   "properties": {
    "id": "osm-node-13728583568",
    "name": "Public toilet (permissive access)",
    "location": null,
    "type": null,
    "address": null,
    "hours": null,
    "details": null,
    "accessible": null,
    "access": "permissive",
    "fee": "unknown",
    "status": "open",
    "status_reason": null,
    "url": "https://www.openstreetmap.org/node/13728583568",
    "source": "OpenStreetMap",
    "city_asset_id": null
   }
  },
  {
   "type": "Feature",
   "geometry": {
    "type": "Point",
    "coordinates": [
     -79.3875748,
     43.646867
    ]
   },
   "properties": {
    "id": "osm-way-61429982",
    "name": "Public toilet",
    "location": null,
    "type": null,
    "address": null,
    "hours": null,
    "details": null,
    "accessible": null,
    "access": "unknown",
    "fee": "unknown",
    "status": "open",
    "status_reason": null,
    "url": "https://www.openstreetmap.org/way/61429982",
    "source": "OpenStreetMap",
    "city_asset_id": null
   }
  },
  {
   "type": "Feature",
   "geometry": {
    "type": "Point",
    "coordinates": [
     -79.4213249,
     43.7812692
    ]
   },
   "properties": {
    "id": "osm-way-132057261",
    "name": "City of Toronto",
    "location": "City of Toronto",
    "type": null,
    "address": null,
    "hours": "May-Oct 09:00-22:00; Nov-Apr off",
    "details": "Located on the pathway between the tennis courts, baseball diamond and playground.",
    "accessible": null,
    "access": "yes",
    "fee": "no",
    "status": "open",
    "status_reason": null,
    "url": "https://www.openstreetmap.org/way/132057261",
    "source": "OpenStreetMap",
    "city_asset_id": null
   }
  },
  {
   "type": "Feature",
   "geometry": {
    "type": "Point",
    "coordinates": [
     -79.3730931,
     43.6203826
    ]
   },
   "properties": {
    "id": "osm-way-192579351",
    "name": "Public toilet",
    "location": null,
    "type": null,
    "address": null,
    "hours": null,
    "details": "Primarily washrooms; also changing rooms for the splash pad",
    "accessible": "yes",
    "access": "unknown",
    "fee": "unknown",
    "status": "open",
    "status_reason": null,
    "url": "https://www.openstreetmap.org/way/192579351",
    "source": "OpenStreetMap",
    "city_asset_id": null
   }
  },
  {
   "type": "Feature",
   "geometry": {
    "type": "Point",
    "coordinates": [
     -79.4150877,
     43.6490578
    ]
   },
   "properties": {
    "id": "osm-way-210084883",
    "name": "Public toilet",
    "location": null,
    "type": null,
    "address": null,
    "hours": null,
    "details": null,
    "accessible": "limited",
    "access": "yes",
    "fee": "unknown",
    "status": "open",
    "status_reason": null,
    "url": "https://www.openstreetmap.org/way/210084883",
    "source": "OpenStreetMap",
    "city_asset_id": null
   }
  },
  {
   "type": "Feature",
   "geometry": {
    "type": "Point",
    "coordinates": [
     -79.3757174,
     43.6175273
    ]
   },
   "properties": {
    "id": "osm-way-334837421",
    "name": "City of Toronto",
    "location": "City of Toronto",
    "type": null,
    "address": null,
    "hours": "May-Oct 09:00-22:00; Nov-Apr off",
    "details": "Family (unisex) washroom out of order as of 2025-07-19",
    "accessible": "yes",
    "access": "yes",
    "fee": "unknown",
    "status": "open",
    "status_reason": null,
    "url": "https://www.openstreetmap.org/way/334837421",
    "source": "OpenStreetMap",
    "city_asset_id": null
   }
  },
  {
   "type": "Feature",
   "geometry": {
    "type": "Point",
    "coordinates": [
     -79.1397135,
     43.8056885
    ]
   },
   "properties": {
    "id": "osm-way-511568924",
    "name": "Public toilet",
    "location": null,
    "type": null,
    "address": null,
    "hours": null,
    "details": null,
    "accessible": null,
    "access": "unknown",
    "fee": "unknown",
    "status": "open",
    "status_reason": null,
    "url": "https://www.openstreetmap.org/way/511568924",
    "source": "OpenStreetMap",
    "city_asset_id": null
   }
  },
  {
   "type": "Feature",
   "geometry": {
    "type": "Point",
    "coordinates": [
     -79.2015964,
     43.7771503
    ]
   },
   "properties": {
    "id": "osm-way-638090174",
    "name": "Public toilet",
    "location": null,
    "type": null,
    "address": null,
    "hours": null,
    "details": null,
    "accessible": null,
    "access": "unknown",
    "fee": "unknown",
    "status": "open",
    "status_reason": null,
    "url": "https://www.openstreetmap.org/way/638090174",
    "source": "OpenStreetMap",
    "city_asset_id": null
   }
  },
  {
   "type": "Feature",
   "geometry": {
    "type": "Point",
    "coordinates": [
     -79.6096739,
     43.7256883
    ]
   },
   "properties": {
    "id": "osm-way-659117209",
    "name": "Centre for Urban Ecology",
    "location": null,
    "type": null,
    "address": null,
    "hours": null,
    "details": null,
    "accessible": null,
    "access": "yes",
    "fee": "unknown",
    "status": "open",
    "status_reason": null,
    "url": "https://www.openstreetmap.org/way/659117209",
    "source": "OpenStreetMap",
    "city_asset_id": null
   }
  },
  {
   "type": "Feature",
   "geometry": {
    "type": "Point",
    "coordinates": [
     -79.5548022,
     43.6309413
    ]
   },
   "properties": {
    "id": "osm-way-673997223",
    "name": "Public toilet",
    "location": null,
    "type": null,
    "address": null,
    "hours": null,
    "details": null,
    "accessible": null,
    "access": "unknown",
    "fee": "unknown",
    "status": "open",
    "status_reason": null,
    "url": "https://www.openstreetmap.org/way/673997223",
    "source": "OpenStreetMap",
    "city_asset_id": null
   }
  },
  {
   "type": "Feature",
   "geometry": {
    "type": "Point",
    "coordinates": [
     -79.4375257,
     43.6334096
    ]
   },
   "properties": {
    "id": "osm-way-703258474",
    "name": "Public toilet",
    "location": null,
    "type": null,
    "address": "1275 Lake Shore Blvd W",
    "hours": null,
    "details": null,
    "accessible": "yes",
    "access": "yes",
    "fee": "yes",
    "status": "open",
    "status_reason": null,
    "url": "https://www.openstreetmap.org/way/703258474",
    "source": "OpenStreetMap",
    "city_asset_id": null
   }
  },
  {
   "type": "Feature",
   "geometry": {
    "type": "Point",
    "coordinates": [
     -79.3586461,
     43.7324764
    ]
   },
   "properties": {
    "id": "osm-way-804477072",
    "name": "Public toilet",
    "location": null,
    "type": null,
    "address": null,
    "hours": "08:00-dusk",
    "details": null,
    "accessible": null,
    "access": "unknown",
    "fee": "unknown",
    "status": "open",
    "status_reason": null,
    "url": "https://www.openstreetmap.org/way/804477072",
    "source": "OpenStreetMap",
    "city_asset_id": null
   }
  },
  {
   "type": "Feature",
   "geometry": {
    "type": "Point",
    "coordinates": [
     -79.4098703,
     43.6309124
    ]
   },
   "properties": {
    "id": "osm-way-813647125",
    "name": "Public toilet",
    "location": null,
    "type": null,
    "address": null,
    "hours": null,
    "details": null,
    "accessible": "yes",
    "access": "unknown",
    "fee": "unknown",
    "status": "open",
    "status_reason": null,
    "url": "https://www.openstreetmap.org/way/813647125",
    "source": "OpenStreetMap",
    "city_asset_id": null
   }
  },
  {
   "type": "Feature",
   "geometry": {
    "type": "Point",
    "coordinates": [
     -79.3930846,
     43.6603485
    ]
   },
   "properties": {
    "id": "osm-way-988591171",
    "name": "Public toilet",
    "location": null,
    "type": null,
    "address": null,
    "hours": null,
    "details": null,
    "accessible": null,
    "access": "unknown",
    "fee": "unknown",
    "status": "open",
    "status_reason": null,
    "url": "https://www.openstreetmap.org/way/988591171",
    "source": "OpenStreetMap",
    "city_asset_id": null
   }
  },
  {
   "type": "Feature",
   "geometry": {
    "type": "Point",
    "coordinates": [
     -79.393162,
     43.6603433
    ]
   },
   "properties": {
    "id": "osm-way-988591172",
    "name": "Public toilet",
    "location": null,
    "type": null,
    "address": null,
    "hours": null,
    "details": null,
    "accessible": null,
    "access": "unknown",
    "fee": "unknown",
    "status": "open",
    "status_reason": null,
    "url": "https://www.openstreetmap.org/way/988591172",
    "source": "OpenStreetMap",
    "city_asset_id": null
   }
  },
  {
   "type": "Feature",
   "geometry": {
    "type": "Point",
    "coordinates": [
     -79.3094575,
     43.6633024
    ]
   },
   "properties": {
    "id": "osm-way-1017243072",
    "name": "Public toilet",
    "location": null,
    "type": null,
    "address": "1681 Lake Shore Blvd E",
    "hours": null,
    "details": null,
    "accessible": "yes",
    "access": "yes",
    "fee": "yes",
    "status": "open",
    "status_reason": null,
    "url": "https://www.openstreetmap.org/way/1017243072",
    "source": "OpenStreetMap",
    "city_asset_id": null
   }
  },
  {
   "type": "Feature",
   "geometry": {
    "type": "Point",
    "coordinates": [
     -79.3445028,
     43.777491
    ]
   },
   "properties": {
    "id": "osm-way-1230115411",
    "name": "Public toilet",
    "location": null,
    "type": null,
    "address": null,
    "hours": null,
    "details": null,
    "accessible": null,
    "access": "unknown",
    "fee": "unknown",
    "status": "open",
    "status_reason": null,
    "url": "https://www.openstreetmap.org/way/1230115411",
    "source": "OpenStreetMap",
    "city_asset_id": null
   }
  },
  {
   "type": "Feature",
   "geometry": {
    "type": "Point",
    "coordinates": [
     -79.3444404,
     43.7775142
    ]
   },
   "properties": {
    "id": "osm-way-1230115412",
    "name": "Public toilet",
    "location": null,
    "type": null,
    "address": null,
    "hours": null,
    "details": null,
    "accessible": null,
    "access": "unknown",
    "fee": "unknown",
    "status": "open",
    "status_reason": null,
    "url": "https://www.openstreetmap.org/way/1230115412",
    "source": "OpenStreetMap",
    "city_asset_id": null
   }
  },
  {
   "type": "Feature",
   "geometry": {
    "type": "Point",
    "coordinates": [
     -79.3837373,
     43.6962709
    ]
   },
   "properties": {
    "id": "osm-way-1272408649",
    "name": "Public toilet",
    "location": null,
    "type": null,
    "address": null,
    "hours": null,
    "details": null,
    "accessible": null,
    "access": "unknown",
    "fee": "unknown",
    "status": "open",
    "status_reason": null,
    "url": "https://www.openstreetmap.org/way/1272408649",
    "source": "OpenStreetMap",
    "city_asset_id": null
   }
  }
 ]
}