<?xml version="1.0" encoding="UTF-8"?>
<gpx version="1.1" creator="build.py" xmlns="http://www.topografix.com/GPX/1/1" xmlns:xsi="http://www.w3.org/2001/XMLSchema-instance" xsi:schemaLocation="http://www.topografix.com/GPX/1/1 http://www.topografix.com/GPX/1/1/gpx.xsd">
<metadata><name>Toronto public toilets</name><desc>City of Toronto Parks and Rec washrooms plus OpenStreetMap amenity=toilets, merged 2026-09-26</desc></metadata>
<wpt lat="43.6715990" lon="-79.5147627">
  <name>James Gardens Washroom</name>
  <desc>Address: 99 Edenbridge Dr | Hours: 9 a.m. to 10 p.m. | Where: Located on the west side of parking lot. | Access: yes | Fee: no | Status: open | Source: City of Toronto Open Data (Park Washroom Facilities)</desc>
  <link href="https://www.toronto.ca/explore-enjoy/parks-recreation/places-spaces/parks-and-recreation-facilities/location/?id=3"><text>Details</text></link>
  <sym>Restroom</sym>
  <type>Washroom Building</type>
</wpt>
<wpt lat="43.6590080" lon="-79.4640382">
  <name>Lithuania Park Washroom</name>
  <desc>Address: 155 Oakmount Rd | Hours: 9 a.m. to 10 p.m. | Where: Located on the pathway in the northwest corner of the park near Oakmount Road. | Accessible: Accessible Stall, Entrance Access Ramp, Automatic Door Opener | Access: yes | Fee: no | Status: open | Source: City of Toronto Open Data (Park Washroom Facilities)</desc>
  <link href="https://www.toronto.ca/explore-enjoy/parks-recreation/places-spaces/parks-and-recreation-facilities/location/?id=125"><text>Details</text></link>
  <sym>Restroom</sym>
  <type>Washroom Building</type>
</wpt>
<wpt lat="43.5857380" lon="-79.5414237">
  <name>Marie Curtis Park Beach Washroom</name>
  <desc>Address: 2 Forty Second St | Hours: 9 a.m. to 10 p.m. | Where: Located at the south end of the park close to the beach and creek mouth. | Accessible: Accessible Stall, Child Change Table | Access: yes | Fee: no | Status: closed | Reason: Women's Washroom Closed, Men's Washroom Open | Source: City of Toronto Open Data (Park Washroom Facilities)</desc>
  <link href="https://www.toronto.ca/explore-enjoy/parks-recreation/places-spaces/parks-and-recreation-facilities/location/?id=6"><text>Details</text></link>
  <sym>Restroom</sym>
  <type>Washroom Building</type>
</wpt>
<wpt lat="43.6966443" lon="-79.2983894">
  <name>Taylor Creek Park Washroom</name>
  <desc>Address: 260 Dawes Rd | Hours: 9 a.m. to 10 p.m. | Where: Located on the pathway east of the parking lot. | Accessible: Accessible Stall, Entrance at Grade | Access: yes | Fee: no | Status: closed | Reason: Maintenance/Repairs | Source: City of Toronto Open Data (Park Washroom Facilities)</desc>
  <link href="https://www.toronto.ca/explore-enjoy/parks-recreation/places-spaces/parks-and-recreation-facilities/location/?id=29"><text>Details</text></link>
  <sym>Restroom</sym>
  <type>Washroom Building</type>
</wpt>
<wpt lat="43.7575941" lon="-79.2552325">
  <name>Thomson Memorial Park South Washroom</name>
  <desc>Address: 1005 Brimley Rd | Hours: 9 a.m. to 10 p.m. | Where: Located in the south washroom building of the park. | Access: yes | Fee: no | Status: closed | Reason: Men's Washroom Closed, Women's Washroom Open | Source: City of Toronto Open Data (Park Washroom Facilities)</desc>
  <link href="https://www.toronto.ca/explore-enjoy/parks-recreation/places-spaces/parks-and-recreation-facilities/location/?id=543"><text>Details</text></link>
  <sym>Restroom</sym>
  <type>Washroom Building</type>
</wpt>
<wpt lat="43.6417500" lon="-79.4613706">
  <name>High Park Children's Garden Washroom</name>
  <desc>Address: 1873 Bloor St  W | Hours: 9 a.m. to 10 p.m. | Where: Located east of the Children's Garden. | Accessible: Entrance at Grade | Access: yes | Fee: no | Status: open | Source: City of Toronto Open Data (Park Washroom Facilities)</desc>
  <link href="https://www.toronto.ca/explore-enjoy/parks-recreation/places-spaces/parks-and-recreation-facilities/location/?id=77"><text>Details</text></link>
  <sym>Restroom</sym>
  <type>Washroom Building</type>
</wpt>
<wpt lat="43.6843778" lon="-79.3664225">
  <name>Don Valley Brick Works Washroom</name>
  <desc>Address: 550 Bayview Ave | Hours: 9 a.m. to 10 p.m. | Where: Located in the western building along the pathway into the park. | Access: yes | Fee: no | Status: open | Source: City of Toronto Open Data (Park Washroom Facilities)</desc>
  <link href="https://www.toronto.ca/explore-enjoy/parks-recreation/places-spaces/parks-and-recreation-facilities/location/?id=1449"><text>Details</text></link>
  <sym>Restroom</sym>
  <type>Washroom Building</type>
</wpt>
<wpt lat="43.6527176" lon="-79.4662795">
  <name>High Park Chess House Washroom</name>
  <desc>Address: 1873 Bloor St  W | Hours: 9 a.m. to 10 p.m. | Where: Located in the Chess House building near Bloor Street West. | Accessible: Accessible Stall, Entrance Access Ramp, Automatic Door Opener, Child Change Table | Access: yes | Fee: no | Status: open | Source: City of Toronto Open Data (Park Washroom Facilities)</desc>
  <link href="https://www.toronto.ca/explore-enjoy/parks-recreation/places-spaces/parks-and-recreation-facilities/location/?id=77"><text>Details</text></link>
  <sym>Restroom</sym>
  <type>Washroom Building</type>
</wpt>
<wpt lat="43.7767253" lon="-79.1347736">
  <name>Port Union Village Common Park Washroom</name>
  <desc>Address: 105 Bridgend St | Hours: 9 a.m. to 10 p.m. | Where: Located on the pathway between parking lot and the playground. | Accessible: Accessible Stall, Entrance at Grade, Automatic Door Opener | Access: yes | Fee: no | Status: open | Source: City of Toronto Open Data (Park Washroom Facilities)</desc>
  <link href="https://www.toronto.ca/explore-enjoy/parks-recreation/places-spaces/parks-and-recreation-facilities/location/?id=1094"><text>Details</text></link>
  <sym>Restroom</sym>
  <type>Washroom Building</type>
</wpt>
<wpt lat="43.7107834" lon="-79.3069082">
  <name>Topham Park Community Centre and Clubhouse Washroom</name>
  <desc>Address: 181 Westview Blvd | Hours: 9 a.m. to 10 p.m. | Where: Entrance is located on the outside of the Community Centre. | Access: yes | Fee: no | Status: open | Source: City of Toronto Open Data (Park Washroom Facilities)</desc>
  <link href="https://www.toronto.ca/explore-enjoy/parks-recreation/places-spaces/parks-and-recreation-facilities/location/?id=276"><text>Details</text></link>
  <sym>Restroom</sym>
  <type>Washroom Building</type>
</wpt>
<wpt lat="43.7128160" lon="-79.2668942">
  <name>Dunlop Park Washroom</name>
  <desc>Address: 19 Dunlop Ave | Hours: 9 a.m. to 10 p.m. | Where: Located on the pathway between the playground and the splash pad. | Accessible: Entrance at Grade | Access: yes | Fee: no | Status: closed | Reason: Maintenance/Repairs | Source: City of Toronto Open Data (Park Washroom Facilities)</desc>
  <link href="https://www.toronto.ca/explore-enjoy/parks-recreation/places-spaces/parks-and-recreation-facilities/location/?id=605"><text>Details</text></link>
  <sym>Restroom</sym>
  <type>Washroom Building</type>
</wpt>
<wpt lat="43.6274374" lon="-79.3892846">
  <name>Toronto Islands - Hanlan's Point Ferry Dock Washroom</name>
  <desc>Address: 9 Queens Quay  W | Where: Located on Hanlan's Point south of the ferry dock in the snack/concession stand, washroom building. | Accessible: Accessible Stall, Entrance at Grade, Child Change Table | Access: yes | Fee: no | Status: closed | Source: City of Toronto Open Data (Park Washroom Facilities)</desc>
  <link href="https://www.toronto.ca/explore-enjoy/parks-recreation/places-spaces/parks-and-recreation-facilities/location/?id=2541"><text>Details</text></link>
  <sym>Restroom</sym>
  <type>Washroom Building</type>
</wpt>
<wpt lat="43.6533841" lon="-79.3406940">
  <name>McCleary Park Washroom</name>
  <desc>Address: 755 Lake Shore Blvd  E | Hours: 9 a.m. to 10 p.m. | Where: Located between the baseball diamonds, next to Lake Shore Boulevard. | Accessible: Entrance at Grade, Entrance Access Ramp, Automatic Door Opener | Access: yes | Fee: no | Status: open | Source: City of Toronto Open Data (Park Washroom Facilities)</desc>
  <link href="https://www.toronto.ca/explore-enjoy/parks-recreation/places-spaces/parks-and-recreation-facilities/location/?id=379"><text>Details</text></link>
  <sym>Restroom</sym>
  <type>Washroom Building</type>
</wpt>
<wpt lat="43.6130163" lon="-79.4877402">
  <name>Amos Waites Park Washroom</name>
  <desc>Address: 2441 Lake Shore Blvd  W | Hours: 9 a.m. to 10 p.m. | Where: Located at the east end of the outdoor pool building. | Access: yes | Fee: no | Status: closed | Reason: Closed for the Season | Source: City of Toronto Open Data (Park Washroom Facilities)</desc>
  <link href="https://www.toronto.ca/explore-enjoy/parks-recreation/places-spaces/parks-and-recreation-facilities/location/?id=939"><text>Details</text></link>
  <sym>Restroom</sym>
  <type>Washroom Building</type>
</wpt>
<wpt lat="43.6406580" lon="-79.4600732">
  <name>High Park Colborne Lodge Coach House  Washroom</name>
  <desc>Address: 1873 Bloor St  W | Hours: 9 a.m. to 10 p.m. | Where: Located in the coach house building north of Colborne Lodge. | Accessible: Accessible Stall, Entrance at Grade | Access: yes | Fee: no | Status: open | Source: City of Toronto Open Data (Park Washroom Facilities)</desc>
  <link href="https://www.toronto.ca/explore-enjoy/parks-recreation/places-spaces/parks-and-recreation-facilities/location/?id=77"><text>Details</text></link>
  <sym>Restroom</sym>
  <type>Washroom Building</type>
</wpt>
<wpt lat="43.6692785" lon="-79.2999559">
  <name>Kew Gardens Playground Washroom</name>
  <desc>Address: 2075 Queen St  E | Hours: 9 a.m. to 10 p.m. | Where: Located on a pathway between the wading pool and the playground. | Accessible: Entrance at Grade, Child Change Table | Access: yes | Fee: no | Status: closed | Reason: Maintenance/Repairs | Source: City of Toronto Open Data (Park Washroom Facilities)</desc>
  <link href="https://www.toronto.ca/explore-enjoy/parks-recreation/places-spaces/parks-and-recreation-facilities/location/?id=107"><text>Details</text></link>
  <sym>Restroom</sym>
  <type>Washroom Building</type>
</wpt>
<wpt lat="43.7760430" lon="-79.4454633">
  <name>Esther Shiner Stadium Washroom</name>
  <desc>Address: 5720 Bathurst St | Hours: 9 a.m. to 10 p.m. | Where: Located at the main entrance to the stadium. | Access: yes | Fee: no | Status: open | Source: City of Toronto Open Data (Park Washroom Facilities)</desc>
  <link href="https://www.toronto.ca/explore-enjoy/parks-recreation/places-spaces/parks-and-recreation-facilities/location/?id=320"><text>Details</text></link>
  <sym>Restroom</sym>
  <type>Washroom Building</type>
</wpt>
<wpt lat="43.7229312" lon="-79.3627571">
  <name>Sunnybrook Park Washroom</name>
  <desc>Address: 1132 Leslie St | Hours: 9 a.m. to 10 p.m. | Where: Located in the washroom building. | Accessible: Entrance at Grade, Powered Door Opener, Child Change Table | Access: yes | Fee: no | Status: open | Source: City of Toronto Open Data (Park Washroom Facilities)</desc>
  <link href="https://www.toronto.ca/explore-enjoy/parks-recreation/places-spaces/parks-and-recreation-facilities/location/?id=28"><text>Details</text></link>
  <sym>Restroom</sym>
  <type>All-Gender Washroom, Accessible Washroom</type>
</wpt>
<wpt lat="43.7094266" lon="-79.3374044">
  <name>E.T. Seton Park Washroom</name>
  <desc>Address: 73 Thorncliffe Park Dr | Hours: 9 a.m. to 10 p.m. | Where: Located on the pathway between the north parking lot and archery range. | Accessible: Accessible Stall, Entrance at Grade | Access: yes | Fee: no | Status: open | Source: City of Toronto Open Data (Park Washroom Facilities)</desc>
  <link href="https://www.toronto.ca/explore-enjoy/parks-recreation/places-spaces/parks-and-recreation-facilities/location/?id=1061"><text>Details</text></link>
  <sym>Restroom</sym>
  <type>Washroom Building</type>
</wpt>
<wpt lat="43.6445513" lon="-79.3645257">
  <name>Sherbourne Common Outdoor Rink Washroom</name>
  <desc>Address: 5 Lower Sherbourne St | Hours: 9 a.m. to 10 p.m. | Where: Entrance is located on the outside of the outdoor ice rink building. | Access: yes | Fee: no | Status: open | Source: City of Toronto Open Data (Park Washroom Facilities)</desc>
  <link href="https://www.toronto.ca/explore-enjoy/parks-recreation/places-spaces/parks-and-recreation-facilities/location/?id=1860"><text>Details</text></link>
  <sym>Restroom</sym>
  <type>Washroom Building</type>
</wpt>
<wpt lat="43.7130308" lon="-79.2274334">
  <name>Bluffer's Park East Washroom</name>
  <desc>Address: 1 Brimley Rd  S | Hours: 9 a.m. to 10 p.m. | Where: Located on a pathway between the east parking lot and the beach. | Accessible: Accessible Stall, Entrance at Grade | Access: yes | Fee: no | Status: closed | Reason: Under Construction | Source: City of Toronto Open Data (Park Washroom Facilities)</desc>
  <link href="https://www.toronto.ca/explore-enjoy/parks-recreation/places-spaces/parks-and-recreation-facilities/location/?id=2"><text>Details</text></link>
  <sym>Restroom</sym>
  <type>Washroom Building</type>
</wpt>
<wpt lat="43.6495138" lon="-79.4657897">
  <name>High Park Outdoor Pool / Rink Building Washroom</name>
  <desc>Address: 1873 Bloor St  W | Hours: View facility hours | Where: Located in the outdoor pool and ice rink building. | Accessible: Accessible Stall, Entrance at Grade | Access: yes | Fee: no | Status: open | Source: City of Toronto Open Data (Park Washroom Facilities)</desc>
  <link href="https://www.toronto.ca/explore-enjoy/parks-recreation/places-spaces/parks-and-recreation-facilities/location/?id=77"><text>Details</text></link>
  <sym>Restroom</sym>
  <type>Washroom Building</type>
</wpt>
<wpt lat="43.6603643" lon="-79.4180410">
  <name>Bickford Park Washroom</name>
  <desc>Address: 400 Grace St | Hours: 9 a.m. to 10 p.m. | Where: Located at the south end of the park next to dog off-leash area and the baseball diamond. | Accessible: Accessible Stall, Entrance at Grade, Child Change Table | Access: yes | Fee: no | Status: open | Source: City of Toronto Open Data (Park Washroom Facilities)</desc>
  <link href="https://www.toronto.ca/explore-enjoy/parks-recreation/places-spaces/parks-and-recreation-facilities/location/?id=295"><text>Details</text></link>
  <sym>Restroom</sym>
  <type>Washroom Building</type>
</wpt>
<wpt lat="43.6535956" lon="-79.4021153">
  <name>Bellevue Square Park Washroom</name>
  <desc>Address: 5 Bellevue Ave | Hours: 9 a.m. to 10 p.m. | Where: Located at the east end of the playground. | Access: yes | Fee: no | Status: open | Source: City of Toronto Open Data (Park Washroom Facilities)</desc>
  <link href="https://www.toronto.ca/explore-enjoy/parks-recreation/places-spaces/parks-and-recreation-facilities/location/?id=263"><text>Details</text></link>
  <sym>Restroom</sym>
  <type>Washroom Building</type>
</wpt>
<wpt lat="43.7844705" lon="-79.3609386">
  <name>Bellbury Park Tennis Club Washroom</name>
  <desc>Address: 55 Van Horne Ave | Hours: 9 a.m. to 10 p.m. | Where: Located on the north side of the tennis courts next to the parking lot. | Accessible: Accessible Stall, Entrance at Grade, Child Change Table | Access: yes | Fee: no | Status: open | Source: City of Toronto Open Data (Park Washroom Facilities)</desc>
  <link href="https://www.toronto.ca/explore-enjoy/parks-recreation/places-spaces/parks-and-recreation-facilities/location/?id=519"><text>Details</text></link>
  <sym>Restroom</sym>
  <type>Washroom Building</type>
</wpt>
<wpt lat="43.7152937" lon="-79.4107468">
  <name>Lytton Park Tennis Clubhouse Washroom</name>
  <desc>Address: 200 Lytton Blvd | Hours: 9 a.m. to 10 p.m. | Where: Located on a pathway at the south end of the tennis courts and next to the bowling greens. | Accessible: Accessible Stall, Entrance Access Ramp, Child Change Table | Access: yes | Fee: no | Status: open | Source: City of Toronto Open Data (Park Washroom Facilities)</desc>
  <link href="https://www.toronto.ca/explore-enjoy/parks-recreation/places-spaces/parks-and-recreation-facilities/location/?id=138"><text>Details</text></link>
  <sym>Restroom</sym>
  <type>Washroom Building</type>
</wpt>
<wpt lat="43.6565665" lon="-79.3398727">
  <name>Morse Street Playground Washroom</name>
  <desc>Address: 76 Morse St | Hours: 9 a.m. to 10 p.m. | Where: Located next to the playground. | Accessible: Entrance at Grade | Access: yes | Fee: no | Status: closed | Reason: Men's Washroom Closed, Women's Washroom Open | Source: City of Toronto Open Data (Park Washroom Facilities)</desc>
  <link href="https://www.toronto.ca/explore-enjoy/parks-recreation/places-spaces/parks-and-recreation-facilities/location/?id=174"><text>Details</text></link>
  <sym>Restroom</sym>
  <type>Washroom Building</type>
</wpt>
<wpt lat="43.7298896" lon="-79.5498070">
  <name>Summerlea Park North Parking Lot Washroom</name>
  <desc>Address: 2 Arcot Blvd | Hours: 9 a.m. to 10 p.m. | Where: Located at the east end of the north parking lot near the park pathway. | Accessible: Accessible Stall, Entrance at Grade | Access: yes | Fee: no | Status: closed | Reason: Emergency Response | Source: City of Toronto Open Data (Park Washroom Facilities)</desc>
  <link href="https://www.toronto.ca/explore-enjoy/parks-recreation/places-spaces/parks-and-recreation-facilities/location/?id=870"><text>Details</text></link>
  <sym>Restroom</sym>
  <type>Washroom Building</type>
</wpt>
<wpt lat="43.7186254" lon="-79.3570386">
  <name>Serena Gundy Park Washroom</name>
  <desc>Address: 58 Rykert Cres | Hours: 9 a.m. to 10 p.m. | Where: Located on the park pathway across from Picnic Site #1. | Accessible: Accessible Stall, Entrance at Grade | Access: yes | Fee: no | Status: closed | Reason: Maintenance/Repairs | Source: City of Toronto Open Data (Park Washroom Facilities)</desc>
  <link href="https://www.toronto.ca/explore-enjoy/parks-recreation/places-spaces/parks-and-recreation-facilities/location/?id=26"><text>Details</text></link>
  <sym>Restroom</sym>
  <type>Washroom Building</type>
</wpt>
<wpt lat="43.7476369" lon="-79.4968664">
  <name>Northwood Park Washroom</name>
  <desc>Address: 140 Stilecroft Dr | Hours: 9 a.m. to 10 p.m. | Where: Located on the pathway 100 metres north of the parking lot, near Picnic Site #2. | Accessible: Accessible Stall, Entrance at Grade | Access: yes | Fee: no | Status: closed | Reason: Maintenance/Repairs | Source: City of Toronto Open Data (Park Washroom Facilities)</desc>
  <link href="https://www.toronto.ca/explore-enjoy/parks-recreation/places-spaces/parks-and-recreation-facilities/location/?id=481"><text>Details</text></link>
  <sym>Restroom</sym>
  <type>Washroom Building</type>
</wpt>
<wpt lat="43.7366234" lon="-79.5009367">
  <name>Downsview Dells Park North Washroom</name>
  <desc>Address: 2515 Jane St | Hours: 9 a.m. to 10 p.m. | Where: Located across from Picnic Site #3, east of the last parking lot. | Access: yes | Fee: no | Status: closed | Reason: Maintenance/Repairs | Source: City of Toronto Open Data (Park Washroom Facilities)</desc>
  <link href="https://www.toronto.ca/explore-enjoy/parks-recreation/places-spaces/parks-and-recreation-facilities/location/?id=468"><text>Details</text></link>
  <sym>Restroom</sym>
  <type>Washroom Building</type>
</wpt>
<wpt lat="43.6527219" lon="-79.4203956">
  <name>Fred Hamilton Playground Washroom</name>
  <desc>Address: 155 Roxton Rd | Hours: 9 a.m. to 10 p.m. | Where: Located at the top of the hill on the pathway next to the bocce courts. | Accessible: Accessible Stall, Entrance at Grade, Automatic Door Opener | Access: yes | Fee: no | Status: open | Source: City of Toronto Open Data (Park Washroom Facilities)</desc>
  <link href="https://www.toronto.ca/explore-enjoy/parks-recreation/places-spaces/parks-and-recreation-facilities/location/?id=72"><text>Details</text></link>
  <sym>Restroom</sym>
  <type>Washroom Building</type>
</wpt>
<wpt lat="43.6652856" lon="-79.3594323">
  <name>Riverdale Park West Washroom</name>
  <desc>Address: 375 Sumach St | Hours: 9 a.m. to 10 p.m. | Where: Located near the end of the pathway close to the southern ball diamond. | Access: yes | Fee: no | Status: open | Source: City of Toronto Open Data (Park Washroom Facilities)</desc>
  <link href="https://www.toronto.ca/explore-enjoy/parks-recreation/places-spaces/parks-and-recreation-facilities/location/?id=344"><text>Details</text></link>
  <sym>Restroom</sym>
  <type>Washroom Building</type>
</wpt>
<wpt lat="43.6202786" lon="-79.3763067">
  <name>Toronto Islands - Toronto Island Park Avenue of the Islands Washroom</name>
  <desc>Address: 9 Queens Quay  W | Where: Located on the south side of the pathway between the Centre Island ferry docks and Centreville. Near the east side of picnic area 13. | Accessible: Accessible Stall, Entrance at Grade, Child Change Table | Access: yes | Fee: no | Status: closed | Reason: Maintenance/Repairs | Source: City of Toronto Open Data (Park Washroom Facilities)</desc>
  <link href="https://www.toronto.ca/explore-enjoy/parks-recreation/places-spaces/parks-and-recreation-facilities/location/?id=2024"><text>Details</text></link>
  <sym>Restroom</sym>
  <type>Washroom Building</type>
</wpt>
<wpt lat="43.7061483" lon="-79.2349054">
  <name>Bluffer's Park Washroom</name>
  <desc>Address: 1 Brimley Rd  S | Hours: 9 a.m. to 10 p.m. | Where: Located on the west side of the park, next to the boat launch. | Access: yes | Fee: no | Status: open | Source: City of Toronto Open Data (Park Washroom Facilities)</desc>
  <link href="https://www.toronto.ca/explore-enjoy/parks-recreation/places-spaces/parks-and-recreation-facilities/location/?id=2"><text>Details</text></link>
  <sym>Restroom</sym>
  <type>Washroom Building</type>
</wpt>
<wpt lat="43.6534738" lon="-79.3523250">
  <name>Corktown Common Pavilion Washroom</name>
  <desc>Address: 155 Bayview Ave | Hours: 9 a.m. to 10 p.m. | Where: Located in the pavillion between the splash pad and the playground. | Access: yes | Fee: no | Status: open | Source: City of Toronto Open Data (Park Washroom Facilities)</desc>
  <link href="https://www.toronto.ca/explore-enjoy/parks-recreation/places-spaces/parks-and-recreation-facilities/location/?id=3499"><text>Details</text></link>
  <sym>Restroom</sym>
  <type>Washroom Building</type>
</wpt>
<wpt lat="43.6664395" lon="-79.3018975">
  <name>Pantry Park Fieldhouse Washroom</name>
  <desc>Address: 70 Kewbeach Ave | Hours: 9 a.m. to 10 p.m. | Where: Located at the south end of the park next to Kewbeach Avenue. | Accessible: Accessible Stall, Entrance at Grade | Access: yes | Fee: no | Status: open | Source: City of Toronto Open Data (Park Washroom Facilities)</desc>
  <link href="https://www.toronto.ca/explore-enjoy/parks-recreation/places-spaces/parks-and-recreation-facilities/location/?id=254"><text>Details</text></link>
  <sym>Restroom</sym>
  <type>Washroom Building</type>
</wpt>
<wpt lat="43.5876958" lon="-79.5430501">
  <name>Marie Curtis Park Playground Washroom</name>
  <desc>Address: 2 Forty Second St | Hours: 9 a.m. to 10 p.m. | Where: Located on a pathway near the spash pad and playground. | Access: yes | Fee: no | Status: open | Source: City of Toronto Open Data (Park Washroom Facilities)</desc>
  <link href="https://www.toronto.ca/explore-enjoy/parks-recreation/places-spaces/parks-and-recreation-facilities/location/?id=6"><text>Details</text></link>
  <sym>Restroom</sym>
  <type>Washroom Building</type>
</wpt>
<wpt lat="43.6191335" lon="-79.3911154">
  <name>Toronto Islands - Hanlan’s Point Mid-Hanlan's Washroom</name>
  <desc>Address: 9 Queens Quay  W | Where: Located on the pathway east of beach access #4. | Accessible: Accessible Stall, Entrance at Grade, Child Change Table | Access: yes | Fee: no | Status: closed | Reason: Technical Issues | Source: City of Toronto Open Data (Park Washroom Facilities)</desc>
  <link href="https://www.toronto.ca/explore-enjoy/parks-recreation/places-spaces/parks-and-recreation-facilities/location/?id=2541"><text>Details</text></link>
  <sym>Restroom</sym>
  <type>Washroom Building</type>
</wpt>
<wpt lat="43.6703261" lon="-79.2847232">
  <name>Silverbirch Boat House Washroom</name>
  <desc>Address: 2 Silver Birch Ave | Hours: 9 a.m. to 10 p.m. | Where: Located at the east end of the boardwalk. | Accessible: Entrance at Grade, Entrance Access Ramp | Access: yes | Fee: no | Status: open | Source: City of Toronto Open Data (Park Washroom Facilities)</desc>
  <link href="https://www.toronto.ca/explore-enjoy/parks-recreation/places-spaces/parks-and-recreation-facilities/location/?id=1101"><text>Details</text></link>
  <sym>Restroom</sym>
  <type>Washroom Building</type>
</wpt>
<wpt lat="43.6623309" lon="-79.5815557">
  <name>Eringate Park Washroom</name>
  <desc>Address: 121 Wellesworth Dr | Hours: 9 a.m. to 10 p.m. | Where: Located between the outdoor pool and the south baseball diamond. | Accessible: Accessible Stall | Access: yes | Fee: no | Status: closed | Reason: Maintenance/Repairs | Source: City of Toronto Open Data (Park Washroom Facilities)</desc>
  <link href="https://www.toronto.ca/explore-enjoy/parks-recreation/places-spaces/parks-and-recreation-facilities/location/?id=840"><text>Details</text></link>
  <sym>Restroom</sym>
  <type>Washroom Building</type>
</wpt>
<wpt lat="43.7879408" lon="-79.2100656">
  <name>Seven Oaks Park Washroom</name>
  <desc>Address: 372 Military Trl | Hours: 9 a.m. to 10 p.m. | Where: Located south of the tennis courts, next to the parking lot. | Accessible: Accessible Stall, Entrance at Grade | Access: yes | Fee: no | Status: open | Source: City of Toronto Open Data (Park Washroom Facilities)</desc>
  <link href="https://www.toronto.ca/explore-enjoy/parks-recreation/places-spaces/parks-and-recreation-facilities/location/?id=590"><text>Details</text></link>
  <sym>Restroom</sym>
  <type>Washroom Building</type>
</wpt>
<wpt lat="43.6626846" lon="-79.3336515">
  <name>Leslie Grove Park Washroom</name>
  <desc>Address: 1158 Queen St  E | Hours: 9 a.m. to 10 p.m. | Where: Located in the fieldhouse. | Access: yes | Fee: no | Status: open | Source: City of Toronto Open Data (Park Washroom Facilities)</desc>
  <link href="https://www.toronto.ca/explore-enjoy/parks-recreation/places-spaces/parks-and-recreation-facilities/location/?id=123"><text>Details</text></link>
  <sym>Restroom</sym>
  <type>Washroom Building</type>
</wpt>
<wpt lat="43.6480546" lon="-79.4430681">
  <name>Sorauren Avenue Park Fieldhouse Washroom</name>
  <desc>Address: 289 Sorauren Ave | Hours: 9 a.m. to 10 p.m. | Where: Located south of the baseball diamond and Wabash Avenue. | Accessible: Accessible Stall, Entrance at Grade, Child Change Table | Access: yes | Fee: no | Status: open | Source: City of Toronto Open Data (Park Washroom Facilities)</desc>
  <link href="https://www.toronto.ca/explore-enjoy/parks-recreation/places-spaces/parks-and-recreation-facilities/location/?id=348"><text>Details</text></link>
  <sym>Restroom</sym>
  <type>All-Gender Washroom, Accessible Washroom</type>
</wpt>
<wpt lat="43.6716118" lon="-79.4092222">
  <name>Jean Sibelius Square Fieldhouse Washroom</name>
  <desc>Address: 50 Kendal Ave | Hours: 9 a.m. to 10 p.m. | Where: Located in the fieldhouse building at the northwest corner of the park. | Accessible: Entrance at Grade | Access: yes | Fee: no | Status: open | Source: City of Toronto Open Data (Park Washroom Facilities)</desc>
  <link href="https://www.toronto.ca/explore-enjoy/parks-recreation/places-spaces/parks-and-recreation-facilities/location/?id=151"><text>Details</text></link>
  <sym>Restroom</sym>
  <type>All-Gender Washroom</type>
</wpt>
<wpt lat="43.6368796" lon="-79.3442928">
  <name>Cherry Beach Clarke Beach Park Washroom</name>
  <desc>Address: 1 Cherry St | Hours: 9 a.m. to 10 p.m. | Where: Located between the parking lot and the beach. | Accessible: Accessible Stall, Entrance at Grade, Entrance Access Ramp, Child Change Table | Access: yes | Fee: no | Status: open | Source: City of Toronto Open Data (Park Washroom Facilities)</desc>
  <link href="https://www.toronto.ca/explore-enjoy/parks-recreation/places-spaces/parks-and-recreation-facilities/location/?id=209"><text>Details</text></link>
  <sym>Restroom</sym>
  <type>Washroom Building</type>
</wpt>
<wpt lat="43.7771578" lon="-79.1649297">
  <name>Colonel Danforth Park Washroom</name>
  <desc>Address: 73 Colonel Danforth Trl | Hours: 9 a.m. to 10 p.m. | Where: Located on the pathway west of the parking lot. | Accessible: Entrance at Grade | Access: yes | Fee: no | Status: open | Source: City of Toronto Open Data (Park Washroom Facilities)</desc>
  <link href="https://www.toronto.ca/explore-enjoy/parks-recreation/places-spaces/parks-and-recreation-facilities/location/?id=4"><text>Details</text></link>
  <sym>Restroom</sym>
  <type>Washroom Building</type>
</wpt>
<wpt lat="43.6412879" lon="-79.3416694">
  <name>Cherry Beach Sports Fields Washroom</name>
  <desc>Address: 275 Unwin Ave | Hours: 9 a.m. to 10 p.m. | Where: Located in the building next to the east sports field. | Accessible: Accessible Stall, Entrance at Grade, Child Change Table | Access: yes | Fee: no | Status: open | Source: City of Toronto Open Data (Park Washroom Facilities)</desc>
  <link href="https://www.toronto.ca/explore-enjoy/parks-recreation/places-spaces/parks-and-recreation-facilities/location/?id=459"><text>Details</text></link>
  <sym>Restroom</sym>
  <type>Washroom Building</type>
</wpt>
<wpt lat="43.6516924" lon="-79.3224838">
  <name>Tommy Thompson Park Washroom</name>
  <desc>Address: 1 Leslie St | Hours: 9 a.m. to 10 p.m. | Where: Located in the entrance of the pavilion. | Access: yes | Fee: no | Status: open | Source: City of Toronto Open Data (Park Washroom Facilities)</desc>
  <link href="https://www.toronto.ca/explore-enjoy/parks-recreation/places-spaces/parks-and-recreation-facilities/location/?id=2441"><text>Details</text></link>
  <sym>Restroom</sym>
  <type>Washroom Building</type>
</wpt>
<wpt lat="43.6869152" lon="-79.3875977">
  <name>David A. Balfour Park Washroom</name>
  <desc>Address: 75 Rosehill Ave | Hours: 9 a.m. to 10 p.m. | Where: Located near the corner of Rosehill and Avoca Avenues. | Access: yes | Fee: no | Status: open | Source: City of Toronto Open Data (Park Washroom Facilities)</desc>
  <link href="https://www.toronto.ca/explore-enjoy/parks-recreation/places-spaces/parks-and-recreation-facilities/location/?id=143"><text>Details</text></link>
  <sym>Restroom</sym>
  <type>Washroom Building</type>
</wpt>
<wpt lat="43.6525658" lon="-79.3913509">
  <name>Grange Park South Washroom</name>
  <desc>Address: 26 Grange Rd  W | Hours: 9 a.m. to 10 p.m. | Where: Located at the south-end of the park on Grange Road, opposite University Settlement. | Accessible: Accessible Stall, Entrance at Grade, Automatic Door Opener | Access: yes | Fee: no | Status: open | Source: City of Toronto Open Data (Park Washroom Facilities)</desc>
  <link href="https://www.toronto.ca/explore-enjoy/parks-recreation/places-spaces/parks-and-recreation-facilities/location/?id=1431"><text>Details</text></link>
  <sym>Restroom</sym>
  <type>All-Gender Washroom, Accessible Washroom</type>
</wpt>
<wpt lat="43.6822790" lon="-79.2811334">
  <name>Blantyre Park Fieldhouse Washroom</name>
  <desc>Address: 180 Fallingbrook Rd | Hours: 9 a.m. to 10 p.m. | Where: Located next to the parking lot, west of the baseball diamond. | Accessible: Entrance at Grade | Access: yes | Fee: no | Status: open | Source: City of Toronto Open Data (Park Washroom Facilities)</desc>
  <link href="https://www.toronto.ca/explore-enjoy/parks-recreation/places-spaces/parks-and-recreation-facilities/location/?id=557"><text>Details</text></link>
  <sym>Restroom</sym>
  <type>Washroom Building</type>
</wpt>
<wpt lat="43.7778153" lon="-79.1972023">
  <name>Morningside Park Central Picnic Site Washroom</name>
  <desc>Address: 390 Morningside Ave | Hours: 9 a.m. to 10 p.m. | Where: Located in the grassy area near the forested area west of Picnic Site #1. | Access: yes | Fee: no | Status: open | Source: City of Toronto Open Data (Park Washroom Facilities)</desc>
  <link href="https://www.toronto.ca/explore-enjoy/parks-recreation/places-spaces/parks-and-recreation-facilities/location/?id=1470"><text>Details</text></link>
  <sym>Restroom</sym>
  <type>Washroom Building</type>
</wpt>
<wpt lat="43.6833681" lon="-79.3790547">
  <name>Rosedale Park Tennis Clubhouse Washroom</name>
  <desc>Address: 20 Scholfield Ave | Hours: 9 a.m. to 10 p.m. | Where: Located on the pathway between the tennis courts and the splash pad. | Accessible: Entrance at Grade, Entrance Access Ramp | Access: yes | Fee: no | Status: open | Source: City of Toronto Open Data (Park Washroom Facilities)</desc>
  <link href="https://www.toronto.ca/explore-enjoy/parks-recreation/places-spaces/parks-and-recreation-facilities/location/?id=210"><text>Details</text></link>
  <sym>Restroom</sym>
  <type>Washroom Building</type>
</wpt>
<wpt lat="43.6762059" lon="-79.3949652">
  <name>Ramsden Park Washroom</name>
  <desc>Address: 1020 Yonge St | Hours: 9 a.m. to 10 p.m. | Where: Located on the pathway south of the western most tennis courts. | Accessible: Accessible Stall, Entrance at Grade | Access: yes | Fee: no | Status: open | Source: City of Toronto Open Data (Park Washroom Facilities)</desc>
  <link href="https://www.toronto.ca/explore-enjoy/parks-recreation/places-spaces/parks-and-recreation-facilities/location/?id=167"><text>Details</text></link>
  <sym>Restroom</sym>
  <type>Washroom Building</type>
</wpt>
<wpt lat="43.6466143" lon="-79.4147523">
  <name>Trinity Bellwoods Playground Washroom</name>
  <desc>Address: 790 Queen St  W | Hours: 9 a.m. to 10 p.m. | Where: Entrance is located on the outside of the Community Center next to the playground. | Access: yes | Fee: no | Status: closed | Reason: Men's Washroom Closed, Women's Washroom Open | Source: City of Toronto Open Data (Park Washroom Facilities)</desc>
  <link href="https://www.toronto.ca/explore-enjoy/parks-recreation/places-spaces/parks-and-recreation-facilities/location/?id=241"><text>Details</text></link>
  <sym>Restroom</sym>
  <type>Accessible Washroom</type>
</wpt>
<wpt lat="43.7024612" lon="-79.3498335">
  <name>Leaside Park Washroom</name>
  <desc>Address: 5 Leaside Park Dr | Hours: 9 a.m. to 10 p.m. | Where: Entrance is located on the outside of the outdoor pool building. | Access: yes | Fee: no | Status: open | Source: City of Toronto Open Data (Park Washroom Facilities)</desc>
  <link href="https://www.toronto.ca/explore-enjoy/parks-recreation/places-spaces/parks-and-recreation-facilities/location/?id=425"><text>Details</text></link>
  <sym>Restroom</sym>
  <type>Washroom Building</type>
</wpt>
<wpt lat="43.7460565" lon="-79.4377426">
  <name>Elie Wiesel Park Washroom</name>
  <desc>Address: 30 Palm Dr | Hours: 9 a.m. to 10 p.m. | Where: Located north of the baseball diamond and west of the tennis courts. | Accessible: Entrance at Grade | Access: yes | Fee: no | Status: open | Source: City of Toronto Open Data (Park Washroom Facilities)</desc>
  <link href="https://www.toronto.ca/explore-enjoy/parks-recreation/places-spaces/parks-and-recreation-facilities/location/?id=490"><text>Details</text></link>
  <sym>Restroom</sym>
  <type>Washroom Building</type>
</wpt>
<wpt lat="43.7698393" lon="-79.3169646">
  <name>Wishing Well Park Fieldhouse Washroom</name>
  <desc>Address: 1700 Pharmacy Ave | Hours: 9 a.m. to 10 p.m. | Where: Located on the pathway next to the tennis courts. | Accessible: Accessible Stall | Access: yes | Fee: no | Status: open | Source: City of Toronto Open Data (Park Washroom Facilities)</desc>
  <link href="https://www.toronto.ca/explore-enjoy/parks-recreation/places-spaces/parks-and-recreation-facilities/location/?id=586"><text>Details</text></link>
  <sym>Restroom</sym>
  <type>Washroom Building</type>
</wpt>
<wpt lat="43.6648241" lon="-79.4207051">
  <name>Christie Pits Park Washroom</name>
  <desc>Address: 750 Bloor St  W | Hours: 9 a.m. to 10 p.m. | Where: Located north of the wading pool. | Access: yes | Fee: no | Status: open | Source: City of Toronto Open Data (Park Washroom Facilities)</desc>
  <link href="https://www.toronto.ca/explore-enjoy/parks-recreation/places-spaces/parks-and-recreation-facilities/location/?id=196"><text>Details</text></link>
  <sym>Restroom</sym>
  <type>Washroom Building</type>
</wpt>
<wpt lat="43.6526688" lon="-79.3913722">
  <name>Grange Park North Washroom</name>
  <desc>Address: 26 Grange Rd  W | Hours: 9 a.m. to 10 p.m. | Where: Located at the south-end of the park on Grange Road, opposite University Settlement. | Accessible: Entrance at Grade, Powered Door Opener | Access: yes | Fee: no | Status: closed | Reason: Maintenance/Repairs | Source: City of Toronto Open Data (Park Washroom Facilities)</desc>
  <link href="https://www.toronto.ca/explore-enjoy/parks-recreation/places-spaces/parks-and-recreation-facilities/location/?id=1431"><text>Details</text></link>
  <sym>Restroom</sym>
  <type>All-Gender Washroom, Accessible Washroom</type>
</wpt>
<wpt lat="43.6195392" lon="-79.4805124">
  <name>Humber Bay Park West Washroom</name>
  <desc>Address: 2225 Lake Shore Blvd  W | Hours: 9 a.m. to 10 p.m. | Where: Located on the west side of the parking lot. | Accessible: Accessible Stall, Entrance at Grade, Child Change Table | Access: yes | Fee: no | Status: open | Source: City of Toronto Open Data (Park Washroom Facilities)</desc>
  <link href="https://www.toronto.ca/explore-enjoy/parks-recreation/places-spaces/parks-and-recreation-facilities/location/?id=1074"><text>Details</text></link>
  <sym>Restroom</sym>
  <type>Washroom Building</type>
</wpt>
<wpt lat="43.7725949" lon="-79.2880888">
  <name>Glamorgan Park Washroom</name>
  <desc>Address: 50 Antrim Cres | Hours: 9 a.m. to 10 p.m. | Where: Located next to the splash pad. | Accessible: Entrance at Grade | Access: yes | Fee: no | Status: open | Source: City of Toronto Open Data (Park Washroom Facilities)</desc>
  <link href="https://www.toronto.ca/explore-enjoy/parks-recreation/places-spaces/parks-and-recreation-facilities/location/?id=668"><text>Details</text></link>
  <sym>Restroom</sym>
  <type>Washroom Building</type>
</wpt>
<wpt lat="43.6251242" lon="-79.3593103">
  <name>Toronto Islands - Ward's Island Fire Station Washroom</name>
  <desc>Where: Located on the west side of the Fire Station, entrance from the outside. | Access: yes | Fee: no | Status: open | Source: City of Toronto Open Data (Park Washroom Facilities)</desc>
  <link href="https://www.toronto.ca/explore-enjoy/parks-recreation/places-spaces/parks-and-recreation-facilities/location/?id=2039"><text>Details</text></link>
  <sym>Restroom</sym>
  <type>Washroom Building</type>
</wpt>
<wpt lat="43.6859540" lon="-79.5057192">
  <name>Eglinton Flats Northwest Service Building Washroom</name>
  <desc>Address: 101 Emmett Ave | Hours: 9 a.m. to 10 p.m. | Where: Located in the service building. | Accessible: Accessible Stall, Entrance at Grade | Access: yes | Fee: no | Status: open | Source: City of Toronto Open Data (Park Washroom Facilities)</desc>
  <link href="https://www.toronto.ca/explore-enjoy/parks-recreation/places-spaces/parks-and-recreation-facilities/location/?id=9"><text>Details</text></link>
  <sym>Restroom</sym>
  <type>Washroom Building</type>
</wpt>
<wpt lat="43.6946618" lon="-79.2619760">
  <name>Scarborough Arena Gardens Washroom</name>
  <desc>Address: 75 Birchmount Rd. | Where: Located inside the Arena in the northwest corner. | Accessible: Accessible Stall, Entrance at Grade, Adult Change Table, Automatic Door Opener | Access: yes | Fee: no | Status: open | Source: City of Toronto Open Data (Park Washroom Facilities)</desc>
  <link href="https://www.toronto.ca/explore-enjoy/parks-recreation/places-spaces/parks-and-recreation-facilities/location/?id=3493"><text>Details</text></link>
  <sym>Restroom</sym>
  <type>Universal Washroom, All-Gender Washroom, Accessible Washroom</type>
</wpt>
<wpt lat="43.6458896" lon="-79.3498940">
  <name>Old Fire Hall 30 Community Centre Washroom</name>
  <desc>Address: 31 Commissioners St | Where: Located inside the Community Recreation Centre. | Accessible: Accessible Stall, Entrance at Grade, Adult Change Table, Automatic Door Opener | Access: yes | Fee: no | Status: open | Source: City of Toronto Open Data (Park Washroom Facilities)</desc>
  <link href="https://www.toronto.ca/explore-enjoy/parks-recreation/places-spaces/parks-and-recreation-facilities/location/?id=3861"><text>Details</text></link>
  <sym>Restroom</sym>
  <type>Universal Washroom, All-Gender Washroom, Accessible Washroom</type>
</wpt>
<wpt lat="43.6520570" lon="-79.5901550">
  <name>Centennial Park Etobicoke Picnic Site 6 Washroom</name>
  <desc>Address: 256 Centennial Park Rd | Hours: 9 a.m. to dusk | Where: Located next to Picnic Site #6. | Access: yes | Fee: no | Status: open | Source: City of Toronto Open Data (Park Washroom Facilities)</desc>
  <link href="https://www.toronto.ca/explore-enjoy/parks-recreation/places-spaces/parks-and-recreation-facilities/location/?id=798"><text>Details</text></link>
  <sym>Restroom</sym>
  <type>Washroom Building</type>
</wpt>
<wpt lat="43.6312597" lon="-79.3538087">
  <name>Toronto Islands - Ward's Island Baseball Diamond Washroom</name>
  <desc>Address: 1 Centre Island Park | Where: Located on Ward's Island east of the baseball diamond in the washroom building. | Accessible: Accessible Stall, Entrance at Grade | Access: yes | Fee: no | Status: open | Source: City of Toronto Open Data (Park Washroom Facilities)</desc>
  <link href="https://www.toronto.ca/explore-enjoy/parks-recreation/places-spaces/parks-and-recreation-facilities/location/?id=2039"><text>Details</text></link>
  <sym>Restroom</sym>
  <type>Washroom Building</type>
</wpt>
<wpt lat="43.6400842" lon="-79.3758139">
  <name>Harbour Square Park Lands Fieldhouse Washroom</name>
  <desc>Address: 25 Queens Quay W | Hours: 9 a.m. to 10 p.m. | Where: Located in fieldhouse southwest of the entrance to the Jack Layton Ferry Terminal. | Accessible: Accessible Stall, Entrance at Grade | Access: yes | Fee: no | Status: open | Source: City of Toronto Open Data (Park Washroom Facilities)</desc>
  <link href="https://www.toronto.ca/explore-enjoy/parks-recreation/places-spaces/parks-and-recreation-facilities/location/?id=74"><text>Details</text></link>
  <sym>Restroom</sym>
  <type>Washroom Building</type>
</wpt>
<wpt lat="43.6755883" lon="-79.3475447">
  <name>Withrow Park North Washroom</name>
  <desc>Address: 725 Logan Ave | Hours: 9 a.m. to 10 p.m. | Where: Located in the fieldhouse north of the firepit. | Access: yes | Fee: no | Status: open | Source: City of Toronto Open Data (Park Washroom Facilities)</desc>
  <link href="https://www.toronto.ca/explore-enjoy/parks-recreation/places-spaces/parks-and-recreation-facilities/location/?id=306"><text>Details</text></link>
  <sym>Restroom</sym>
  <type>Washroom Building</type>
</wpt>
<wpt lat="43.6451061" lon="-79.4668970">
  <name>High Park Upper Hillside Washroom</name>
  <desc>Address: 1873 Bloor St  W | Hours: 9 a.m. to 10 p.m. | Where: Located on the pathway from the last West Road parking lot. | Accessible: Entrance at Grade | Access: yes | Fee: no | Status: open | Source: City of Toronto Open Data (Park Washroom Facilities)</desc>
  <link href="https://www.toronto.ca/explore-enjoy/parks-recreation/places-spaces/parks-and-recreation-facilities/location/?id=77"><text>Details</text></link>
  <sym>Restroom</sym>
  <type>Washroom Building</type>
</wpt>
<wpt lat="43.6513412" lon="-79.4045559">
  <name>Harry R. Gairey Outdoor Rink Washroom</name>
  <desc>Address: 275 Bathurst St | Hours: View outdoor rink hours | Where: Located in the rink building at the west end of the outdoor ice rinks. | Accessible: Entrance at Grade | Access: yes | Fee: no | Status: closed | Reason: Maintenance/Repairs | Source: City of Toronto Open Data (Park Washroom Facilities)</desc>
  <link href="https://www.toronto.ca/explore-enjoy/parks-recreation/places-spaces/parks-and-recreation-facilities/location/?id=31"><text>Details</text></link>
  <sym>Restroom</sym>
  <type>Washroom Building</type>
</wpt>
<wpt lat="43.6533705" lon="-79.5851357">
  <name>Centennial Park Rob Ford Stadium Accessible Washrooms</name>
  <desc>Address: 256 Centennial Park Rd | Hours: 9 a.m. to 10 p.m. | Where: Located on the west side of Centennial Park Stadium at the south end. | Accessible: Automatic Door Opener | Access: yes | Fee: no | Status: closed | Reason: Maintenance/Repairs | Source: City of Toronto Open Data (Park Washroom Facilities)</desc>
  <link href="https://www.toronto.ca/explore-enjoy/parks-recreation/places-spaces/parks-and-recreation-facilities/location/?id=798"><text>Details</text></link>
  <sym>Restroom</sym>
  <type>Washroom Building</type>
</wpt>
<wpt lat="43.6585586" lon="-79.5013004">
  <name>Home Smith Park Washroom</name>
  <desc>Address: 4101 Dundas St  W | Hours: 9 a.m. to 10 p.m. | Where: Located on the pathway next to Picnic Site #2. | Accessible: Accessible Stall, Entrance at Grade | Access: yes | Fee: no | Status: open | Source: City of Toronto Open Data (Park Washroom Facilities)</desc>
  <link href="https://www.toronto.ca/explore-enjoy/parks-recreation/places-spaces/parks-and-recreation-facilities/location/?id=15"><text>Details</text></link>
  <sym>Restroom</sym>
  <type>Washroom Building</type>
</wpt>
<wpt lat="43.6873137" lon="-79.4970490">
  <name>Fergy Brown Park Washroom</name>
  <desc>Address: 3700 Eglinton Ave  W | Hours: 9 a.m. to 10 p.m. | Where: Located on the pathway south of the parking lot between the cricket pitches. | Accessible: Accessible Stall | Access: yes | Fee: no | Status: open | Source: City of Toronto Open Data (Park Washroom Facilities)</desc>
  <link href="https://www.toronto.ca/explore-enjoy/parks-recreation/places-spaces/parks-and-recreation-facilities/location/?id=2288"><text>Details</text></link>
  <sym>Restroom</sym>
  <type>Washroom Building</type>
</wpt>
<wpt lat="43.6972194" lon="-79.2839473">
  <name>Prairie Drive Park Washroom</name>
  <desc>Address: 101 Pharmacy Ave | Hours: 9 a.m. to 10 p.m. | Where: Located on the pathway between parking lot and the playground. | Accessible: Entrance at Grade | Access: yes | Fee: no | Status: open | Source: City of Toronto Open Data (Park Washroom Facilities)</desc>
  <link href="https://www.toronto.ca/explore-enjoy/parks-recreation/places-spaces/parks-and-recreation-facilities/location/?id=733"><text>Details</text></link>
  <sym>Restroom</sym>
  <type>Washroom Building</type>
</wpt>
<wpt lat="43.6427686" lon="-79.4093125">
  <name>Stanley Park North Toronto Playground Washroom</name>
  <desc>Address: 890 King St  W | Hours: 9 a.m. to 10 p.m. | Where: Located near the King Street entrance, next to the playground. | Accessible: Accessible Stall, Entrance at Grade | Access: yes | Fee: no | Status: open | Source: City of Toronto Open Data (Park Washroom Facilities)</desc>
  <link href="https://www.toronto.ca/explore-enjoy/parks-recreation/places-spaces/parks-and-recreation-facilities/location/?id=212"><text>Details</text></link>
  <sym>Restroom</sym>
  <type>Washroom Building</type>
</wpt>
<wpt lat="43.6941164" lon="-79.2927909">
  <name>Dentonia Park Washroom</name>
  <desc>Address: 80 Thyra Ave | Hours: 9 a.m. to 10 p.m. | Where: Located on the west basketball court, north of the baseball diamond. | Access: yes | Fee: no | Status: open | Source: City of Toronto Open Data (Park Washroom Facilities)</desc>
  <link href="https://www.toronto.ca/explore-enjoy/parks-recreation/places-spaces/parks-and-recreation-facilities/location/?id=1057"><text>Details</text></link>
  <sym>Restroom</sym>
  <type>Washroom Building</type>
</wpt>
<wpt lat="43.6121208" lon="-79.3888835">
  <name>Toronto Islands - Gibraltar Point Washroom</name>
  <desc>Address: 9 Queens Quay  W | Where: Located on the pathway near the water's edge at Gibraltar Point. | Accessible: Accessible Stall, Entrance Access Ramp, Automatic Door Opener, Child Change Table | Access: yes | Fee: no | Status: open | Source: City of Toronto Open Data (Park Washroom Facilities)</desc>
  <link href="https://www.toronto.ca/explore-enjoy/parks-recreation/places-spaces/parks-and-recreation-facilities/location/?id=2541"><text>Details</text></link>
  <sym>Restroom</sym>
  <type>Washroom Building</type>
</wpt>
<wpt lat="43.7590742" lon="-79.2550608">
  <name>Thomson Memorial Park North Washroom</name>
  <desc>Address: 1005 Brimley Rd | Hours: 9 a.m. to 10 p.m. | Where: Located in the north washroom building of the park. | Access: yes | Fee: no | Status: open | Source: City of Toronto Open Data (Park Washroom Facilities)</desc>
  <link href="https://www.toronto.ca/explore-enjoy/parks-recreation/places-spaces/parks-and-recreation-facilities/location/?id=543"><text>Details</text></link>
  <sym>Restroom</sym>
  <type>Washroom Building</type>
</wpt>
<wpt lat="43.6828133" lon="-79.5682904">
  <name>Westgrove Park Outdoor Pool Washroom</name>
  <desc>Address: 15 Redgrave Dr | Hours: View outdoor pool hours | Where: Located at the north end of the pool near Redgrave Drive. | Access: yes | Fee: no | Status: open | Source: City of Toronto Open Data (Park Washroom Facilities)</desc>
  <link href="https://www.toronto.ca/explore-enjoy/parks-recreation/places-spaces/parks-and-recreation-facilities/location/?id=900"><text>Details</text></link>
  <sym>Restroom</sym>
  <type>Washroom Building</type>
</wpt>
<wpt lat="43.6423755" lon="-79.5669502">
  <name>West Mall Outdoor Pool Washroom</name>
  <desc>Address: 380 The West Mall | Hours: View outdoor pool hours | Where: Located on the west side of the pool, north fo the parking lot. | Access: yes | Fee: no | Status: open | Source: City of Toronto Open Data (Park Washroom Facilities)</desc>
  <link href="https://www.toronto.ca/explore-enjoy/parks-recreation/places-spaces/parks-and-recreation-facilities/location/?id=2642"><text>Details</text></link>
  <sym>Restroom</sym>
  <type>Washroom Building</type>
</wpt>
<wpt lat="43.7486384" lon="-79.5953585">
  <name>Smithfield Park Outdoor Pool Washroom</name>
  <desc>Address: 175 Mount Olive Dr | Hours: View outdoor pool hours | Where: Located on the east side of the outdoor pool near Mount Olive Drive. | Access: yes | Fee: no | Status: open | Source: City of Toronto Open Data (Park Washroom Facilities)</desc>
  <link href="https://www.toronto.ca/explore-enjoy/parks-recreation/places-spaces/parks-and-recreation-facilities/location/?id=869"><text>Details</text></link>
  <sym>Restroom</sym>
  <type>Washroom Building</type>
</wpt>
<wpt lat="43.5953065" lon="-79.5076363">
  <name>Rotary Peace Park Outdoor Pool  Washroom</name>
  <desc>Address: 25 Eleventh St | Hours: 9 a.m. to 10 p.m. | Where: Located on the west side of the outdoor pool near Eleventh Street. | Access: yes | Fee: no | Status: open | Source: City of Toronto Open Data (Park Washroom Facilities)</desc>
  <link href="https://www.toronto.ca/explore-enjoy/parks-recreation/places-spaces/parks-and-recreation-facilities/location/?id=909"><text>Details</text></link>
  <sym>Restroom</sym>
  <type>Washroom Building</type>
</wpt>
<wpt lat="43.6818509" lon="-79.5454437">
  <name>Richmond Gardens Outdoor Pool Washroom</name>
  <desc>Address: 44 Strathdee Dr | Hours: View outdoor pool hours | Where: Located at the south end of the outdoor pool. | Access: yes | Fee: no | Status: open | Source: City of Toronto Open Data (Park Washroom Facilities)</desc>
  <link href="https://www.toronto.ca/explore-enjoy/parks-recreation/places-spaces/parks-and-recreation-facilities/location/?id=877"><text>Details</text></link>
  <sym>Restroom</sym>
  <type>Washroom Building</type>
</wpt>
<wpt lat="43.7124750" lon="-79.5446035">
  <name>Pine Point Park Outdoor Pool Washroom</name>
  <desc>Address: 15 Grierson Rd | Hours: View outdoor pool hours | Where: Located in the pool building on the south end of the outdoor pool. | Access: yes | Fee: no | Status: open | Source: City of Toronto Open Data (Park Washroom Facilities)</desc>
  <link href="https://www.toronto.ca/explore-enjoy/parks-recreation/places-spaces/parks-and-recreation-facilities/location/?id=859"><text>Details</text></link>
  <sym>Restroom</sym>
  <type>Washroom Building</type>
</wpt>
<wpt lat="43.6165183" lon="-79.5086529">
  <name>Ourland Park Outdoor Pool Washroom</name>
  <desc>Address: 36 Ourland Ave | Hours: View outdoor pool hours | Where: Located on the east side of the outdoor pool. | Access: yes | Fee: no | Status: open | Source: City of Toronto Open Data (Park Washroom Facilities)</desc>
  <link href="https://www.toronto.ca/explore-enjoy/parks-recreation/places-spaces/parks-and-recreation-facilities/location/?id=857"><text>Details</text></link>
  <sym>Restroom</sym>
  <type>Washroom Building</type>
</wpt>
<wpt lat="43.6773284" lon="-79.3256873">
  <name>Monarch Park Outdoor Pool / Rink Washroom</name>
  <desc>Address: 115 Felstead Ave | Hours: View facility hours | Where: Located in the outdoor pool and rink building. | Access: yes | Fee: no | Status: open | Source: City of Toronto Open Data (Park Washroom Facilities)</desc>
  <link href="https://www.toronto.ca/explore-enjoy/parks-recreation/places-spaces/parks-and-recreation-facilities/location/?id=145"><text>Details</text></link>
  <sym>Restroom</sym>
  <type>Washroom Building</type>
</wpt>
<wpt lat="43.7436273" lon="-79.2485575">
  <name>Knob Hill Park Outdoor Pool Washroom</name>
  <desc>Address: 625 Brimley Rd | Hours: View outdoor pool hours | Where: Located on the south side of the outdoor pool. | Access: yes | Fee: no | Status: open | Source: City of Toronto Open Data (Park Washroom Facilities)</desc>
  <link href="https://www.toronto.ca/explore-enjoy/parks-recreation/places-spaces/parks-and-recreation-facilities/location/?id=690"><text>Details</text></link>
  <sym>Restroom</sym>
  <type>Washroom Building</type>
</wpt>
<wpt lat="43.6694859" lon="-79.3297139">
  <name>Greenwood Park Outdoor Pool / Rink Washroom</name>
  <desc>Address: 150 Greenwood Ave | Hours: View facility hours | Where: Located in the outdoor pool and rink building. | Access: yes | Fee: no | Status: open | Source: City of Toronto Open Data (Park Washroom Facilities)</desc>
  <link href="https://www.toronto.ca/explore-enjoy/parks-recreation/places-spaces/parks-and-recreation-facilities/location/?id=70"><text>Details</text></link>
  <sym>Restroom</sym>
  <type>Washroom Building</type>
</wpt>
<wpt lat="43.7212365" lon="-79.5914493">
  <name>Flagstaff Park Outdoor Pool Washroom</name>
  <desc>Address: 42 Mercury Rd | Hours: View outdoor pool hours | Where: Located at the west end of the pool, between the playground and the parking lot. | Access: yes | Fee: no | Status: open | Source: City of Toronto Open Data (Park Washroom Facilities)</desc>
  <link href="https://www.toronto.ca/explore-enjoy/parks-recreation/places-spaces/parks-and-recreation-facilities/location/?id=963"><text>Details</text></link>
  <sym>Restroom</sym>
  <type>Washroom Building</type>
</wpt>
<wpt lat="43.7032609" lon="-79.5471408">
  <name>Fairhaven Park Outdoor Pool Washroom</name>
  <desc>Address: 100 Golfwood Hts | Hours: View outdoor pool hours | Where: Located at the east end of the pool. | Access: yes | Fee: no | Status: open | Source: City of Toronto Open Data (Park Washroom Facilities)</desc>
  <link href="https://www.toronto.ca/explore-enjoy/parks-recreation/places-spaces/parks-and-recreation-facilities/location/?id=1007"><text>Details</text></link>
  <sym>Restroom</sym>
  <type>Washroom Building</type>
</wpt>
<wpt lat="43.6627296" lon="-79.5817096">
  <name>Eringate Park Outdoor Pool Washroom</name>
  <desc>Address: 121 Wellesworth Dr | Hours: View outdoor pool hours | Where: Located at the north end of the outdoor pool near the playground. | Access: yes | Fee: no | Status: open | Source: City of Toronto Open Data (Park Washroom Facilities)</desc>
  <link href="https://www.toronto.ca/explore-enjoy/parks-recreation/places-spaces/parks-and-recreation-facilities/location/?id=840"><text>Details</text></link>
  <sym>Restroom</sym>
  <type>Washroom Building</type>
</wpt>
<wpt lat="43.6130486" lon="-79.4879145">
  <name>Amos Waites Park Outdoor Pool Washroom</name>
  <desc>Address: 2441 Lake Shore Blvd  W | Hours: View outdoor pool hours | Where: Located in the outdoor pool changing rooms. | Access: yes | Fee: no | Status: open | Source: City of Toronto Open Data (Park Washroom Facilities)</desc>
  <link href="https://www.toronto.ca/explore-enjoy/parks-recreation/places-spaces/parks-and-recreation-facilities/location/?id=939"><text>Details</text></link>
  <sym>Restroom</sym>
  <type>Washroom Building</type>
</wpt>
<wpt lat="43.7273412" lon="-79.4058681">
  <name>Woburn Avenue Playground Washroom</name>
  <desc>Address: 75 Woburn Ave | Hours: 9 a.m. to 10 p.m. | Where: Located south of the playground. | Accessible: Accessible Stall, Entrance at Grade, Child Change Table | Access: yes | Fee: no | Status: open | Source: City of Toronto Open Data (Park Washroom Facilities)</desc>
  <link href="https://www.toronto.ca/explore-enjoy/parks-recreation/places-spaces/parks-and-recreation-facilities/location/?id=445"><text>Details</text></link>
  <sym>Restroom</sym>
  <type>Washroom Building</type>
</wpt>
<wpt lat="43.6983720" lon="-79.3150435">
  <name>Stan Wadlow Park Washroom</name>
  <desc>Address: 888 Cosburn Ave | Hours: 9 a.m. to 10 p.m. | Where: Located on the north side of the Clubhouse, entrance from the outside. | Accessible: Entrance at Grade, Powered Door Opener, Child Change Table | Access: yes | Fee: no | Status: open | Source: City of Toronto Open Data (Park Washroom Facilities)</desc>
  <link href="https://www.toronto.ca/explore-enjoy/parks-recreation/places-spaces/parks-and-recreation-facilities/location/?id=421"><text>Details</text></link>
  <sym>Restroom</sym>
  <type>Accessible Washroom</type>
</wpt>
<wpt lat="43.7581364" lon="-79.5054628">
  <name>Derrydowns Park Washroom</name>
  <desc>Address: 271 Derrydown Rd | Hours: 9 a.m. to 10 p.m. | Where: Located on the pathway south of the parking lot. | Accessible: Accessible Stall, Entrance at Grade | Access: yes | Fee: no | Status: open | Source: City of Toronto Open Data (Park Washroom Facilities)</desc>
  <link href="https://www.toronto.ca/explore-enjoy/parks-recreation/places-spaces/parks-and-recreation-facilities/location/?id=5"><text>Details</text></link>
  <sym>Restroom</sym>
  <type>Washroom Building</type>
</wpt>
<wpt lat="43.6665355" lon="-79.2981996">
  <name>Kew Gardens Outdoor Rink Washroom</name>
  <desc>Address: 2075 Queen St  E | Hours: View outdoor rink hours | Where: Located in the fieldhouse along the boardwalk next to the outdoor ice rink. | Access: yes | Fee: no | Status: open | Source: City of Toronto Open Data (Park Washroom Facilities)</desc>
  <link href="https://www.toronto.ca/explore-enjoy/parks-recreation/places-spaces/parks-and-recreation-facilities/location/?id=107"><text>Details</text></link>
  <sym>Restroom</sym>
  <type>Washroom Building</type>
</wpt>
<wpt lat="43.6912791" lon="-79.4314429">
  <name>Phil White Arena Washroom</name>
  <desc>Address: 443 Arlington Ave | Hours: 9 a.m. to 10 p.m. | Where: Entrance is located on the outside of Phil White Arena. | Access: yes | Fee: no | Status: closed | Reason: Maintenance/Repairs | Source: City of Toronto Open Data (Park Washroom Facilities)</desc>
  <link href="https://www.toronto.ca/explore-enjoy/parks-recreation/places-spaces/parks-and-recreation-facilities/location/?id=629"><text>Details</text></link>
  <sym>Restroom</sym>
  <type>Washroom Building</type>
</wpt>
<wpt lat="43.6765813" lon="-79.4240874">
  <name>Hillcrest Park Washroom</name>
  <desc>Address: 950 Davenport Rd | Hours: 9 a.m. to 10 p.m. | Where: Located on the north side of the park next to the dog off-leash area and the community garden. | Access: yes | Fee: no | Status: closed | Reason: Maintenance/Repairs | Source: City of Toronto Open Data (Park Washroom Facilities)</desc>
  <link href="https://www.toronto.ca/explore-enjoy/parks-recreation/places-spaces/parks-and-recreation-facilities/location/?id=79"><text>Details</text></link>
  <sym>Restroom</sym>
  <type>Washroom Building</type>
</wpt>
<wpt lat="43.6823371" lon="-79.4163433">
  <name>Wells Hill Park Washroom</name>
  <desc>Address: 145 Hilton Ave | Hours: 9 a.m. to 10 p.m. | Where: Located in the southwest area of the park next to the playground. | Accessible: Accessible Stall, Entrance at Grade, Entrance Access Ramp | Access: yes | Fee: no | Status: open | Source: City of Toronto Open Data (Park Washroom Facilities)</desc>
  <link href="https://www.toronto.ca/explore-enjoy/parks-recreation/places-spaces/parks-and-recreation-facilities/location/?id=393"><text>Details</text></link>
  <sym>Restroom</sym>
  <type>Washroom Building</type>
</wpt>
<wpt lat="43.7214094" lon="-79.3530026">
  <name>Wilket Creek Park Washroom</name>
  <desc>Address: 1100 Leslie St | Hours: 9 a.m. to 10 p.m. | Where: Located in the washroom building along main park road 0.5 km from Leslie Street. | Access: yes | Fee: no | Status: open | Source: City of Toronto Open Data (Park Washroom Facilities)</desc>
  <link href="https://www.toronto.ca/explore-enjoy/parks-recreation/places-spaces/parks-and-recreation-facilities/location/?id=492"><text>Details</text></link>
  <sym>Restroom</sym>
  <type>Washroom Building</type>
</wpt>
<wpt lat="43.6741447" lon="-79.4515653">
  <name>Earlscourt Park Washroom</name>
  <desc>Address: 1200 Lansdowne Ave | Hours: 9 a.m. to 10 p.m. | Where: Located in the building next to the splash pad. | Accessible: Accessible Stall, Entrance Access Ramp | Access: yes | Fee: no | Status: open | Source: City of Toronto Open Data (Park Washroom Facilities)</desc>
  <link href="https://www.toronto.ca/explore-enjoy/parks-recreation/places-spaces/parks-and-recreation-facilities/location/?id=514"><text>Details</text></link>
  <sym>Restroom</sym>
  <type>Washroom Building</type>
</wpt>
<wpt lat="43.6232958" lon="-79.3736826">
  <name>Toronto Islands - Olympic Island Park Washroom</name>
  <desc>Address: 9 Queens Quay  W | Where: Located along the pathway, in the pavillion on the north side of the island. | Access: yes | Fee: no | Status: open | Source: City of Toronto Open Data (Park Washroom Facilities)</desc>
  <link href="https://www.toronto.ca/explore-enjoy/parks-recreation/places-spaces/parks-and-recreation-facilities/location/?id=2543"><text>Details</text></link>
  <sym>Restroom</sym>
  <type>Washroom Building</type>
</wpt>
<wpt lat="43.8033069" lon="-79.3043405">
  <name>L'Amoreaux Sports Centre Washroom</name>
  <desc>Address: 100 Silver Springs Blvd | Hours: 9 a.m. to 10 p.m. | Where: Located on the pathway between the soccer fields and the baseball diamonds. | Access: yes | Fee: no | Status: open | Source: City of Toronto Open Data (Park Washroom Facilities)</desc>
  <link href="https://www.toronto.ca/explore-enjoy/parks-recreation/places-spaces/parks-and-recreation-facilities/location/?id=698"><text>Details</text></link>
  <sym>Restroom</sym>
  <type>Washroom Building</type>
</wpt>
<wpt lat="43.6166911" lon="-79.3725951">
  <name>Toronto Islands - Centre Island West Pier Washroom</name>
  <desc>Address: 9 Queens Quay  W | Where: Located in the building on the west side of the entrance to the pier. | Accessible: Accessible Stall, Entrance at Grade | Access: yes | Fee: no | Status: open | Source: City of Toronto Open Data (Park Washroom Facilities)</desc>
  <link href="https://www.toronto.ca/explore-enjoy/parks-recreation/places-spaces/parks-and-recreation-facilities/location/?id=2725"><text>Details</text></link>
  <sym>Restroom</sym>
  <type>Washroom Building</type>
</wpt>
<wpt lat="43.7022395" lon="-79.2586530">
  <name>Highview Park Washroom</name>
  <desc>Address: 150 Highview Ave | Hours: 9 a.m. to 10 p.m. | Where: Located on the pathway between the baseball diamond and the wading pool. | Accessible: Accessible Stall, Entrance at Grade, Automatic Door Opener | Access: yes | Fee: no | Status: open | Source: City of Toronto Open Data (Park Washroom Facilities)</desc>
  <link href="https://www.toronto.ca/explore-enjoy/parks-recreation/places-spaces/parks-and-recreation-facilities/location/?id=676"><text>Details</text></link>
  <sym>Restroom</sym>
  <type>Washroom Building</type>
</wpt>
<wpt lat="43.6458308" lon="-79.3498850">
  <name>Old Fire Hall 30 Park Washroom</name>
  <desc>Address: 31 Commissioners St | Hours: 9 a.m. to 10 p.m. | Where: Entrance is located on the outside of the Community Recreation Centre. | Accessible: Accessible Stall, Entrance at Grade, Adult Change Table, Automatic Door Opener | Access: yes | Fee: no | Status: open | Source: City of Toronto Open Data (Park Washroom Facilities)</desc>
  <link href="https://www.toronto.ca/explore-enjoy/parks-recreation/places-spaces/parks-and-recreation-facilities/location/?id=3861"><text>Details</text></link>
  <sym>Restroom</sym>
  <type>Universal Washroom, All-Gender Washroom, Accessible Washroom</type>
</wpt>
<wpt lat="43.7687274" lon="-79.4099283">
  <name>Lee Lifeson Art Park Washroom</name>
  <desc>Address: 45 Princess Ave | Where: Located in the building at the top of the amphitheatre. | Accessible: Automatic Door Opener | Access: yes | Fee: no | Status: closed | Reason: Planned Closure | Source: City of Toronto Open Data (Park Washroom Facilities)</desc>
  <link href="https://www.toronto.ca/explore-enjoy/parks-recreation/places-spaces/parks-and-recreation-facilities/location/?id=3555"><text>Details</text></link>
  <sym>Restroom</sym>
  <type>Washroom Building</type>
</wpt>
<wpt lat="43.6178081" lon="-79.3758735">
  <name>Toronto Islands - Centre Island Washroom</name>
  <desc>Address: 1 Centre Island Park | Where: Located east of the maze. | Access: yes | Fee: no | Status: open | Source: City of Toronto Open Data (Park Washroom Facilities)</desc>
  <link href="https://www.toronto.ca/explore-enjoy/parks-recreation/places-spaces/parks-and-recreation-facilities/location/?id=2725"><text>Details</text></link>
  <sym>Restroom</sym>
  <type>Washroom Building</type>
</wpt>
<wpt lat="43.6537937" lon="-79.5853607">
  <name>Centennial Park Rob Ford Stadium Women's North Washroom</name>
  <desc>Address: 256 Centennial Park Rd | Hours: 9 a.m. to 10 p.m. | Where: Located on the west side of Centennial Park Stadium at the north end. | Access: yes | Fee: no | Status: open | Source: City of Toronto Open Data (Park Washroom Facilities)</desc>
  <link href="https://www.toronto.ca/explore-enjoy/parks-recreation/places-spaces/parks-and-recreation-facilities/location/?id=798"><text>Details</text></link>
  <sym>Restroom</sym>
  <type>Washroom Building</type>
</wpt>
<wpt lat="43.6534078" lon="-79.5851583">
  <name>Centennial Park Rob Ford Stadium Men's South Washroom</name>
  <desc>Address: 256 Centennial Park Rd | Hours: 9 a.m. to 10 p.m. | Where: Located on the west side of Centennial Park Stadium at the south end. | Access: yes | Fee: no | Status: open | Source: City of Toronto Open Data (Park Washroom Facilities)</desc>
  <link href="https://www.toronto.ca/explore-enjoy/parks-recreation/places-spaces/parks-and-recreation-facilities/location/?id=798"><text>Details</text></link>
  <sym>Restroom</sym>
  <type>Washroom Building</type>
</wpt>
<wpt lat="43.7265729" lon="-79.2601988">
  <name>Corvette Park Washroom</name>
  <desc>Address: 40 Corvette Ave | Hours: 9 a.m. to 10 p.m. | Where: Located on the grassy area behind the baseball diamond besdie Corvette Avenue. | Accessible: Entrance at Grade | Access: yes | Fee: no | Status: open | Source: City of Toronto Open Data (Park Washroom Facilities)</desc>
  <link href="https://www.toronto.ca/explore-enjoy/parks-recreation/places-spaces/parks-and-recreation-facilities/location/?id=576"><text>Details</text></link>
  <sym>Restroom</sym>
  <type>Washroom Building</type>
</wpt>
<wpt lat="43.7921793" lon="-79.1468689">
  <name>Adams Park West Fieldhouse Washroom</name>
  <desc>Address: 2 Rozell Rd | Hours: 9 a.m. to 10 p.m. | Where: Located on the pathway west of the splash pad. | Access: yes | Fee: no | Status: open | Source: City of Toronto Open Data (Park Washroom Facilities)</desc>
  <link href="https://www.toronto.ca/explore-enjoy/parks-recreation/places-spaces/parks-and-recreation-facilities/location/?id=522"><text>Details</text></link>
  <sym>Restroom</sym>
  <type>Washroom Building</type>
</wpt>
<wpt lat="43.7344671" lon="-79.2374547">
  <name>McCowan District Park Outdoor Rink Washroom</name>
  <desc>Address: 150 Mccowan Rd | Hours: 9 a.m. to 10 p.m. | Where: Entrance is located on the outside of the outdoor ice rink building. | Access: yes | Fee: no | Status: open | Source: City of Toronto Open Data (Park Washroom Facilities)</desc>
  <link href="https://www.toronto.ca/explore-enjoy/parks-recreation/places-spaces/parks-and-recreation-facilities/location/?id=1500"><text>Details</text></link>
  <sym>Restroom</sym>
  <type>Washroom Building</type>
</wpt>
<wpt lat="43.6244517" lon="-79.3894705">
  <name>Toronto Islands - Hanlan's Point Picnic Area Washroom</name>
  <desc>Address: 9 Queens Quay  W | Where: Located on the pathway east of the picnic areas, south of the Hanlan's Point ferry docks. | Accessible: Accessible Stall, Entrance at Grade, Child Change Table | Access: yes | Fee: no | Status: open | Source: City of Toronto Open Data (Park Washroom Facilities)</desc>
  <link href="https://www.toronto.ca/explore-enjoy/parks-recreation/places-spaces/parks-and-recreation-facilities/location/?id=2541"><text>Details</text></link>
  <sym>Restroom</sym>
  <type>Washroom Building</type>
</wpt>
<wpt lat="43.7476394" lon="-79.2803214">
  <name>McGregor Park Community Centre Washroom</name>
  <desc>Address: 2231 Lawrence Ave  E | Hours: View centre hours | Where: Located in the Community Centre. | Access: yes | Fee: no | Status: open | Source: City of Toronto Open Data (Park Washroom Facilities)</desc>
  <link href="https://www.toronto.ca/explore-enjoy/parks-recreation/places-spaces/parks-and-recreation-facilities/location/?id=506"><text>Details</text></link>
  <sym>Restroom</sym>
  <type>Washroom Building</type>
</wpt>
<wpt lat="43.6761890" lon="-79.3922362">
  <name>Ramsden Park Outdoor Rink Washroom</name>
  <desc>Address: 1020 Yonge St | Hours: 9 a.m. to 10 p.m. | Where: Located at the west end of the outdoor ice rink. | Access: yes | Fee: no | Status: open | Source: City of Toronto Open Data (Park Washroom Facilities)</desc>
  <link href="https://www.toronto.ca/explore-enjoy/parks-recreation/places-spaces/parks-and-recreation-facilities/location/?id=167"><text>Details</text></link>
  <sym>Restroom</sym>
  <type>Washroom Building</type>
</wpt>
<wpt lat="43.7521900" lon="-79.5778917">
  <name>Rowntree Mills Park Washroom</name>
  <desc>Address: 155 Rowntree Mill Rd | Hours: 9 a.m. to 10 p.m. | Where: Located on a pathway between Rowntree Mill Road and the second parking lot. | Accessible: Accessible Stall, Entrance at Grade | Access: yes | Fee: no | Status: open | Source: City of Toronto Open Data (Park Washroom Facilities)</desc>
  <link href="https://www.toronto.ca/explore-enjoy/parks-recreation/places-spaces/parks-and-recreation-facilities/location/?id=22"><text>Details</text></link>
  <sym>Restroom</sym>
  <type>Washroom Building</type>
</wpt>
<wpt lat="43.6495433" lon="-79.4136904">
  <name>Trinity Bellwoods Park North Baseball Diamond Washroom</name>
  <desc>Address: 790 Queen St  W | Hours: 9 a.m. to 10 p.m. | Where: Located on the pathway north of the outdoor ice rink. | Accessible: Accessible Stall, Entrance at Grade, Child Change Table | Access: yes | Fee: no | Status: open | Source: City of Toronto Open Data (Park Washroom Facilities)</desc>
  <link href="https://www.toronto.ca/explore-enjoy/parks-recreation/places-spaces/parks-and-recreation-facilities/location/?id=241"><text>Details</text></link>
  <sym>Restroom</sym>
  <type>Washroom Building</type>
</wpt>
<wpt lat="43.6509887" lon="-79.4044187">
  <name>Alexandra Park Outdoor Pool Washroom</name>
  <desc>Address: 275 Bathurst St | Hours: 9 a.m. to 10 p.m. | Where: Entrance is located on the outside of the outdoor pool building on the southwest side. | Access: yes | Fee: no | Status: closed | Reason: Maintenance/Repairs | Source: City of Toronto Open Data (Park Washroom Facilities)</desc>
  <link href="https://www.toronto.ca/explore-enjoy/parks-recreation/places-spaces/parks-and-recreation-facilities/location/?id=31"><text>Details</text></link>
  <sym>Restroom</sym>
  <type>Washroom Building</type>
</wpt>
<wpt lat="43.6655859" lon="-79.4325708">
  <name>Dovercourt Park Washroom</name>
  <desc>Address: 155 Bartlett Ave | Hours: 9 a.m. to 10 p.m. | Where: Located in the Dovercourt Boys and Girls Club. | Access: yes | Fee: no | Status: closed | Reason: Men's Washroom Closed, Women's Washroom Open | Source: City of Toronto Open Data (Park Washroom Facilities)</desc>
  <link href="https://www.toronto.ca/explore-enjoy/parks-recreation/places-spaces/parks-and-recreation-facilities/location/?id=86"><text>Details</text></link>
  <sym>Restroom</sym>
  <type>Washroom Building</type>
</wpt>
<wpt lat="43.6587228" lon="-79.3088745">
  <name>Ashbridges Bay Park Washroom</name>
  <desc>Address: 1561 Lake Shore Blvd  E | Hours: 9 a.m. to 10 p.m. | Where: Located on the boardwalk near the southern most beach volleyball courts. | Accessible: Entrance at Grade, Child Change Table | Access: yes | Fee: no | Status: open | Source: City of Toronto Open Data (Park Washroom Facilities)</desc>
  <link href="https://www.toronto.ca/explore-enjoy/parks-recreation/places-spaces/parks-and-recreation-facilities/location/?id=1"><text>Details</text></link>
  <sym>Restroom</sym>
  <type>Washroom Building</type>
</wpt>
<wpt lat="43.7296408" lon="-79.2945319">
  <name>Ashtonbee Reservoir Park Washroom</name>
  <desc>Address: 21 Ashtonbee Rd | Hours: 9 a.m. to 10 p.m. | Where: Located next to Ashtonbee Road, between the sports fields and cricket pitch. | Accessible: Entrance at Grade | Access: yes | Fee: no | Status: closed | Reason: Maintenance/Repairs | Source: City of Toronto Open Data (Park Washroom Facilities)</desc>
  <link href="https://www.toronto.ca/explore-enjoy/parks-recreation/places-spaces/parks-and-recreation-facilities/location/?id=202"><text>Details</text></link>
  <sym>Restroom</sym>
  <type>Washroom Building</type>
</wpt>
<wpt lat="43.6918909" lon="-79.3347141">
  <name>Dieppe Park Washroom</name>
  <desc>Address: 455 Cosburn Ave | Hours: 9 a.m. to 10 p.m. | Where: Located on the pathway between the parking lot and the splash pad. | Accessible: Accessible Stall, Entrance at Grade | Access: yes | Fee: no | Status: open | Source: City of Toronto Open Data (Park Washroom Facilities)</desc>
  <link href="https://www.toronto.ca/explore-enjoy/parks-recreation/places-spaces/parks-and-recreation-facilities/location/?id=327"><text>Details</text></link>
  <sym>Restroom</sym>
  <type>Washroom Building</type>
</wpt>
<wpt lat="43.6097540" lon="-79.5297144">
  <name>Connorvale Park - Steve "Whitey" Breitner Clubhouse Washroom</name>
  <desc>Address: 281 Rimilton Ave | Hours: 9 a.m. to 10 p.m. | Where: Located next to the entrance to the parking lot. | Accessible: Accessible Stall, Entrance at Grade | Access: yes | Fee: no | Status: closed | Reason: Maintenance/Repairs | Source: City of Toronto Open Data (Park Washroom Facilities)</desc>
  <link href="https://www.toronto.ca/explore-enjoy/parks-recreation/places-spaces/parks-and-recreation-facilities/location/?id=838"><text>Details</text></link>
  <sym>Restroom</sym>
  <type>Washroom Building</type>
</wpt>
<wpt lat="43.6646436" lon="-79.3197297">
  <name>Jonathan Ashbridge Park Fieldhouse Washroom</name>
  <desc>Address: 1515 Queen St  E | Hours: 9 a.m. to 10 p.m. | Where: Located on the pathway between the wading pool and the tennis courts. | Accessible: Entrance at Grade | Access: yes | Fee: no | Status: open | Source: City of Toronto Open Data (Park Washroom Facilities)</desc>
  <link href="https://www.toronto.ca/explore-enjoy/parks-recreation/places-spaces/parks-and-recreation-facilities/location/?id=67"><text>Details</text></link>
  <sym>Restroom</sym>
  <type>Washroom Building</type>
</wpt>
<wpt lat="43.7521525" lon="-79.4279699">
  <name>Earl Bales Park South Washroom</name>
  <desc>Address: 4169 Bathurst St | Hours: 9 a.m. to 10 p.m. | Where: Located south of the base of the ski hill at the end of a pathway. | Accessible: Accessible Stall, Entrance at Grade, Entrance Access Ramp | Access: yes | Fee: no | Status: open | Source: City of Toronto Open Data (Park Washroom Facilities)</desc>
  <link href="https://www.toronto.ca/explore-enjoy/parks-recreation/places-spaces/parks-and-recreation-facilities/location/?id=337"><text>Details</text></link>
  <sym>Restroom</sym>
  <type>Washroom Building</type>
</wpt>
<wpt lat="43.7864092" lon="-79.2993470">
  <name>Tam O'Shanter Golf Course Washroom</name>
  <desc>Address: 2481 Birchmount Rd | Hours: 9 a.m. to 10 p.m. | Where: Located at east side of the washroom building. | Access: yes | Fee: no | Status: open | Source: City of Toronto Open Data (Park Washroom Facilities)</desc>
  <link href="https://www.toronto.ca/explore-enjoy/parks-recreation/places-spaces/parks-and-recreation-facilities/location/?id=398"><text>Details</text></link>
  <sym>Restroom</sym>
  <type>Washroom Building</type>
</wpt>
<wpt lat="43.6820516" lon="-79.3027758">
  <name>Norwood Park Washroom</name>
  <desc>Address: 16 Norwood Rd | Hours: 9 a.m. to 10 p.m. | Where: Located on the pathway in the southeast corner of the park near Norwood Road. | Accessible: Entrance at Grade | Access: yes | Fee: no | Status: open | Source: City of Toronto Open Data (Park Washroom Facilities)</desc>
  <link href="https://www.toronto.ca/explore-enjoy/parks-recreation/places-spaces/parks-and-recreation-facilities/location/?id=228"><text>Details</text></link>
  <sym>Restroom</sym>
  <type>Washroom Building</type>
</wpt>
<wpt lat="43.7530994" lon="-79.3065500">
  <name>Maryvale Park Outdoor Pool Washroom</name>
  <desc>Address: 5 Trestleside Grove | Hours: 9 a.m. to 10 p.m. | Where: Entrance is located on the outside of the outdoor pool building on the east side of the building. | Access: yes | Fee: no | Status: open | Source: City of Toronto Open Data (Park Washroom Facilities)</desc>
  <link href="https://www.toronto.ca/explore-enjoy/parks-recreation/places-spaces/parks-and-recreation-facilities/location/?id=704"><text>Details</text></link>
  <sym>Restroom</sym>
  <type>Washroom Building</type>
</wpt>
<wpt lat="43.7601775" lon="-79.4360188">
  <name>Hinder Area Washroom</name>
  <desc>Address: 44 Don River Blvd | Hours: 9 a.m. to 10 p.m. | Where: Located on the pathway 350 metres south of the parking lot. | Accessible: Accessible Stall, Entrance at Grade | Access: yes | Fee: no | Status: open | Source: City of Toronto Open Data (Park Washroom Facilities)</desc>
  <link href="https://www.toronto.ca/explore-enjoy/parks-recreation/places-spaces/parks-and-recreation-facilities/location/?id=2264"><text>Details</text></link>
  <sym>Restroom</sym>
  <type>Washroom Building</type>
</wpt>
<wpt lat="43.7673348" lon="-79.4143495">
  <name>Mel Lastman Square Washroom</name>
  <desc>Address: 5100 Yonge St | Hours: View centre hours | Where: Located in the Civic Centre. | Access: yes | Fee: no | Status: closed | Reason: Planned Closure | Source: City of Toronto Open Data (Park Washroom Facilities)</desc>
  <link href="https://www.toronto.ca/explore-enjoy/parks-recreation/places-spaces/parks-and-recreation-facilities/location/?id=956"><text>Details</text></link>
  <sym>Restroom</sym>
  <type>Washroom Building</type>
</wpt>
<wpt lat="43.7720389" lon="-79.3658279">
  <name>East Don Parkland Washroom</name>
  <desc>Address: 1240 Sheppard Ave E | Hours: 9 a.m. to 10 p.m. | Where: Located next to the entrance to the parking lot. | Accessible: Accessible Stall, Child Change Table | Access: yes | Fee: no | Status: closed | Reason: Under Construction | Source: City of Toronto Open Data (Park Washroom Facilities)</desc>
  <link href="https://www.toronto.ca/explore-enjoy/parks-recreation/places-spaces/parks-and-recreation-facilities/location/?id=1460"><text>Details</text></link>
  <sym>Restroom</sym>
  <type>Washroom Building</type>
</wpt>
<wpt lat="43.7315252" lon="-79.6157991">
  <name>Humberline Park Washroom</name>
  <desc>Address: 32 Humberline Dr | Hours: 9 a.m. to 10 p.m. | Where: Located on the pathway next to the playground. | Accessible: Accessible Stall, Entrance at Grade, Automatic Door Opener, Child Change Table, Adult Change Table, Distress Call Button, 1250mm Turning Radius | Access: yes | Fee: no | Status: open | Source: City of Toronto Open Data (Park Washroom Facilities)</desc>
  <link href="https://www.toronto.ca/explore-enjoy/parks-recreation/places-spaces/parks-and-recreation-facilities/location/?id=1508"><text>Details</text></link>
  <sym>Restroom</sym>
  <type>Universal Washroom, All-Gender Washroom, Accessible Washroom</type>
</wpt>
<wpt lat="43.7662024" lon="-79.4080525">
  <name>Willowdale Park North York Tennis Club Washroom</name>
  <desc>Address: 75 Hollywood Ave | Hours: 9 a.m. to 10 p.m. | Where: Located on the east side of the tennis courts. | Access: yes | Fee: no | Status: open | Source: City of Toronto Open Data (Park Washroom Facilities)</desc>
  <link href="https://www.toronto.ca/explore-enjoy/parks-recreation/places-spaces/parks-and-recreation-facilities/location/?id=865"><text>Details</text></link>
  <sym>Restroom</sym>
  <type>Washroom Building</type>
</wpt>
<wpt lat="43.7354259" lon="-79.4959992">
  <name>Downsview Dells Park South Washroom</name>
  <desc>Address: 2515 Jane St | Hours: 9 a.m. to 10 p.m. | Where: Located east of the second parking lot on the south side of the park road. | Accessible: Entrance at Grade | Access: yes | Fee: no | Status: open | Source: City of Toronto Open Data (Park Washroom Facilities)</desc>
  <link href="https://www.toronto.ca/explore-enjoy/parks-recreation/places-spaces/parks-and-recreation-facilities/location/?id=468"><text>Details</text></link>
  <sym>Restroom</sym>
  <type>Washroom Building</type>
</wpt>
<wpt lat="43.7541196" lon="-79.4327540">
  <name>Earl Bales Park Barry Zukerman Amphitheatre Washroom</name>
  <desc>Address: 4169 Bathurst St | Hours: 9 a.m. to 10 p.m. | Where: Located in the amphitheatre. | Access: yes | Fee: no | Status: open | Source: City of Toronto Open Data (Park Washroom Facilities)</desc>
  <link href="https://www.toronto.ca/explore-enjoy/parks-recreation/places-spaces/parks-and-recreation-facilities/location/?id=337"><text>Details</text></link>
  <sym>Restroom</sym>
  <type>Washroom Building</type>
</wpt>
<wpt lat="43.6842077" lon="-79.4947882">
  <name>Eglinton Flats Southeast Sports Pavilion Washroom</name>
  <desc>Address: 101 Emmett Ave | Hours: 9 a.m. to 10 p.m. | Where: Located in the sports pavillion south of the parking lot between the sports fields and the tennis courts. | Accessible: Accessible Stall | Access: yes | Fee: no | Status: open | Source: City of Toronto Open Data (Park Washroom Facilities)</desc>
  <link href="https://www.toronto.ca/explore-enjoy/parks-recreation/places-spaces/parks-and-recreation-facilities/location/?id=9"><text>Details</text></link>
  <sym>Restroom</sym>
  <type>Washroom Building</type>
</wpt>
<wpt lat="43.6340455" lon="-79.3983879">
  <name>Little Norway Park Washroom</name>
  <desc>Address: 659 Queens Quay  W | Hours: 9 a.m. to 7:30 p.m. | Where: Located north of the wading pool. | Accessible: Accessible Stall, Entrance at Grade | Access: yes | Fee: no | Status: open | Source: City of Toronto Open Data (Park Washroom Facilities)</desc>
  <link href="https://www.toronto.ca/explore-enjoy/parks-recreation/places-spaces/parks-and-recreation-facilities/location/?id=128"><text>Details</text></link>
  <sym>Restroom</sym>
  <type>Washroom Building</type>
</wpt>
<wpt lat="43.6378096" lon="-79.4570441">
  <name>Sunnyside Park Pavillion West Washroom</name>
  <desc>Address: 1755 Lake Shore Blvd  W | Hours: 9 a.m. to 10 p.m. | Where: Located at the west end of the Sunnyside Pavillion on the Martin Goodman Trail. | Accessible: Accessible Stall, Entrance at Grade, Automatic Door Opener, Child Change Table | Access: yes | Fee: no | Status: open | Source: City of Toronto Open Data (Park Washroom Facilities)</desc>
  <link href="https://www.toronto.ca/explore-enjoy/parks-recreation/places-spaces/parks-and-recreation-facilities/location/?id=394"><text>Details</text></link>
  <sym>Restroom</sym>
  <type>Washroom Building</type>
</wpt>
<wpt lat="43.6378703" lon="-79.4557265">
  <name>Sunnyside Park Pavillion East Washroom</name>
  <desc>Address: 1755 Lake Shore Blvd  W | Hours: 9 a.m. to 10 p.m. | Where: Located at the east end of the Sunnyside Pavilion on Martin Goodman Trail. | Accessible: Accessible Stall, Entrance at Grade, Automatic Door Opener, Child Change Table | Access: yes | Fee: no | Status: open | Source: City of Toronto Open Data (Park Washroom Facilities)</desc>
  <link href="https://www.toronto.ca/explore-enjoy/parks-recreation/places-spaces/parks-and-recreation-facilities/location/?id=394"><text>Details</text></link>
  <sym>Restroom</sym>
  <type>Washroom Building</type>
</wpt>
<wpt lat="43.8101093" lon="-79.3044108">
  <name>L'Amoreaux North Park Fieldhouse Washroom</name>
  <desc>Address: 1900 Mcnicoll Ave | Hours: 9 a.m. to 10 p.m. | Where: Located on the pathway from the parking lot to the cricket pitch at the north end of the park. | Accessible: Accessible Stall | Access: yes | Fee: no | Status: open | Source: City of Toronto Open Data (Park Washroom Facilities)</desc>
  <link href="https://www.toronto.ca/explore-enjoy/parks-recreation/places-spaces/parks-and-recreation-facilities/location/?id=2472"><text>Details</text></link>
  <sym>Restroom</sym>
  <type>Washroom Building</type>
</wpt>
<wpt lat="43.7832945" lon="-79.3157114">
  <name>Bridlewood Park Washroom</name>
  <desc>Address: 445 Huntingwood Dr | Hours: 9 a.m. to 10 p.m. | Where: Located on the pathway between the playground and the baseball diamond. | Accessible: Accessible Stall | Access: yes | Fee: no | Status: open | Source: City of Toronto Open Data (Park Washroom Facilities)</desc>
  <link href="https://www.toronto.ca/explore-enjoy/parks-recreation/places-spaces/parks-and-recreation-facilities/location/?id=578"><text>Details</text></link>
  <sym>Restroom</sym>
  <type>Washroom Building</type>
</wpt>
<wpt lat="43.6968367" lon="-79.2562706">
  <name>Rosetta McClain Gardens Washroom</name>
  <desc>Address: 5 Glen Everest Rd | Hours: 9 a.m. to 10 p.m. | Where: Located on the pathway next to the parking lot. | Accessible: Child Change Table | Access: yes | Fee: no | Status: open | Source: City of Toronto Open Data (Park Washroom Facilities)</desc>
  <link href="https://www.toronto.ca/explore-enjoy/parks-recreation/places-spaces/parks-and-recreation-facilities/location/?id=19"><text>Details</text></link>
  <sym>Restroom</sym>
  <type>Washroom Building</type>
</wpt>
<wpt lat="43.7472918" lon="-79.2129688">
  <name>Scarborough Village Park Fieldhouse Washroom</name>
  <desc>Address: 23 Gatesview Ave | Hours: 9 a.m. to 10 p.m. | Where: Located at the east end of the parking lot next to the baseball diamond. | Accessible: Entrance at Grade | Access: yes | Fee: no | Status: open | Source: City of Toronto Open Data (Park Washroom Facilities)</desc>
  <link href="https://www.toronto.ca/explore-enjoy/parks-recreation/places-spaces/parks-and-recreation-facilities/location/?id=746"><text>Details</text></link>
  <sym>Restroom</sym>
  <type>Washroom Building</type>
</wpt>
<wpt lat="43.8037502" lon="-79.2308453">
  <name>Major Abbas Ali Park Washroom</name>
  <desc>Address: 180 Mclevin Ave | Hours: 9 a.m. to 10 p.m. | Where: Located inside the Scott Westney House. | Accessible: Accessible Stall | Access: yes | Fee: no | Status: open | Source: City of Toronto Open Data (Park Washroom Facilities)</desc>
  <link href="https://www.toronto.ca/explore-enjoy/parks-recreation/places-spaces/parks-and-recreation-facilities/location/?id=708"><text>Details</text></link>
  <sym>Restroom</sym>
  <type>Washroom Building</type>
</wpt>
<wpt lat="43.8033044" lon="-79.2679759">
  <name>Iroquois Park Fieldhouse Washroom</name>
  <desc>Address: 295 Chartland Blvd  S | Hours: 9 a.m. to 10 p.m. | Where: Located on the pathway between the tennis courts and the baseball diamond. | Accessible: Accessible Stall | Access: yes | Fee: no | Status: open | Source: City of Toronto Open Data (Park Washroom Facilities)</desc>
  <link href="https://www.toronto.ca/explore-enjoy/parks-recreation/places-spaces/parks-and-recreation-facilities/location/?id=686"><text>Details</text></link>
  <sym>Restroom</sym>
  <type>Washroom Building</type>
</wpt>
<wpt lat="43.8135951" lon="-79.2243564">
  <name>Neilson Park Scarborough Washroom</name>
  <desc>Address: 1555 Neilson Rd | Hours: 9 a.m. to 10 p.m. | Where: Located on the pathway between the baseball diamonds, east of the playground. | Accessible: Accessible Stall, Entrance at Grade | Access: yes | Fee: no | Status: open | Source: City of Toronto Open Data (Park Washroom Facilities)</desc>
  <link href="https://www.toronto.ca/explore-enjoy/parks-recreation/places-spaces/parks-and-recreation-facilities/location/?id=792"><text>Details</text></link>
  <sym>Restroom</sym>
  <type>Washroom Building</type>
</wpt>
<wpt lat="43.7045498" lon="-79.4206660">
  <name>Memorial Park Washroom</name>
  <desc>Address: 340 Chaplin Cres | Hours: 9 a.m. to 10 p.m. | Where: Entrance is located on the outside of the Larry Grossman Forest Hill Memorial Arena. | Accessible: Entrance Access Ramp, Automatic Door Opener | Access: yes | Fee: no | Status: open | Source: City of Toronto Open Data (Park Washroom Facilities)</desc>
  <link href="https://www.toronto.ca/explore-enjoy/parks-recreation/places-spaces/parks-and-recreation-facilities/location/?id=131"><text>Details</text></link>
  <sym>Restroom</sym>
  <type>Washroom Building</type>
</wpt>
<wpt lat="43.7336721" lon="-79.2971832">
  <name>Wexford Park Fieldhouse Washroom</name>
  <desc>Address: 55 Elm Bank Rd | Hours: 9 a.m. to 10 p.m. | Where: Located bewteen the parking lot and the playground | Accessible: Entrance at Grade | Access: yes | Fee: no | Status: open | Source: City of Toronto Open Data (Park Washroom Facilities)</desc>
  <link href="https://www.toronto.ca/explore-enjoy/parks-recreation/places-spaces/parks-and-recreation-facilities/location/?id=571"><text>Details</text></link>
  <sym>Restroom</sym>
  <type>Washroom Building</type>
</wpt>
<wpt lat="43.6728928" lon="-79.3456155">
  <name>Withrow Park South Washroom</name>
  <desc>Address: 725 Logan Ave | Hours: 9 a.m. to 10 p.m. | Where: Located south of the sports field. | Access: yes | Fee: no | Status: closed | Reason: Maintenance/Repairs | Source: City of Toronto Open Data (Park Washroom Facilities)</desc>
  <link href="https://www.toronto.ca/explore-enjoy/parks-recreation/places-spaces/parks-and-recreation-facilities/location/?id=306"><text>Details</text></link>
  <sym>Restroom</sym>
  <type>Washroom Building</type>
</wpt>
<wpt lat="43.7207909" lon="-79.3990207">
  <name>Lawrence Park Ravine Tennis Clubhouse Washroom</name>
  <desc>Address: 51 Alexander Muir Rd | Hours: 9 a.m. to 10 p.m. | Where: Located on the pathway at the north side of the tennis courts. | Accessible: Accessible Stall, Entrance at Grade | Access: yes | Fee: no | Status: open | Source: City of Toronto Open Data (Park Washroom Facilities)</desc>
  <link href="https://www.toronto.ca/explore-enjoy/parks-recreation/places-spaces/parks-and-recreation-facilities/location/?id=119"><text>Details</text></link>
  <sym>Restroom</sym>
  <type>Washroom Building</type>
</wpt>
<wpt lat="43.6495795" lon="-79.4659133">
  <name>High Park Sport Field Washroom</name>
  <desc>Address: 1873 Bloor St  W | Hours: 9 a.m. to 10 p.m. | Where: Entrance is located on the outside of the outdoor pool and ice rink building, east of the baseball diamond. | Access: yes | Fee: no | Status: open | Source: City of Toronto Open Data (Park Washroom Facilities)</desc>
  <link href="https://www.toronto.ca/explore-enjoy/parks-recreation/places-spaces/parks-and-recreation-facilities/location/?id=77"><text>Details</text></link>
  <sym>Restroom</sym>
  <type>Washroom Building</type>
</wpt>
<wpt lat="43.7171823" lon="-79.3870515">
  <name>Sherwood Park Washroom</name>
  <desc>Address: 190 Sherwood Ave | Hours: 9 a.m. to 10 p.m. | Where: Located on the east side of the splash pad. | Access: yes | Fee: no | Status: open | Source: City of Toronto Open Data (Park Washroom Facilities)</desc>
  <link href="https://www.toronto.ca/explore-enjoy/parks-recreation/places-spaces/parks-and-recreation-facilities/location/?id=149"><text>Details</text></link>
  <sym>Restroom</sym>
  <type>Washroom Building</type>
</wpt>
<wpt lat="43.6971665" lon="-79.3994790">
  <name>Oriole Park Toronto Washroom</name>
  <desc>Address: 201 Oriole Pkwy | Hours: 9 a.m. to 10 p.m. | Where: Located on the north side of the tennis courts near the playground. | Accessible: Accessible Stall, Entrance at Grade, Entrance Access Ramp, Automatic Door Opener | Access: yes | Fee: no | Status: open | Source: City of Toronto Open Data (Park Washroom Facilities)</desc>
  <link href="https://www.toronto.ca/explore-enjoy/parks-recreation/places-spaces/parks-and-recreation-facilities/location/?id=245"><text>Details</text></link>
  <sym>Restroom</sym>
  <type>Washroom Building</type>
</wpt>
<wpt lat="43.7804696" lon="-79.4554092">
  <name>G. Ross Lord Park Hidden Trail Washroom</name>
  <desc>Address: 4801 Dufferin St | Hours: 9 a.m. to 10 p.m. | Where: Located at the entrance of the park from Hidden Trail. | Access: yes | Fee: no | Status: open | Source: City of Toronto Open Data (Park Washroom Facilities)</desc>
  <link href="https://www.toronto.ca/explore-enjoy/parks-recreation/places-spaces/parks-and-recreation-facilities/location/?id=11"><text>Details</text></link>
  <sym>Restroom</sym>
  <type>Washroom Building</type>
</wpt>
<wpt lat="43.6694405" lon="-79.3286803">
  <name>Greenwood Park Fieldhouse Washroom</name>
  <desc>Address: 150 Greenwood Ave | Hours: 9 a.m. to 10 p.m. | Where: Located in the fieldhouse east of the skate trail, south of the playground. | Access: yes | Fee: no | Status: open | Source: City of Toronto Open Data (Park Washroom Facilities)</desc>
  <link href="https://www.toronto.ca/explore-enjoy/parks-recreation/places-spaces/parks-and-recreation-facilities/location/?id=70"><text>Details</text></link>
  <sym>Restroom</sym>
  <type>Washroom Building</type>
</wpt>
<wpt lat="43.6802459" lon="-79.3299989">
  <name>Felstead Avenue Playground Washroom</name>
  <desc>Address: 60 Felstead Ave | Hours: 9 a.m. to 10 p.m. | Where: Located on the pathway north of the playground. | Accessible: Accessible Stall, Entrance at Grade | Access: yes | Fee: no | Status: open | Source: City of Toronto Open Data (Park Washroom Facilities)</desc>
  <link href="https://www.toronto.ca/explore-enjoy/parks-recreation/places-spaces/parks-and-recreation-facilities/location/?id=129"><text>Details</text></link>
  <sym>Restroom</sym>
  <type>Washroom Building</type>
</wpt>
<wpt lat="43.6639727" lon="-79.4529504">
  <name>Perth Square Park Washroom</name>
  <desc>Address: 350 Perth Ave | Hours: 9 a.m. to 10 p.m. | Where: Located on the pathway west of the playground. | Accessible: Accessible Stall, Entrance at Grade | Access: yes | Fee: no | Status: open | Source: City of Toronto Open Data (Park Washroom Facilities)</desc>
  <link href="https://www.toronto.ca/explore-enjoy/parks-recreation/places-spaces/parks-and-recreation-facilities/location/?id=284"><text>Details</text></link>
  <sym>Restroom</sym>
  <type>Washroom Building</type>
</wpt>
<wpt lat="43.6748271" lon="-79.4976267">
  <name>Smythe Park Outdoor Pool Washroom</name>
  <desc>Address: 61 Black Creek Blvd | Hours: View outdoor pool hours | Where: Located at the east end of the park between the parking lot and the outdoor pool. | Access: yes | Fee: no | Status: open | Source: City of Toronto Open Data (Park Washroom Facilities)</desc>
  <link href="https://www.toronto.ca/explore-enjoy/parks-recreation/places-spaces/parks-and-recreation-facilities/location/?id=504"><text>Details</text></link>
  <sym>Restroom</sym>
  <type>Washroom Building</type>
</wpt>
<wpt lat="43.6856188" lon="-79.5038440">
  <name>Eglinton Flats Northwest Sports Pavilion Washroom</name>
  <desc>Address: 101 Emmett Ave | Hours: 9 a.m. to 10 p.m. | Where: Located in the sports pavillion west of the sports fields. | Accessible: Accessible Stall, Entrance at Grade | Access: yes | Fee: no | Status: open | Source: City of Toronto Open Data (Park Washroom Facilities)</desc>
  <link href="https://www.toronto.ca/explore-enjoy/parks-recreation/places-spaces/parks-and-recreation-facilities/location/?id=9"><text>Details</text></link>
  <sym>Restroom</sym>
  <type>Washroom Building</type>
</wpt>
<wpt lat="43.6264348" lon="-79.5063269">
  <name>Queensway Outdoor Rink Washroom</name>
  <desc>Address: 1 Third St | Hours: 9 a.m. to 10 p.m. | Where: Entrance is located on the outside of the outdoor ice rink building. | Access: yes | Fee: no | Status: open | Source: City of Toronto Open Data (Park Washroom Facilities)</desc>
  <link href="https://www.toronto.ca/explore-enjoy/parks-recreation/places-spaces/parks-and-recreation-facilities/location/?id=817"><text>Details</text></link>
  <sym>Restroom</sym>
  <type>Washroom Building</type>
</wpt>
<wpt lat="43.6441704" lon="-79.4737939">
  <name>Rennie Park David H. Williams Washroom</name>
  <desc>Address: 1 Rennie Terr | Hours: 9 a.m. to 10 p.m. | Where: Located in the rink building west of the outdoor ice rink. | Access: yes | Fee: no | Status: open | Source: City of Toronto Open Data (Park Washroom Facilities)</desc>
  <link href="https://www.toronto.ca/explore-enjoy/parks-recreation/places-spaces/parks-and-recreation-facilities/location/?id=181"><text>Details</text></link>
  <sym>Restroom</sym>
  <type>Washroom Building</type>
</wpt>
<wpt lat="43.6528210" lon="-79.4928571">
  <name>Etienne Brule Park Washroom</name>
  <desc>Address: 13 Crosby Ave | Hours: 9 a.m. to 10 p.m. | Where: Located 250 metres northwest of the Catherine Street entrance next to the trail. | Access: yes | Fee: no | Status: open | Source: City of Toronto Open Data (Park Washroom Facilities)</desc>
  <link href="https://www.toronto.ca/explore-enjoy/parks-recreation/places-spaces/parks-and-recreation-facilities/location/?id=10"><text>Details</text></link>
  <sym>Restroom</sym>
  <type>Washroom Building</type>
</wpt>
<wpt lat="43.7288254" lon="-79.3918778">
  <name>Wanless Park Fieldhouse Washroom</name>
  <desc>Address: 250 Wanless Ave | Hours: 9 a.m. to 10 p.m. | Where: Located on the pathway west of the baseball diamond. | Accessible: Accessible Stall, Entrance at Grade, Entrance Access Ramp, Child Change Table | Access: yes | Fee: no | Status: open | Source: City of Toronto Open Data (Park Washroom Facilities)</desc>
  <link href="https://www.toronto.ca/explore-enjoy/parks-recreation/places-spaces/parks-and-recreation-facilities/location/?id=265"><text>Details</text></link>
  <sym>Restroom</sym>
  <type>Washroom Building</type>
</wpt>
<wpt lat="43.7458692" lon="-79.3523145">
  <name>Bond Park Sport Centre Washroom</name>
  <desc>Address: 120 Bond Ave | Hours: 9 a.m. to 10 p.m. | Where: Located on the pathway between the southern baseball diamonds. | Accessible: Entrance at Grade | Access: yes | Fee: no | Status: open | Source: City of Toronto Open Data (Park Washroom Facilities)</desc>
  <link href="https://www.toronto.ca/explore-enjoy/parks-recreation/places-spaces/parks-and-recreation-facilities/location/?id=465"><text>Details</text></link>
  <sym>Restroom</sym>
  <type>Washroom Building</type>
</wpt>
<wpt lat="43.6608381" lon="-79.5575520">
  <name>West Deane Park Washroom</name>
  <desc>Address: 19 Sedgebrook Cres | Hours: 9 a.m. to 10 p.m. | Where: Located on the pathway south of the parking lot, near the playground. | Accessible: Entrance at Grade, Child Change Table | Access: yes | Fee: no | Status: open | Source: City of Toronto Open Data (Park Washroom Facilities)</desc>
  <link href="https://www.toronto.ca/explore-enjoy/parks-recreation/places-spaces/parks-and-recreation-facilities/location/?id=873"><text>Details</text></link>
  <sym>Restroom</sym>
  <type>Washroom Building</type>
</wpt>
<wpt lat="43.6314659" lon="-79.5773215">
  <name>Millwood Park Washroom</name>
  <desc>Address: 4370 Bloor St  W | Hours: 9 a.m. to 10 p.m. | Where: Located on the pathway south of the playground and next to the northern baseball field. | Accessible: Accessible Stall, Entrance at Grade | Access: yes | Fee: no | Status: open | Source: City of Toronto Open Data (Park Washroom Facilities)</desc>
  <link href="https://www.toronto.ca/explore-enjoy/parks-recreation/places-spaces/parks-and-recreation-facilities/location/?id=853"><text>Details</text></link>
  <sym>Restroom</sym>
  <type>Washroom Building</type>
</wpt>
<wpt lat="43.6571140" lon="-79.5737926">
  <name>Wellesworth Park Washroom</name>
  <desc>Address: 55 Dixfield Dr | Hours: 9 a.m. to 10 p.m. | Where: Located in the grassy area north of the playground. | Accessible: Accessible Stall | Access: yes | Fee: no | Status: open | Source: City of Toronto Open Data (Park Washroom Facilities)</desc>
  <link href="https://www.toronto.ca/explore-enjoy/parks-recreation/places-spaces/parks-and-recreation-facilities/location/?id=872"><text>Details</text></link>
  <sym>Restroom</sym>
  <type>Washroom Building</type>
</wpt>
<wpt lat="43.7082616" lon="-79.4054991">
  <name>Eglinton Park Washroom</name>
  <desc>Address: 200 Eglinton Ave  W | Hours: 9 a.m. to 10 p.m. | Where: Located in the centre of the park south of the sports fields. | Access: yes | Fee: no | Status: open | Source: City of Toronto Open Data (Park Washroom Facilities)</desc>
  <link href="https://www.toronto.ca/explore-enjoy/parks-recreation/places-spaces/parks-and-recreation-facilities/location/?id=117"><text>Details</text></link>
  <sym>Restroom</sym>
  <type>Washroom Building</type>
</wpt>
<wpt lat="43.7006984" lon="-79.3004349">
  <name>George Webster Park Washroom</name>
  <desc>Address: 30 Chapman Ave | Hours: 9 a.m. to 10 p.m. | Where: Located at the south end of the park next to the splash pad. | Accessible: Entrance Access Ramp | Access: yes | Fee: no | Status: open | Source: City of Toronto Open Data (Park Washroom Facilities)</desc>
  <link href="https://www.toronto.ca/explore-enjoy/parks-recreation/places-spaces/parks-and-recreation-facilities/location/?id=426"><text>Details</text></link>
  <sym>Restroom</sym>
  <type>Washroom Building</type>
</wpt>
<wpt lat="43.6043695" lon="-79.5568123">
  <name>Etobicoke Valley Park Washroom</name>
  <desc>Address: 615 Horner Ave | Hours: 9 a.m. to 10 p.m. | Where: Located on the pathway south of the stairs up to the parking lot. | Accessible: Accessible Stall | Access: yes | Fee: no | Status: open | Source: City of Toronto Open Data (Park Washroom Facilities)</desc>
  <link href="https://www.toronto.ca/explore-enjoy/parks-recreation/places-spaces/parks-and-recreation-facilities/location/?id=842"><text>Details</text></link>
  <sym>Restroom</sym>
  <type>Washroom Building</type>
</wpt>
<wpt lat="43.6627463" lon="-79.3079182">
  <name>Woodbine Bathing Station Washroom</name>
  <desc>Address: 1675 Lake Shore Blvd  E | Hours: 9 a.m. to 10 p.m. | Where: Located at the eastern end of the lot south of the boardwalk. | Access: yes | Fee: no | Status: open | Source: City of Toronto Open Data (Park Washroom Facilities)</desc>
  <link href="https://www.toronto.ca/explore-enjoy/parks-recreation/places-spaces/parks-and-recreation-facilities/location/?id=311"><text>Details</text></link>
  <sym>Restroom</sym>
  <type>Washroom Building</type>
</wpt>
<wpt lat="43.7833757" lon="-79.3294327">
  <name>Clydesdale Park Tennis Clubhouse Universal Washroom</name>
  <desc>Address: 116 Clydesdale Dr | Hours: 9 a.m. - 10 p.m. | Where: Located on the east side of the tennis club building | Access: yes | Fee: no | Status: open | Source: City of Toronto Open Data (Park Washroom Facilities)</desc>
  <link href="https://www.toronto.ca/explore-enjoy/parks-recreation/places-spaces/parks-and-recreation-facilities/location/?id=494"><text>Details</text></link>
  <sym>Restroom</sym>
  <type>Universal Washroom, All-Gender Washroom, Accessible Washroom</type>
</wpt>
<wpt lat="43.7341768" lon="-79.4774548">
  <name>Stanley Greene Park Pavilion Washroom</name>
  <desc>Address: 55 Stanley Greene Blvd. | Hours: 9 a.m. to 10 p.m. | Where: Located next to the splash pad and playground. | Accessible: Entrance at Grade, Powered Door Opener | Access: yes | Fee: no | Status: open | Source: City of Toronto Open Data (Park Washroom Facilities)</desc>
  <link href="https://www.toronto.ca/explore-enjoy/parks-recreation/places-spaces/parks-and-recreation-facilities/location/?id=3693"><text>Details</text></link>
  <sym>Restroom</sym>
  <type>All-Gender Washroom, Accessible Washroom</type>
</wpt>
<wpt lat="43.6207411" lon="-79.3652907">
  <name>Toronto Islands - Ward's Island Chippewa House Washroom</name>
  <desc>Address: 1 Centre Island Park | Where: Located at the south west corner of Chippawa and Cibola Avenues. | Accessible: Accessible Stall, Entrance at Grade | Access: yes | Fee: no | Status: open | Source: City of Toronto Open Data (Park Washroom Facilities)</desc>
  <link href="https://www.toronto.ca/explore-enjoy/parks-recreation/places-spaces/parks-and-recreation-facilities/location/?id=2039"><text>Details</text></link>
  <sym>Restroom</sym>
  <type>Washroom Building</type>
</wpt>
<wpt lat="43.6570529" lon="-79.4321957">
  <name>Dufferin Grove Sports Field Washroom</name>
  <desc>Address: 875 Dufferin St | Hours: 9 a.m. to 10 p.m. | Where: Located in the grassy area west of the sports field. | Accessible: Accessible Stall, Entrance at Grade | Access: yes | Fee: no | Status: open | Source: City of Toronto Open Data (Park Washroom Facilities)</desc>
  <link href="https://www.toronto.ca/explore-enjoy/parks-recreation/places-spaces/parks-and-recreation-facilities/location/?id=87"><text>Details</text></link>
  <sym>Restroom</sym>
  <type>Washroom Building</type>
</wpt>
<wpt lat="43.6649652" lon="-79.3047117">
  <name>Donald D. Summerville Olympic Outdoor Pool Washroom</name>
  <desc>Address: 1867 Lake Shore Blvd  E | Hours: 9 a.m. to 10 p.m. | Where: Entrance is located on the outside of the outdoor pool building on the south side of the building. | Accessible: Entrance at Grade, Child Change Table | Access: yes | Fee: no | Status: open | Source: City of Toronto Open Data (Park Washroom Facilities)</desc>
  <link href="https://www.toronto.ca/explore-enjoy/parks-recreation/places-spaces/parks-and-recreation-facilities/location/?id=437"><text>Details</text></link>
  <sym>Restroom</sym>
  <type>Washroom Building</type>
</wpt>
<wpt lat="43.6832752" lon="-79.3792119">
  <name>Rosedale Park Washroom</name>
  <desc>Address: 20 Scholfield Ave | Hours: View outdoor rink hours | Where: Located in the rink building west of the outdoor ice rink. | Access: yes | Fee: no | Status: open | Source: City of Toronto Open Data (Park Washroom Facilities)</desc>
  <link href="https://www.toronto.ca/explore-enjoy/parks-recreation/places-spaces/parks-and-recreation-facilities/location/?id=210"><text>Details</text></link>
  <sym>Restroom</sym>
  <type>Washroom Building</type>
</wpt>
<wpt lat="43.7074885" lon="-79.4372116">
  <name>Viewmount Community Centre Washroom</name>
  <desc>Address: 169 Viewmount Ave | Hours: View centre hours | Where: Entrance is located on the outside of the Community Centre. | Access: yes | Fee: no | Status: open | Source: City of Toronto Open Data (Park Washroom Facilities)</desc>
  <link href="https://www.toronto.ca/explore-enjoy/parks-recreation/places-spaces/parks-and-recreation-facilities/location/?id=772"><text>Details</text></link>
  <sym>Restroom</sym>
  <type>Washroom Building</type>
</wpt>
<wpt lat="43.6370211" lon="-79.4492955">
  <name>Budapest Park Washroom</name>
  <desc>Address: 1575 Lake Shore Blvd  W | Hours: 9 a.m. to 10 p.m. | Where: Located at the east end of the parking lot. | Access: yes | Fee: no | Status: open | Source: City of Toronto Open Data (Park Washroom Facilities)</desc>
  <link href="https://www.toronto.ca/explore-enjoy/parks-recreation/places-spaces/parks-and-recreation-facilities/location/?id=335"><text>Details</text></link>
  <sym>Restroom</sym>
  <type>Washroom Building</type>
</wpt>
<wpt lat="43.6223126" lon="-79.3790743">
  <name>Toronto Islands - Ferry Dock Washroom</name>
  <desc>Address: 9 Queens Quay  W | Where: Located at the west side of the ferry dock plaza. | Accessible: Accessible Stall, Entrance at Grade, Child Change Table | Access: yes | Fee: no | Status: open | Source: City of Toronto Open Data (Park Washroom Facilities)</desc>
  <link href="https://www.toronto.ca/explore-enjoy/parks-recreation/places-spaces/parks-and-recreation-facilities/location/?id=2024"><text>Details</text></link>
  <sym>Restroom</sym>
  <type>Washroom Building</type>
</wpt>
<wpt lat="43.7792385" lon="-79.4622231">
  <name>G. Ross Lord Park Sport Pavillion Washroom</name>
  <desc>Address: 4801 Dufferin St | Hours: 9 a.m. to 10 p.m. | Where: Located in the sports pavilion east of main parking lot. | Access: yes | Fee: no | Status: open | Source: City of Toronto Open Data (Park Washroom Facilities)</desc>
  <link href="https://www.toronto.ca/explore-enjoy/parks-recreation/places-spaces/parks-and-recreation-facilities/location/?id=11"><text>Details</text></link>
  <sym>Restroom</sym>
  <type>Washroom Building</type>
</wpt>
<wpt lat="43.7212874" lon="-79.4095082">
  <name>Otter Creek Centre Outdoor Rink Washroom</name>
  <desc>Address: 140 Cheritan Ave | Hours: View outdoor rink hours | Where: Located in the rink building east of the outdoor ice rink. | Access: yes | Fee: no | Status: closed | Reason: Closed for the Season | Source: City of Toronto Open Data (Park Washroom Facilities)</desc>
  <link href="https://www.toronto.ca/explore-enjoy/parks-recreation/places-spaces/parks-and-recreation-facilities/location/?id=251"><text>Details</text></link>
  <sym>Restroom</sym>
  <type>Washroom Building</type>
</wpt>
<wpt lat="43.7014217" lon="-79.3860040">
  <name>Hodgson Public School Grounds Outdoor Rink Washroom</name>
  <desc>Address: 276 Davisville Ave | Hours: View outdoor rink hours | Where: Located on the north side on the outdoor ice rink. | Access: yes | Fee: no | Status: closed | Reason: Closed for the Season | Source: City of Toronto Open Data (Park Washroom Facilities)</desc>
  <link href="https://www.toronto.ca/explore-enjoy/parks-recreation/places-spaces/parks-and-recreation-facilities/location/?id=1220"><text>Details</text></link>
  <sym>Restroom</sym>
  <type>Washroom Building</type>
</wpt>
<wpt lat="43.6677275" lon="-79.3555058">
  <name>Riverdale Park East Fieldhouse Washroom</name>
  <desc>Address: 550 Broadview Ave | Hours: 9 a.m. to 10 p.m. | Where: Located in the fieldhouse at the south end of the park. | Accessible: Entrance at Grade | Access: yes | Fee: no | Status: open | Source: City of Toronto Open Data (Park Washroom Facilities)</desc>
  <link href="https://www.toronto.ca/explore-enjoy/parks-recreation/places-spaces/parks-and-recreation-facilities/location/?id=343"><text>Details</text></link>
  <sym>Restroom</sym>
  <type>Washroom Building</type>
</wpt>
<wpt lat="43.5987886" lon="-79.4992663">
  <name>Prince of Wales Outdoor Rink Washroom</name>
  <desc>Address: 1 Third St | Hours: View outdoor rink hours | Where: Located on the west side of the ice outdoor rink. | Access: yes | Fee: no | Status: closed | Reason: Closed for the Season | Source: City of Toronto Open Data (Park Washroom Facilities)</desc>
  <link href="https://www.toronto.ca/explore-enjoy/parks-recreation/places-spaces/parks-and-recreation-facilities/location/?id=819"><text>Details</text></link>
  <sym>Restroom</sym>
  <type>Washroom Building</type>
</wpt>
<wpt lat="43.6641904" lon="-79.5249163">
  <name>Humber Valley Outdoor Rink Washroom</name>
  <desc>Address: 50 Anglesey Blvd | Hours: View outdoor rink hours | Where: Located in the outdoor rink building. | Access: yes | Fee: no | Status: closed | Reason: Closed for the Season | Source: City of Toronto Open Data (Park Washroom Facilities)</desc>
  <link href="https://www.toronto.ca/explore-enjoy/parks-recreation/places-spaces/parks-and-recreation-facilities/location/?id=816"><text>Details</text></link>
  <sym>Restroom</sym>
  <type>Washroom Building</type>
</wpt>
<wpt lat="43.6024034" lon="-79.5474595">
  <name>Sir Adam Beck Park Outdoor Rink Washroom</name>
  <desc>Address: 55 Eltham Dr | Hours: View outdoor rink hours | Where: Located in the rink building next to the outdoor ice rink. | Access: yes | Fee: no | Status: closed | Reason: Closed for the Season | Source: City of Toronto Open Data (Park Washroom Facilities)</desc>
  <link href="https://www.toronto.ca/explore-enjoy/parks-recreation/places-spaces/parks-and-recreation-facilities/location/?id=814"><text>Details</text></link>
  <sym>Restroom</sym>
  <type>Washroom Building</type>
</wpt>
<wpt lat="43.6635821" lon="-79.5590244">
  <name>West Deane Park Outdoor Rink Washroom</name>
  <desc>Address: 19 Sedgebrook Cres | Hours: View outdoor rink hours | Where: Located in the outdoor rink building. | Access: yes | Fee: no | Status: closed | Reason: Closed for the Season | Source: City of Toronto Open Data (Park Washroom Facilities)</desc>
  <link href="https://www.toronto.ca/explore-enjoy/parks-recreation/places-spaces/parks-and-recreation-facilities/location/?id=873"><text>Details</text></link>
  <sym>Restroom</sym>
  <type>Washroom Building</type>
</wpt>
<wpt lat="43.7244593" lon="-79.5779207">
  <name>Sunnydale Acres Park Outdoor Rink Washroom</name>
  <desc>Address: 50 Amoro Dr | Hours: View outdoor rink hours | Where: Located in the outdoor ice rink building. | Access: yes | Fee: no | Status: closed | Reason: Closed for the Season | Source: City of Toronto Open Data (Park Washroom Facilities)</desc>
  <link href="https://www.toronto.ca/explore-enjoy/parks-recreation/places-spaces/parks-and-recreation-facilities/location/?id=809"><text>Details</text></link>
  <sym>Restroom</sym>
  <type>Washroom Building</type>
</wpt>
<wpt lat="43.6946617" lon="-79.5343866">
  <name>Valleyfield Park Outdoor Rink Washroom</name>
  <desc>Address: 35 The Westway | Hours: View outdoor rink hours | Where: Located in the rink building next to the ice rink. | Access: yes | Fee: no | Status: closed | Reason: Closed for the Season | Source: City of Toronto Open Data (Park Washroom Facilities)</desc>
  <link href="https://www.toronto.ca/explore-enjoy/parks-recreation/places-spaces/parks-and-recreation-facilities/location/?id=812"><text>Details</text></link>
  <sym>Restroom</sym>
  <type>Washroom Building</type>
</wpt>
<wpt lat="43.6445346" lon="-79.5475486">
  <name>Wedgewood Park Outdoor Rink Washroom</name>
  <desc>Address: 15 Swan Ave | Hours: View outdoor rink hours | Where: Located in the rink building next to the outdoor ice rink. | Access: yes | Fee: no | Status: closed | Reason: Closed for the Season | Source: City of Toronto Open Data (Park Washroom Facilities)</desc>
  <link href="https://www.toronto.ca/explore-enjoy/parks-recreation/places-spaces/parks-and-recreation-facilities/location/?id=773"><text>Details</text></link>
  <sym>Restroom</sym>
  <type>Washroom Building</type>
</wpt>
<wpt lat="43.6462590" lon="-79.4148812">
  <name>Trinity Community Recreation Centre Washroom</name>
  <desc>Address: 155 Crawford St | Hours: View centre hours | Where: Located in the Community Centre. | Accessible: Entrance at Grade, Powered Door Opener, Child Change Table | Access: yes | Fee: no | Status: open | Source: City of Toronto Open Data (Park Washroom Facilities)</desc>
  <link href="https://www.toronto.ca/explore-enjoy/parks-recreation/places-spaces/parks-and-recreation-facilities/location/?id=287"><text>Details</text></link>
  <sym>Restroom</sym>
  <type>All-Gender Washroom, Accessible Washroom</type>
</wpt>
<wpt lat="43.6842887" lon="-79.4084017">
  <name>Sir Winston Churchill Park Washroom</name>
  <desc>Address: 301 St. Clair Ave  W | Hours: 9 a.m. to 10 p.m. | Where: Located in the clubhouse/washroom building. | Access: yes | Fee: no | Status: open | Source: City of Toronto Open Data (Park Washroom Facilities)</desc>
  <link href="https://www.toronto.ca/explore-enjoy/parks-recreation/places-spaces/parks-and-recreation-facilities/location/?id=200"><text>Details</text></link>
  <sym>Restroom</sym>
  <type>Washroom Building</type>
</wpt>
<wpt lat="43.6725183" lon="-79.3570177">
  <name>Riverdale Park East Outdoor Rink / Pool Washroom</name>
  <desc>Address: 550 Broadview Ave | Hours: View facility hours | Where: Located in the outdoor pool and rink building. | Access: yes | Fee: no | Status: open | Source: City of Toronto Open Data (Park Washroom Facilities)</desc>
  <link href="https://www.toronto.ca/explore-enjoy/parks-recreation/places-spaces/parks-and-recreation-facilities/location/?id=343"><text>Details</text></link>
  <sym>Restroom</sym>
  <type>Washroom Building</type>
</wpt>
<wpt lat="43.6402703" lon="-79.3753842">
  <name>Jack Layton Ferry Terminal Washroom</name>
  <desc>Address: 25 Queens Quay W | Hours: 6:30 a.m. to 11:30 p.m. | Where: Located in the main building on the west side of the Ferry Terminal entrance, accessed after ferry ticket purchase. | Accessible: Accessible Stall, Entrance at Grade | Access: yes | Fee: no | Status: open | Source: City of Toronto Open Data (Park Washroom Facilities)</desc>
  <link href="https://www.toronto.ca/explore-enjoy/parks-recreation/places-spaces/parks-and-recreation-facilities/location/?id=3789"><text>Details</text></link>
  <sym>Restroom</sym>
  <type>Washroom Building</type>
</wpt>
<wpt lat="43.7341065" lon="-79.3593618">
  <name>Edwards Gardens Washroom</name>
  <desc>Address: 755 Lawrence Ave  E | Hours: 9 a.m. to 10 p.m. | Where: Located at the back of the outdoor café building. | Access: yes | Fee: no | Status: open | Source: City of Toronto Open Data (Park Washroom Facilities)</desc>
  <link href="https://www.toronto.ca/explore-enjoy/parks-recreation/places-spaces/parks-and-recreation-facilities/location/?id=473"><text>Details</text></link>
  <sym>Restroom</sym>
  <type>Washroom Building</type>
</wpt>
<wpt lat="43.6884532" lon="-79.5421330">
  <name>Westway Outdoor Rink Washroom</name>
  <desc>Address: 175 The Westway | Hours: View outdoor rink hours | Where: Located in the rink building next to the outdoor ice rink. | Access: yes | Fee: no | Status: open | Source: City of Toronto Open Data (Park Washroom Facilities)</desc>
  <link href="https://www.toronto.ca/explore-enjoy/parks-recreation/places-spaces/parks-and-recreation-facilities/location/?id=804"><text>Details</text></link>
  <sym>Restroom</sym>
  <type>Washroom Building</type>
</wpt>
<wpt lat="43.6415386" lon="-79.5662726">
  <name>West Mall Outdoor Rink Washroom</name>
  <desc>Address: 370 The West Mall | Hours: View outdoor rink hours | Where: Located in the rink building next to the outdoor ice rink. | Access: yes | Fee: no | Status: open | Source: City of Toronto Open Data (Park Washroom Facilities)</desc>
  <link href="https://www.toronto.ca/explore-enjoy/parks-recreation/places-spaces/parks-and-recreation-facilities/location/?id=2642"><text>Details</text></link>
  <sym>Restroom</sym>
  <type>Washroom Building</type>
</wpt>
<wpt lat="43.7527207" lon="-79.6047394">
  <name>Royal Crest Park Outdoor Rink Washroom</name>
  <desc>Address: 50 Cabernet Cir | Hours: View outdoor rink hours | Where: Located in the outdoor ice rink building. | Access: yes | Fee: no | Status: closed | Reason: Maintenance/Repairs | Source: City of Toronto Open Data (Park Washroom Facilities)</desc>
  <link href="https://www.toronto.ca/explore-enjoy/parks-recreation/places-spaces/parks-and-recreation-facilities/location/?id=878"><text>Details</text></link>
  <sym>Restroom</sym>
  <type>Washroom Building</type>
</wpt>
<wpt lat="43.6835362" lon="-79.5001359">
  <name>Scarlett Woods Golf Course Washroom</name>
  <desc>Address: 1000 Jane St | Hours: 9 a.m. to 10 p.m. | Where: Located on the south side of clubhouse building. | Access: yes | Fee: no | Status: open | Source: City of Toronto Open Data (Park Washroom Facilities)</desc>
  <link href="https://www.toronto.ca/explore-enjoy/parks-recreation/places-spaces/parks-and-recreation-facilities/location/?id=401"><text>Details</text></link>
  <sym>Restroom</sym>
  <type>Washroom Building</type>
</wpt>
<wpt lat="43.6835920" lon="-79.2806433">
  <name>Blantyre Park Outdoor Pool Washroom</name>
  <desc>Address: 180 Fallingbrook Rd | Hours: View outdoor pool hours | Where: Located in the pool building south of the outdoor pool. | Access: yes | Fee: no | Status: closed | Reason: Under Construction | Source: City of Toronto Open Data (Park Washroom Facilities)</desc>
  <link href="https://www.toronto.ca/explore-enjoy/parks-recreation/places-spaces/parks-and-recreation-facilities/location/?id=557"><text>Details</text></link>
  <sym>Restroom</sym>
  <type>Washroom Building</type>
</wpt>
<wpt lat="43.6463393" lon="-79.3611986">
  <name>East Bayfront Community Recreation Centre Washrooms</name>
  <desc>Address: 261 Queens Quay East | Hours: View centre hours | Where: Located in the Community Centre | Accessible: Accessible Stall, Entrance at Grade, Adult Change Table, Automatic Door Opener | Access: yes | Fee: no | Status: open | Source: City of Toronto Open Data (Park Washroom Facilities)</desc>
  <link href="https://www.toronto.ca/explore-enjoy/parks-recreation/places-spaces/parks-and-recreation-facilities/location/?id=3857"><text>Details</text></link>
  <sym>Restroom</sym>
  <type>Universal Washroom, All-Gender Washroom, Accessible Washroom</type>
</wpt>
<wpt lat="43.6606795" lon="-79.5618771">
  <name>West Deane Park Outdoor Pool Washroom</name>
  <desc>Address: 19 Sedgebrook Cres | Hours: View outdoor pool hours | Where: Located on the west side of the pool on the pathway from Sedgebrook Crescent. | Access: yes | Fee: no | Status: closed | Reason: Closed for the Season | Source: City of Toronto Open Data (Park Washroom Facilities)</desc>
  <link href="https://www.toronto.ca/explore-enjoy/parks-recreation/places-spaces/parks-and-recreation-facilities/location/?id=873"><text>Details</text></link>
  <sym>Restroom</sym>
  <type>Washroom Building</type>
</wpt>
<wpt lat="43.6871713" lon="-79.5188492">
  <name>Westmount Park Outdoor Pool Washroom</name>
  <desc>Address: 22 Arcade Dr | Hours: View outdoor pool hours | Where: Located on the pathway south of the tennis courts. | Access: yes | Fee: no | Status: closed | Reason: Closed for the Season | Source: City of Toronto Open Data (Park Washroom Facilities)</desc>
  <link href="https://www.toronto.ca/explore-enjoy/parks-recreation/places-spaces/parks-and-recreation-facilities/location/?id=888"><text>Details</text></link>
  <sym>Restroom</sym>
  <type>Washroom Building</type>
</wpt>
<wpt lat="43.6980830" lon="-79.5184559">
  <name>Weston Lions Park Outdoor Pool Washroom</name>
  <desc>Address: 2125 Lawrence Ave  W | Hours: View outdoor pool hours | Where: Located at the south end of the parking lot. | Access: yes | Fee: no | Status: closed | Reason: Closed for the Season | Source: City of Toronto Open Data (Park Washroom Facilities)</desc>
  <link href="https://www.toronto.ca/explore-enjoy/parks-recreation/places-spaces/parks-and-recreation-facilities/location/?id=508"><text>Details</text></link>
  <sym>Restroom</sym>
  <type>Washroom Building</type>
</wpt>
<wpt lat="43.7677027" lon="-79.3720392">
  <name>Ethennonnhawahstihnen Park Outdoor Rink Washroom</name>
  <desc>Address: 80 Mcmahon Dr  E | Hours: 9 a.m. to 10 p.m. | Where: Located next to the changeroom in the skating pavilion. | Accessible: Powered Door Opener, Entrance at Grade, Distress Call Button, Child Change Table | Access: yes | Fee: no | Status: open | Source: City of Toronto Open Data (Park Washroom Facilities)</desc>
  <link href="https://www.toronto.ca/explore-enjoy/parks-recreation/places-spaces/parks-and-recreation-facilities/location/?id=2597"><text>Details</text></link>
  <sym>Restroom</sym>
  <type>All-Gender Washroom, Accessible Washroom</type>
</wpt>
<wpt lat="43.6679040" lon="-79.3395837">
  <name>Matty Eckler Recreation Centre Washroom</name>
  <desc>Address: 953 Gerrard St  E | Hours: View centre hours | Where: Located in the Community Centre. | Access: yes | Fee: no | Status: open | Source: City of Toronto Open Data (Park Washroom Facilities)</desc>
  <link href="https://www.toronto.ca/explore-enjoy/parks-recreation/places-spaces/parks-and-recreation-facilities/location/?id=234"><text>Details</text></link>
  <sym>Restroom</sym>
  <type>Washroom Building</type>
</wpt>
<wpt lat="43.5935244" lon="-79.5153437">
  <name>Power House Recreation Centre Washroom</name>
  <desc>Address: 65 Colonel Samuel Smith Park Dr | Hours: View outdoor rink hours | Where: Located in the Community Centre. | Access: yes | Fee: no | Status: open | Source: City of Toronto Open Data (Park Washroom Facilities)</desc>
  <link href="https://www.toronto.ca/explore-enjoy/parks-recreation/places-spaces/parks-and-recreation-facilities/location/?id=1429"><text>Details</text></link>
  <sym>Restroom</sym>
  <type>Washroom Building</type>
</wpt>
<wpt lat="43.6531232" lon="-79.4418055">
  <name>MacGregor Playground Washroom</name>
  <desc>Address: 346 Lansdowne Ave | Hours: 9 a.m. to 10 p.m. | Where: Located in the fieldhouse. | Access: yes | Fee: no | Status: closed | Reason: Maintenance/Repairs | Source: City of Toronto Open Data (Park Washroom Facilities)</desc>
  <link href="https://www.toronto.ca/explore-enjoy/parks-recreation/places-spaces/parks-and-recreation-facilities/location/?id=378"><text>Details</text></link>
  <sym>Restroom</sym>
  <type>Washroom Building</type>
</wpt>
<wpt lat="43.7428399" lon="-79.3695110">
  <name>Banbury Community Centre Washroom</name>
  <desc>Address: 120 Banbury Rd | Hours: View centre hours | Where: Located in the Community Centre. | Access: yes | Fee: no | Status: open | Source: City of Toronto Open Data (Park Washroom Facilities)</desc>
  <link href="https://www.toronto.ca/explore-enjoy/parks-recreation/places-spaces/parks-and-recreation-facilities/location/?id=511"><text>Details</text></link>
  <sym>Restroom</sym>
  <type>Washroom Building</type>
</wpt>
<wpt lat="43.7002867" lon="-79.3881886">
  <name>June Rowlands Park Washroom</name>
  <desc>Address: 220 Davisville Ave | Hours: 9 a.m. to 10 p.m. | Where: Located along Davisville Avenue southwest of the sports field. | Accessible: Entrance at Grade | Access: yes | Fee: no | Status: open | Source: City of Toronto Open Data (Park Washroom Facilities)</desc>
  <link href="https://www.toronto.ca/explore-enjoy/parks-recreation/places-spaces/parks-and-recreation-facilities/location/?id=78"><text>Details</text></link>
  <sym>Restroom</sym>
  <type>Washroom Building</type>
</wpt>
<wpt lat="43.8054009" lon="-79.1897625">
  <name>Rouge Valley Community Recreation Centre  Washrooms</name>
  <desc>Address: 8450 Sheppard Ave E | Hours: Centre Hours | Accessible: Accessible Stall, Adult Change Table, Entrance at Grade, Automatic Door Opener | Access: yes | Fee: no | Status: open | Source: City of Toronto Open Data (Park Washroom Facilities)</desc>
  <link href="https://www.toronto.ca/explore-enjoy/parks-recreation/places-spaces/parks-and-recreation-facilities/location/?id=3858"><text>Details</text></link>
  <sym>Restroom</sym>
  <type>Universal Washroom, All-Gender Washroom, Accessible Washroom</type>
</wpt>
<wpt lat="43.7790634" lon="-79.1939601">
  <name>Morningside Park Washroom</name>
  <desc>Address: 390 Morningside Ave | Hours: 9 a.m. to 10 p.m. | Where: Located west of the parking lot, east of the playground. | Access: yes | Fee: no | Status: open | Source: City of Toronto Open Data (Park Washroom Facilities)</desc>
  <link href="https://www.toronto.ca/explore-enjoy/parks-recreation/places-spaces/parks-and-recreation-facilities/location/?id=1470"><text>Details</text></link>
  <sym>Restroom</sym>
  <type>Washroom Building</type>
</wpt>
<wpt lat="43.6489474" lon="-79.5870169">
  <name>Centennial Park Etobicoke Picnic Site 1 Washroom</name>
  <desc>Address: 256 Centennial Park Rd | Hours: 9 a.m. to 10 p.m. | Where: Located east of the parking lot off Elmcrest road, northeast of Picnic Site #1 and the playground. | Access: yes | Fee: no | Status: closed | Reason: Under Construction | Source: City of Toronto Open Data (Park Washroom Facilities)</desc>
  <link href="https://www.toronto.ca/explore-enjoy/parks-recreation/places-spaces/parks-and-recreation-facilities/location/?id=798"><text>Details</text></link>
  <sym>Restroom</sym>
  <type>Washroom Building</type>
</wpt>
<wpt lat="43.6351375" lon="-79.4657690">
  <name>Sir Casimir Gzowski Park Fieldhouse Washroom</name>
  <desc>Address: 2001 Lake Shore Blvd  W | Hours: 9 a.m. to 10 p.m. | Where: Located on the pathway from the east end of the parking lot to the boardwalk, across from the playground. | Accessible: Accessible Stall, Entrance at Grade | Access: yes | Fee: no | Status: open | Source: City of Toronto Open Data (Park Washroom Facilities)</desc>
  <link href="https://www.toronto.ca/explore-enjoy/parks-recreation/places-spaces/parks-and-recreation-facilities/location/?id=71"><text>Details</text></link>
  <sym>Restroom</sym>
  <type>Washroom Building</type>
</wpt>
<wpt lat="43.6622313" lon="-79.4625414">
  <name>Baird Park Washroom</name>
  <desc>Address: 275 Keele St | Hours: 9 a.m. to 10 p.m. | Where: Located north of the bowling greens. | Accessible: Accessible Stall, Entrance Access Ramp | Access: yes | Fee: no | Status: open | Source: City of Toronto Open Data (Park Washroom Facilities)</desc>
  <link href="https://www.toronto.ca/explore-enjoy/parks-recreation/places-spaces/parks-and-recreation-facilities/location/?id=137"><text>Details</text></link>
  <sym>Restroom</sym>
  <type>Washroom Building</type>
</wpt>
<wpt lat="43.8300664" lon="-79.2718623">
  <name>Milliken Park Washroom Building</name>
  <desc>Address: 5555 Steeles Ave  E | Hours: 9 a.m. to 10 p.m. | Where: Located to the west of the parking lot. | Accessible: Child Change Table | Access: yes | Fee: no | Status: open | Source: City of Toronto Open Data (Park Washroom Facilities)</desc>
  <link href="https://www.toronto.ca/explore-enjoy/parks-recreation/places-spaces/parks-and-recreation-facilities/location/?id=1088"><text>Details</text></link>
  <sym>Restroom</sym>
  <type>Washroom Building</type>
</wpt>
<wpt lat="43.7477914" lon="-79.1915075">
  <name>Guild Park and Gardens East Washroom</name>
  <desc>Address: 201 Guildwood Pkwy | Hours: 9 a.m. to 10 p.m. | Where: Located at the entrance next to the southeast parking lot in the lower level of the Banquet hall. | Access: yes | Fee: no | Status: open | Source: City of Toronto Open Data (Park Washroom Facilities)</desc>
  <link href="https://www.toronto.ca/explore-enjoy/parks-recreation/places-spaces/parks-and-recreation-facilities/location/?id=406"><text>Details</text></link>
  <sym>Restroom</sym>
  <type>Washroom Building</type>
</wpt>
<wpt lat="43.6343828" lon="-79.4049054">
  <name>Coronation Park Toronto Washroom</name>
  <desc>Address: 711 Lake Shore Blvd  W | Hours: 9 a.m. to 7:30 p.m. | Where: Located east of the south baseball diamond. | Access: yes | Fee: no | Status: open | Source: City of Toronto Open Data (Park Washroom Facilities)</desc>
  <link href="https://www.toronto.ca/explore-enjoy/parks-recreation/places-spaces/parks-and-recreation-facilities/location/?id=467"><text>Details</text></link>
  <sym>Restroom</sym>
  <type>Washroom Building</type>
</wpt>
<wpt lat="43.6629340" lon="-79.4485160">
  <name>Campbell Avenue Park Outdoor Rink Washroom</name>
  <desc>Address: 225 Campbell Ave | Hours: 9 a.m. to 10 p.m. | Where: Entrance is located on the outside of the outdoor ice rink building. | Access: yes | Fee: no | Status: open | Source: City of Toronto Open Data (Park Washroom Facilities)</desc>
  <link href="https://www.toronto.ca/explore-enjoy/parks-recreation/places-spaces/parks-and-recreation-facilities/location/?id=1053"><text>Details</text></link>
  <sym>Restroom</sym>
  <type>Washroom Building</type>
</wpt>
<wpt lat="43.7525634" lon="-79.4318602">
  <name>Earl Bales Ski and Snowboard Centre Washroom</name>
  <desc>Address: 4169 Bathurst St | Hours: 9 a.m. to 10 p.m. | Where: Entrance is located on the outside of the Ski and Snowboard Centre. | Accessible: Accessible Stall, Entrance Access Ramp, Child Change Table | Access: yes | Fee: no | Status: open | Source: City of Toronto Open Data (Park Washroom Facilities)</desc>
  <link href="https://www.toronto.ca/explore-enjoy/parks-recreation/places-spaces/parks-and-recreation-facilities/location/?id=2766"><text>Details</text></link>
  <sym>Restroom</sym>
  <type>Washroom Building</type>
</wpt>
<wpt lat="43.6920950" lon="-79.3360654">
  <name>Dieppe Park Outdoor Rink Washroom</name>
  <desc>Address: 455 Cosburn Ave | Hours: View outdoor rink hours | Where: Located at the outdoor ice rink. | Access: yes | Fee: no | Status: closed | Reason: Closed for the Season | Source: City of Toronto Open Data (Park Washroom Facilities)</desc>
  <link href="https://www.toronto.ca/explore-enjoy/parks-recreation/places-spaces/parks-and-recreation-facilities/location/?id=327"><text>Details</text></link>
  <sym>Restroom</sym>
  <type>Washroom Building</type>
</wpt>
<wpt lat="43.6436646" lon="-79.4669999">
  <name>High Park Lower Hillside Washroom</name>
  <desc>Address: 1873 Bloor St  W | Hours: 9 a.m. to 10 p.m. | Where: Located on the pathway north of Maple Leaf Garden. | Accessible: Accessible Stall, Entrance at Grade | Access: yes | Fee: no | Status: closed | Reason: Under Construction | Source: City of Toronto Open Data (Park Washroom Facilities)</desc>
  <link href="https://www.toronto.ca/explore-enjoy/parks-recreation/places-spaces/parks-and-recreation-facilities/location/?id=77"><text>Details</text></link>
  <sym>Restroom</sym>
  <type>Washroom Building</type>
</wpt>
<wpt lat="43.7422986" lon="-79.2710125">
  <name>Jack Goodlad Community Centre Washroom</name>
  <desc>Address: 929 Kennedy Rd | Hours: 9 a.m. to 10 p.m. | Where: Entrance is located on the outside of the Community Centre. | Access: yes | Fee: no | Status: open | Source: City of Toronto Open Data (Park Washroom Facilities)</desc>
  <link href="https://www.toronto.ca/explore-enjoy/parks-recreation/places-spaces/parks-and-recreation-facilities/location/?id=630"><text>Details</text></link>
  <sym>Restroom</sym>
  <type>Washroom Building</type>
</wpt>
<wpt lat="43.6648570" lon="-79.3122123">
  <name>Woodbine Park Washroom</name>
  <desc>Address: 1695 Queen St  E | Hours: 9 a.m. to 10 p.m. | Where: Located in the fieldhouse. | Accessible: Entrance at Grade, Child Change Table | Access: yes | Fee: no | Status: open | Source: City of Toronto Open Data (Park Washroom Facilities)</desc>
  <link href="https://www.toronto.ca/explore-enjoy/parks-recreation/places-spaces/parks-and-recreation-facilities/location/?id=431"><text>Details</text></link>
  <sym>Restroom</sym>
  <type>Washroom Building</type>
</wpt>
<wpt lat="43.7288866" lon="-79.2309085">
  <name>Halbert Park Outdoor Pool Washroom</name>
  <desc>Address: 24 Rockwood Dr | Hours: View outdoor pool hours | Where: Located on the pathway at the north end of the outdoor pool. | Access: yes | Fee: no | Status: open | Source: City of Toronto Open Data (Park Washroom Facilities)</desc>
  <link href="https://www.toronto.ca/explore-enjoy/parks-recreation/places-spaces/parks-and-recreation-facilities/location/?id=768"><text>Details</text></link>
  <sym>Restroom</sym>
  <type>Washroom Building</type>
</wpt>
<wpt lat="43.7734220" lon="-79.2578159">
  <name>Albert Campbell Square Outdoor Rink Washroom</name>
  <desc>Address: 150 Borough Dr | Hours: View outdoor rink hours | Where: Located at the west end of the outdoor ice rink. | Access: yes | Fee: no | Status: open | Source: City of Toronto Open Data (Park Washroom Facilities)</desc>
  <link href="https://www.toronto.ca/explore-enjoy/parks-recreation/places-spaces/parks-and-recreation-facilities/location/?id=2155"><text>Details</text></link>
  <sym>Restroom</sym>
  <type>Washroom Building</type>
</wpt>
<wpt lat="43.7178844" lon="-79.3317979">
  <name>Dennis R. Timbrell Resource Centre Washroom</name>
  <desc>Address: 29 St Dennis Dr | Hours: View centre hours | Where: Located in the Community Centre. | Accessible: yes | Access: yes | Fee: no | Status: open | Source: City of Toronto Open Data (Park Washroom Facilities)</desc>
  <link href="https://www.toronto.ca/explore-enjoy/parks-recreation/places-spaces/parks-and-recreation-facilities/location/?id=1056"><text>Details</text></link>
  <sym>Restroom</sym>
  <type>All-Gender Washroom, Accessible Washroom</type>
</wpt>
<wpt lat="43.6444138" lon="-79.4572216">
  <name>High Park Parkside Drive Washroom</name>
  <desc>Address: 1873 Bloor St  W | Hours: 9 a.m. to 10 p.m. | Where: Located near the Parkside Drive entrance. | Accessible: Accessible Stall, Entrance at Grade, Automatic Door Opener, Child Change Table | Access: yes | Fee: no | Status: open | Source: City of Toronto Open Data (Park Washroom Facilities)</desc>
  <link href="https://www.toronto.ca/explore-enjoy/parks-recreation/places-spaces/parks-and-recreation-facilities/location/?id=77"><text>Details</text></link>
  <sym>Restroom</sym>
  <type>Washroom Building</type>
</wpt>
<wpt lat="43.6016947" lon="-79.5471291">
  <name>Alderwood Centre Washroom</name>
  <desc>Address: 2 Orianna Dr | Hours: View centre hours. | Where: Located in the Community Centre. | Access: yes | Fee: no | Status: open | Source: City of Toronto Open Data (Park Washroom Facilities)</desc>
  <link href="https://www.toronto.ca/explore-enjoy/parks-recreation/places-spaces/parks-and-recreation-facilities/location/?id=897"><text>Details</text></link>
  <sym>Restroom</sym>
  <type>Washroom Building</type>
</wpt>
<wpt lat="43.6747183" lon="-79.3464167">
  <name>Withrow Park Outdoor Rink Washroom</name>
  <desc>Address: 725 Logan Ave | Hours: View outdoor rink hours | Where: Located in the rink building north of the ice rink. | Access: yes | Fee: no | Status: closed | Reason: Closed for the Season | Source: City of Toronto Open Data (Park Washroom Facilities)</desc>
  <link href="https://www.toronto.ca/explore-enjoy/parks-recreation/places-spaces/parks-and-recreation-facilities/location/?id=306"><text>Details</text></link>
  <sym>Restroom</sym>
  <type>Washroom Building</type>
</wpt>
<wpt lat="43.7775990" lon="-79.2017120">
  <name>Morningside Park West Parking Lot Washroom</name>
  <desc>Address: 390 Morningside Ave | Hours: 9 a.m. to 10 p.m. | Where: Located on the pathway between Picnic Site #8 and #9. | Accessible: Entrance at Grade | Access: yes | Fee: no | Status: open | Source: City of Toronto Open Data (Park Washroom Facilities)</desc>
  <link href="https://www.toronto.ca/explore-enjoy/parks-recreation/places-spaces/parks-and-recreation-facilities/location/?id=1470"><text>Details</text></link>
  <sym>Restroom</sym>
  <type>Washroom Building</type>
</wpt>
<wpt lat="43.7602654" lon="-79.1626117">
  <name>East Point Park Ken Morrish Softball Complex Washroom</name>
  <desc>Address: 101 Copperfield Rd | Hours: 9 a.m. to 10 p.m. | Where: Entrance is located on the outside of the Softball Complex. | Accessible: Accessible Stall, Entrance at Grade | Access: yes | Fee: no | Status: open | Source: City of Toronto Open Data (Park Washroom Facilities)</desc>
  <link href="https://www.toronto.ca/explore-enjoy/parks-recreation/places-spaces/parks-and-recreation-facilities/location/?id=1079"><text>Details</text></link>
  <sym>Restroom</sym>
  <type>Washroom Building</type>
</wpt>
<wpt lat="43.6935854" lon="-79.3822504">
  <name>Moorevale Park Tennis Club Washroom</name>
  <desc>Address: 175 Moore Ave | Hours: 9 a.m. to 10 p.m. | Where: Located in the Moore Park Tennis Club building. | Accessible: Accessible Stall, Entrance Access Ramp, Child Change Table | Access: yes | Fee: no | Status: open | Source: City of Toronto Open Data (Park Washroom Facilities)</desc>
  <link href="https://www.toronto.ca/explore-enjoy/parks-recreation/places-spaces/parks-and-recreation-facilities/location/?id=168"><text>Details</text></link>
  <sym>Restroom</sym>
  <type>Washroom Building</type>
</wpt>
<wpt lat="43.6596506" lon="-79.3838047">
  <name>Barbara Ann Scott Outdoor Rink Washroom</name>
  <desc>Address: 420 Yonge St | Hours: View outdoor rink hours | Where: Located in the Barbara Ann Scott skating pavilion. | Access: yes | Fee: no | Status: closed | Reason: Maintenance/Repairs | Source: City of Toronto Open Data (Park Washroom Facilities)</desc>
  <link href="https://www.toronto.ca/explore-enjoy/parks-recreation/places-spaces/parks-and-recreation-facilities/location/?id=223"><text>Details</text></link>
  <sym>Restroom</sym>
  <type>Washroom Building</type>
</wpt>
<wpt lat="43.6494630" lon="-79.5881942">
  <name>Centennial Park Conservatory Washroom</name>
  <desc>Address: 256 Centennial Park Rd | Hours: View centre hours | Where: Located in the Conservatory. | Access: yes | Fee: no | Status: open | Source: City of Toronto Open Data (Park Washroom Facilities)</desc>
  <link href="https://www.toronto.ca/explore-enjoy/parks-recreation/places-spaces/parks-and-recreation-facilities/location/?id=798"><text>Details</text></link>
  <sym>Restroom</sym>
  <type>Washroom Building</type>
</wpt>
<wpt lat="43.6486164" lon="-79.5198815">
  <name>Central Arena Washroom</name>
  <desc>Address: 50 Montgomery Rd | Hours: View arena hours | Where: Located inside Central Arena. | Access: yes | Fee: no | Status: open | Source: City of Toronto Open Data (Park Washroom Facilities)</desc>
  <link href="https://www.toronto.ca/explore-enjoy/parks-recreation/places-spaces/parks-and-recreation-facilities/location/?id=824"><text>Details</text></link>
  <sym>Restroom</sym>
  <type>Washroom Building</type>
</wpt>
<wpt lat="43.6955111" lon="-79.2888169">
  <name>Dentonia Park Golf Course Washroom</name>
  <desc>Address: 781 Victoria Park Ave | Hours: 9 a.m. to 10 p.m. | Where: Located at the north side of the TTC station (Victoria Park), 50 metres east of the main entrance. | Access: yes | Fee: no | Status: open | Source: City of Toronto Open Data (Park Washroom Facilities)</desc>
  <link href="https://www.toronto.ca/explore-enjoy/parks-recreation/places-spaces/parks-and-recreation-facilities/location/?id=402"><text>Details</text></link>
  <sym>Restroom</sym>
  <type>Washroom Building</type>
</wpt>
<wpt lat="43.6570233" lon="-79.4335839">
  <name>Dufferin Grove Park Outdoor Rink Washroom</name>
  <desc>Address: 875 Dufferin St | Hours: View outdoor rink hours | Where: Located on the west side of the outdoor ice rinks. | Access: yes | Fee: no | Status: open | Source: City of Toronto Open Data (Park Washroom Facilities)</desc>
  <link href="https://www.toronto.ca/explore-enjoy/parks-recreation/places-spaces/parks-and-recreation-facilities/location/?id=87"><text>Details</text></link>
  <sym>Restroom</sym>
  <type>Washroom Building</type>
</wpt>
<wpt lat="43.6377201" lon="-79.4559009">
  <name>Sunnyside Park Outdoor Pool Washroom</name>
  <desc>Address: 1755 Lake Shore Blvd  W | Hours: View outdoor pool hours | Where: Located in the outdoor pool building. | Accessible: Accessible Stall, Entrance at Grade, Entrance Access Ramp | Access: yes | Fee: no | Status: open | Source: City of Toronto Open Data (Park Washroom Facilities)</desc>
  <link href="https://www.toronto.ca/explore-enjoy/parks-recreation/places-spaces/parks-and-recreation-facilities/location/?id=395"><text>Details</text></link>
  <sym>Restroom</sym>
  <type>Washroom Building</type>
</wpt>
<wpt lat="43.6419733" lon="-79.4080710">
  <name>Stanley Park South Outdoor Pool Washroom</name>
  <desc>Address: 700 Wellington St  W | Hours: View outdoor pool hours | Where: Located in the outdoor pool building at the east side of the park. | Access: yes | Fee: no | Status: open | Source: City of Toronto Open Data (Park Washroom Facilities)</desc>
  <link href="https://www.toronto.ca/explore-enjoy/parks-recreation/places-spaces/parks-and-recreation-facilities/location/?id=2750"><text>Details</text></link>
  <sym>Restroom</sym>
  <type>Washroom Building</type>
</wpt>
<wpt lat="43.6389238" lon="-79.4956768">
  <name>Park Lawn Park Outdoor Pool / Rink Washroom</name>
  <desc>Address: 330 Park Lawn Rd | Hours: View facility hours | Where: Located in the outdoor pool and rink building. | Access: yes | Fee: no | Status: open | Source: City of Toronto Open Data (Park Washroom Facilities)</desc>
  <link href="https://www.toronto.ca/explore-enjoy/parks-recreation/places-spaces/parks-and-recreation-facilities/location/?id=858"><text>Details</text></link>
  <sym>Restroom</sym>
  <type>Washroom Building</type>
</wpt>
<wpt lat="43.6583471" lon="-79.5078894">
  <name>Lambton - Kingsway Park Outdoor Pool  Washroom</name>
  <desc>Address: 37 Marquis Ave | Hours: View outdoor pool hours | Where: Located at the west end of the outdoor pool. | Access: yes | Fee: no | Status: open | Source: City of Toronto Open Data (Park Washroom Facilities)</desc>
  <link href="https://www.toronto.ca/explore-enjoy/parks-recreation/places-spaces/parks-and-recreation-facilities/location/?id=902"><text>Details</text></link>
  <sym>Restroom</sym>
  <type>Washroom Building</type>
</wpt>
<wpt lat="43.7554380" lon="-79.5948806">
  <name>Gihon Spring Park Outdoor Pool Washroom</name>
  <desc>Address: 75 Gihon Spring Dr | Hours: View outdoor pool hours | Where: Located west of the outdoor pool next to the parking lot. | Access: yes | Fee: no | Status: open | Source: City of Toronto Open Data (Park Washroom Facilities)</desc>
  <link href="https://www.toronto.ca/explore-enjoy/parks-recreation/places-spaces/parks-and-recreation-facilities/location/?id=843"><text>Details</text></link>
  <sym>Restroom</sym>
  <type>Washroom Building</type>
</wpt>
<wpt lat="43.6673512" lon="-79.3600548">
  <name>Riverdale Farm Meeting House Washroom</name>
  <desc>Address: 201 Winchester St | Hours: 9 a.m. to 5 p.m. | Where: Entrance is located on the outside of the Meeting House through the archway tunnel. | Access: yes | Fee: no | Status: open | Source: City of Toronto Open Data (Park Washroom Facilities)</desc>
  <link href="https://www.toronto.ca/explore-enjoy/parks-recreation/places-spaces/parks-and-recreation-facilities/location/?id=345"><text>Details</text></link>
  <sym>Restroom</sym>
  <type>Washroom Building</type>
</wpt>
<wpt lat="43.6487785" lon="-79.5920929">
  <name>Centennial Park Etobicoke Picnic Site 8 Washroom</name>
  <desc>Address: 256 Centennial Park Rd | Hours: 9 a.m. to 10 p.m. | Where: Located next to Picnic Site #8. | Access: yes | Fee: no | Status: closed | Reason: Planned Closure | Source: City of Toronto Open Data (Park Washroom Facilities)</desc>
  <link href="https://www.toronto.ca/explore-enjoy/parks-recreation/places-spaces/parks-and-recreation-facilities/location/?id=798"><text>Details</text></link>
  <sym>Restroom</sym>
  <type>Washroom Building</type>
</wpt>
<wpt lat="43.7279643" lon="-79.5814883">
  <name>Esther Lorrie Fieldhouse Washroom</name>
  <desc>Address: 50 Westhumber Blvd | Hours: 9 a.m. to 10 p.m. | Where: Located on the pathway west of the sports fields, next to the playground. | Accessible: Accessible Stall, Entrance at Grade | Access: yes | Fee: no | Status: open | Source: City of Toronto Open Data (Park Washroom Facilities)</desc>
  <link href="https://www.toronto.ca/explore-enjoy/parks-recreation/places-spaces/parks-and-recreation-facilities/location/?id=841"><text>Details</text></link>
  <sym>Restroom</sym>
  <type>Washroom Building</type>
</wpt>
<wpt lat="43.7488520" lon="-79.4083988">
  <name>Don Valley Golf Course Washroom</name>
  <desc>Address: 4200 Yonge St | Hours: 9 a.m. to 10 p.m. | Where: Located at the north entrance of the building. | Access: yes | Fee: no | Status: open | Source: City of Toronto Open Data (Park Washroom Facilities)</desc>
  <link href="https://www.toronto.ca/explore-enjoy/parks-recreation/places-spaces/parks-and-recreation-facilities/location/?id=918"><text>Details</text></link>
  <sym>Restroom</sym>
  <type>Washroom Building</type>
</wpt>
<wpt lat="43.6586777" lon="-79.3594541">
  <name>Regent Park Athletic Grounds Outdoor Rink Washroom</name>
  <desc>Address: 480 Shuter St | Hours: View outdoor rink hours | Where: Located in the rink building west of the outdoor ice rink. | Accessible: Entrance at Grade | Access: yes | Fee: no | Status: open | Source: City of Toronto Open Data (Park Washroom Facilities)</desc>
  <link href="https://www.toronto.ca/explore-enjoy/parks-recreation/places-spaces/parks-and-recreation-facilities/location/?id=419"><text>Details</text></link>
  <sym>Restroom</sym>
  <type>All-Gender Washroom, Accessible Washroom</type>
</wpt>
<wpt lat="43.6755757" lon="-79.4521855">
  <name>Giovanni Caboto Outdoor Pool / Rink Washroom</name>
  <desc>Address: 1367 St. Clair Ave  W | Hours: View the facility hours | Where: Located between the outdoor pool and ice rink. | Access: yes | Fee: no | Status: open | Source: City of Toronto Open Data (Park Washroom Facilities)</desc>
  <link href="https://www.toronto.ca/explore-enjoy/parks-recreation/places-spaces/parks-and-recreation-facilities/location/?id=514"><text>Details</text></link>
  <sym>Restroom</sym>
  <type>Washroom Building</type>
</wpt>
<wpt lat="43.6521953" lon="-79.3839422">
  <name>Nathan Phillips Square Outdoor Rink Washroom</name>
  <desc>Address: 100 Queen St  W | Hours: View outdoor rink hours | Where: Located in the skating pavilion west of the outdoor ice rink. | Access: yes | Fee: no | Status: open | Source: City of Toronto Open Data (Park Washroom Facilities)</desc>
  <link href="https://www.toronto.ca/explore-enjoy/parks-recreation/places-spaces/parks-and-recreation-facilities/location/?id=1089"><text>Details</text></link>
  <sym>Restroom</sym>
  <type>Washroom Building</type>
</wpt>
<wpt lat="43.7270852" lon="-79.4251070">
  <name>Ledbury Park Outdoor Pool / Rink Washroom</name>
  <desc>Address: 160 Ledbury St | Hours: View facility hours | Where: Located in the outdoor pool and  rink building. | Access: yes | Fee: no | Status: open | Source: City of Toronto Open Data (Park Washroom Facilities)</desc>
  <link href="https://www.toronto.ca/explore-enjoy/parks-recreation/places-spaces/parks-and-recreation-facilities/location/?id=678"><text>Details</text></link>
  <sym>Restroom</sym>
  <type>Washroom Building</type>
</wpt>
<wpt lat="43.6985193" lon="-79.3160695">
  <name>Kiwanis Outdoor Pool Washroom</name>
  <desc>Address: 375 Cedarvale Ave | Hours: View outdoor pool hours | Where: Located in the outdoor pool building beside Cedarvale Ave. | Access: yes | Fee: no | Status: open | Source: City of Toronto Open Data (Park Washroom Facilities)</desc>
  <link href="https://www.toronto.ca/explore-enjoy/parks-recreation/places-spaces/parks-and-recreation-facilities/location/?id=421"><text>Details</text></link>
  <sym>Restroom</sym>
  <type>Washroom Building</type>
</wpt>
<wpt lat="43.6649270" lon="-79.4219664">
  <name>Alex Duff Memorial Outdoor Pool Washroom</name>
  <desc>Address: 779 Crawford St | Hours: View outdoor pool hours | Where: Located in the outdoor pool building. | Access: yes | Fee: no | Status: open | Source: City of Toronto Open Data (Park Washroom Facilities)</desc>
  <link href="https://www.toronto.ca/explore-enjoy/parks-recreation/places-spaces/parks-and-recreation-facilities/location/?id=196"><text>Details</text></link>
  <sym>Restroom</sym>
  <type>Washroom Building</type>
</wpt>
<wpt lat="43.6062989" lon="-79.5268163">
  <name>Horner Avenue Seniors Centre Washroom</name>
  <desc>Address: 320 Horner Ave | Hours: View centre hours. | Where: Located in the Community Centre. | Accessible: Powered Door Opener, Entrance Ramp Access | Access: yes | Fee: no | Status: open | Source: City of Toronto Open Data (Park Washroom Facilities)</desc>
  <link href="https://www.toronto.ca/explore-enjoy/parks-recreation/places-spaces/parks-and-recreation-facilities/location/?id=823"><text>Details</text></link>
  <sym>Restroom</sym>
  <type>All-Gender Washroom, Accessible Washroom</type>
</wpt>
<wpt lat="43.8067033" lon="-79.3050110">
  <name>L'Amoreaux Tennis Centre Washroom</name>
  <desc>Address: 300 Silver Springs Blvd | Hours: View centre hours | Where: Located in the tennis centre building. | Access: yes | Fee: no | Status: open | Source: City of Toronto Open Data (Park Washroom Facilities)</desc>
  <link href="https://www.toronto.ca/explore-enjoy/parks-recreation/places-spaces/parks-and-recreation-facilities/location/?id=699"><text>Details</text></link>
  <sym>Restroom</sym>
  <type>Washroom Building</type>
</wpt>
<wpt lat="43.7521978" lon="-79.5844992">
  <name>North Kipling Community Centre Washroom</name>
  <desc>Address: 2 Rowntree Rd | Hours: View centre hours | Where: Located in the Community Centre. | Access: yes | Fee: no | Status: open | Source: City of Toronto Open Data (Park Washroom Facilities)</desc>
  <link href="https://www.toronto.ca/explore-enjoy/parks-recreation/places-spaces/parks-and-recreation-facilities/location/?id=749"><text>Details</text></link>
  <sym>Restroom</sym>
  <type>Washroom Building</type>
</wpt>
<wpt lat="43.6671577" lon="-79.3616257">
  <name>Riverdale Farm Simpson House Washroom</name>
  <desc>Address: 201 Winchester St | Hours: 9 a.m. to 5 p.m. | Where: Located in the Simpson House, at the farm entrance. | Access: yes | Fee: no | Status: open | Source: City of Toronto Open Data (Park Washroom Facilities)</desc>
  <link href="https://www.toronto.ca/explore-enjoy/parks-recreation/places-spaces/parks-and-recreation-facilities/location/?id=345"><text>Details</text></link>
  <sym>Restroom</sym>
  <type>Washroom Building</type>
</wpt>
<wpt lat="43.6665729" lon="-79.2973037">
  <name>Kew Beach Lawn Bowling Club Washroom</name>
  <desc>Address: 2075 Queen St  E | Hours: 9 a.m. to 10 p.m. | Where: Located on a pathway between the bowling greens and Martin Goodman Trail. | Accessible: Accessible Stall, Entrance at Grade, Child Change Table | Access: yes | Fee: no | Status: open | Source: City of Toronto Open Data (Park Washroom Facilities)</desc>
  <link href="https://www.toronto.ca/explore-enjoy/parks-recreation/places-spaces/parks-and-recreation-facilities/location/?id=107"><text>Details</text></link>
  <sym>Restroom</sym>
  <type>Washroom Building</type>
</wpt>
<wpt lat="43.7270700" lon="-79.5455998">
  <name>Humber Valley Golf Course Washroom</name>
  <desc>Address: 40 Beattie Ave | Hours: View facility hours | Where: Located near the entrance at south side of building/lower level. | Access: yes | Fee: no | Status: open | Source: City of Toronto Open Data (Park Washroom Facilities)</desc>
  <link href="https://www.toronto.ca/explore-enjoy/parks-recreation/places-spaces/parks-and-recreation-facilities/location/?id=400"><text>Details</text></link>
  <sym>Restroom</sym>
  <type>Washroom Building</type>
</wpt>
<wpt lat="43.6878729" lon="-79.4820346">
  <name>York Recreation Centre Washroom</name>
  <desc>Address: 115 Black Creek Dr | Hours: View centre hours | Where: Located in the Community Centre. | Access: yes | Fee: no | Status: open | Source: City of Toronto Open Data (Park Washroom Facilities)</desc>
  <link href="https://www.toronto.ca/explore-enjoy/parks-recreation/places-spaces/parks-and-recreation-facilities/location/?id=3501"><text>Details</text></link>
  <sym>Restroom</sym>
  <type>Washroom Building</type>
</wpt>
<wpt lat="43.7921218" lon="-79.1251579">
  <name>West Rouge Community Centre Washroom</name>
  <desc>Address: 270 Rouge Hills Dr | Hours: View centre hours | Where: Located in the Community Centre. | Accessible: Entrance at Grade, Powered Door Opener, Child Change Table | Access: yes | Fee: no | Status: open | Source: City of Toronto Open Data (Park Washroom Facilities)</desc>
  <link href="https://www.toronto.ca/explore-enjoy/parks-recreation/places-spaces/parks-and-recreation-facilities/location/?id=584"><text>Details</text></link>
  <sym>Restroom</sym>
  <type>All-Gender Washroom, Accessible Washroom</type>
</wpt>
<wpt lat="43.7257148" lon="-79.5719221">
  <name>West Acres Seniors Centre Washroom</name>
  <desc>Address: 65 Hinton Rd | Hours: View centre hours | Where: Located in the Community Centre. | Access: yes | Fee: no | Status: open | Source: City of Toronto Open Data (Park Washroom Facilities)</desc>
  <link href="https://www.toronto.ca/explore-enjoy/parks-recreation/places-spaces/parks-and-recreation-facilities/location/?id=396"><text>Details</text></link>
  <sym>Restroom</sym>
  <type>Washroom Building</type>
</wpt>
<wpt lat="43.6677009" lon="-79.3745560">
  <name>Wellesley Community Centre Washroom</name>
  <desc>Address: 495 Sherbourne St | Hours: View centre hours | Where: Located in the Community Centre. | Access: yes | Fee: no | Status: open | Source: City of Toronto Open Data (Park Washroom Facilities)</desc>
  <link href="https://www.toronto.ca/explore-enjoy/parks-recreation/places-spaces/parks-and-recreation-facilities/location/?id=451"><text>Details</text></link>
  <sym>Restroom</sym>
  <type>Washroom Building</type>
</wpt>
<wpt lat="43.7147476" lon="-79.2803618">
  <name>Warden Hilltop Community Centre Washroom</name>
  <desc>Address: 25 Mendelssohn St | Hours: View centre hours | Where: Located in the Community Centre. | Access: yes | Fee: no | Status: open | Source: City of Toronto Open Data (Park Washroom Facilities)</desc>
  <link href="https://www.toronto.ca/explore-enjoy/parks-recreation/places-spaces/parks-and-recreation-facilities/location/?id=1865"><text>Details</text></link>
  <sym>Restroom</sym>
  <type>Washroom Building</type>
</wpt>
<wpt lat="43.6673369" lon="-79.4393146">
  <name>Wallace Emerson Community Recreation Centre Washroom</name>
  <desc>Address: 1260 Dufferin St | Hours: View centre hours | Where: Located in the Community Centre. | Access: yes | Fee: no | Status: open | Source: City of Toronto Open Data (Park Washroom Facilities)</desc>
  <link href="https://www.toronto.ca/explore-enjoy/parks-recreation/places-spaces/parks-and-recreation-facilities/location/?id=294"><text>Details</text></link>
  <sym>Restroom</sym>
  <type>Washroom Building</type>
</wpt>
<wpt lat="43.7232963" lon="-79.3155529">
  <name>Victoria Village Recreation Centre Washroom</name>
  <desc>Address: 190 Bermondsey Rd | Hours: View centre hours | Where: Located in the Community Centre. | Access: yes | Fee: no | Status: open | Source: City of Toronto Open Data (Park Washroom Facilities)</desc>
  <link href="https://www.toronto.ca/explore-enjoy/parks-recreation/places-spaces/parks-and-recreation-facilities/location/?id=771"><text>Details</text></link>
  <sym>Restroom</sym>
  <type>Washroom Building</type>
</wpt>
<wpt lat="43.7055891" lon="-79.3673015">
  <name>Trace Manes Park Community Centre Washroom</name>
  <desc>Address: 110 Rumsey Rd | Hours: View centre hours | Where: Located in the Community Centre. | Accessible: Entrance at Grade, Powered Door Opener, Child Change table | Access: yes | Fee: no | Status: open | Source: City of Toronto Open Data (Park Washroom Facilities)</desc>
  <link href="https://www.toronto.ca/explore-enjoy/parks-recreation/places-spaces/parks-and-recreation-facilities/location/?id=705"><text>Details</text></link>
  <sym>Restroom</sym>
  <type>All-Gender Washroom, Accessible Washroom</type>
</wpt>
<wpt lat="43.7353899" lon="-79.5624017">
  <name>Thistledown Communty Centre Washroom</name>
  <desc>Address: 925 Albion Rd | Hours: View centre hours | Where: Located in the Community Centre. | Access: yes | Fee: no | Status: open | Source: City of Toronto Open Data (Park Washroom Facilities)</desc>
  <link href="https://www.toronto.ca/explore-enjoy/parks-recreation/places-spaces/parks-and-recreation-facilities/location/?id=354"><text>Details</text></link>
  <sym>Restroom</sym>
  <type>Washroom Building</type>
</wpt>
<wpt lat="43.6439799" lon="-79.4771008">
  <name>Swansea Community Recreation Centre Washroom</name>
  <desc>Address: 15 Waller Ave | Hours: View centre hours | Where: Located in the Community Centre. | Access: yes | Fee: no | Status: open | Source: City of Toronto Open Data (Park Washroom Facilities)</desc>
  <link href="https://www.toronto.ca/explore-enjoy/parks-recreation/places-spaces/parks-and-recreation-facilities/location/?id=282"><text>Details</text></link>
  <sym>Restroom</sym>
  <type>Washroom Building</type>
</wpt>
<wpt lat="43.7874605" lon="-79.3014788">
  <name>Stephen Leacock Seniors Community Centre Washroom</name>
  <desc>Address: 2520 Birchmount Rd | Hours: View centre hours | Where: Located in the Community Centre. | Access: yes | Fee: no | Status: open | Source: City of Toronto Open Data (Park Washroom Facilities)</desc>
  <link href="https://www.toronto.ca/explore-enjoy/parks-recreation/places-spaces/parks-and-recreation-facilities/location/?id=1873"><text>Details</text></link>
  <sym>Restroom</sym>
  <type>Washroom Building</type>
</wpt>
<wpt lat="43.7865978" lon="-79.3026109">
  <name>Stephen Leacock Community Recreation Centre Washroom</name>
  <desc>Address: 2500 Birchmount Rd | Hours: View centre hours | Where: Located in the Community Centre. | Access: yes | Fee: no | Status: open | Source: City of Toronto Open Data (Park Washroom Facilities)</desc>
  <link href="https://www.toronto.ca/explore-enjoy/parks-recreation/places-spaces/parks-and-recreation-facilities/location/?id=1105"><text>Details</text></link>
  <sym>Restroom</sym>
  <type>Washroom Building</type>
</wpt>
<wpt lat="43.6497591" lon="-79.3649480">
  <name>St. Lawrence Community Recreation Centre Washroom</name>
  <desc>Address: 230 The Esplanade | Hours: View centre hours | Where: Located in the Community Centre. | Access: yes | Fee: no | Status: open | Source: City of Toronto Open Data (Park Washroom Facilities)</desc>
  <link href="https://www.toronto.ca/explore-enjoy/parks-recreation/places-spaces/parks-and-recreation-facilities/location/?id=272"><text>Details</text></link>
  <sym>Restroom</sym>
  <type>Washroom Building</type>
</wpt>
<wpt lat="43.7940243" lon="-79.3513178">
  <name>Seneca Village Community Centre Washroom</name>
  <desc>Address: 1700 Finch Ave E. | Hours: View centre hours | Where: Located in the Community Centre. | Access: yes | Fee: no | Status: open | Source: City of Toronto Open Data (Park Washroom Facilities)</desc>
  <link href="https://www.toronto.ca/explore-enjoy/parks-recreation/places-spaces/parks-and-recreation-facilities/location/?id=751"><text>Details</text></link>
  <sym>Restroom</sym>
  <type>Washroom Building</type>
</wpt>
<wpt lat="43.6920733" lon="-79.3016919">
  <name>Secord Community Centre Washroom</name>
  <desc>Address: 91 Barrington Ave | Hours: View centre hours | Where: Located in the Community Centre. | Access: yes | Fee: no | Status: open | Source: City of Toronto Open Data (Park Washroom Facilities)</desc>
  <link href="https://www.toronto.ca/explore-enjoy/parks-recreation/places-spaces/parks-and-recreation-facilities/location/?id=325"><text>Details</text></link>
  <sym>Restroom</sym>
  <type>Washroom Building</type>
</wpt>
<wpt lat="43.7401808" lon="-79.2166002">
  <name>Scarborough Village Recreation Centre Washroom</name>
  <desc>Address: 3600 Kingston Rd | Hours: View centre hours | Where: Located in the Community Centre. | Accessible: Entrance at Grade, Powered Door Opener, Child Change Table | Access: yes | Fee: no | Status: open | Source: City of Toronto Open Data (Park Washroom Facilities)</desc>
  <link href="https://www.toronto.ca/explore-enjoy/parks-recreation/places-spaces/parks-and-recreation-facilities/location/?id=743"><text>Details</text></link>
  <sym>Restroom</sym>
  <type>All-Gender Washroom, Accessible Washroom</type>
</wpt>
<wpt lat="43.6658965" lon="-79.3226333">
  <name>S.H. Armstrong Community Centre Washroom</name>
  <desc>Address: 56 Woodfield Rd | Hours: View centre hours | Where: Located in the Community Centre. | Accessible: Entrance At Grade | Access: yes | Fee: no | Status: open | Source: City of Toronto Open Data (Park Washroom Facilities)</desc>
  <link href="https://www.toronto.ca/explore-enjoy/parks-recreation/places-spaces/parks-and-recreation-facilities/location/?id=267"><text>Details</text></link>
  <sym>Restroom</sym>
  <type>All-Gender Washroom, Accessible Washroom</type>
</wpt>
<wpt lat="43.7291887" lon="-79.4925627">
  <name>Roding Community Centre Washroom</name>
  <desc>Address: 600 Roding St. | Hours: View centre hours | Where: Located in the Community Centre. | Access: yes | Fee: no | Status: open | Source: City of Toronto Open Data (Park Washroom Facilities)</desc>
  <link href="https://www.toronto.ca/explore-enjoy/parks-recreation/places-spaces/parks-and-recreation-facilities/location/?id=744"><text>Details</text></link>
  <sym>Restroom</sym>
  <type>Washroom Building</type>
</wpt>
<wpt lat="43.6582745" lon="-79.3616924">
  <name>Regent Park Community Centre Washroom</name>
  <desc>Address: 402 Shuter St | Hours: View centre hours | Where: Located in the Community Centre. | Access: yes | Fee: no | Status: open | Source: City of Toronto Open Data (Park Washroom Facilities)</desc>
  <link href="https://www.toronto.ca/explore-enjoy/parks-recreation/places-spaces/parks-and-recreation-facilities/location/?id=3502"><text>Details</text></link>
  <sym>Restroom</sym>
  <type>Washroom Building</type>
</wpt>
<wpt lat="43.7796659" lon="-79.1402810">
  <name>Port Union Community Recreation Centre Washroom</name>
  <desc>Address: 5450 Lawrence Ave  E | Hours: View centre hours | Where: Located in the Community Centre. | Access: yes | Fee: no | Status: open | Source: City of Toronto Open Data (Park Washroom Facilities)</desc>
  <link href="https://www.toronto.ca/explore-enjoy/parks-recreation/places-spaces/parks-and-recreation-facilities/location/?id=883"><text>Details</text></link>
  <sym>Restroom</sym>
  <type>Washroom Building</type>
</wpt>
<wpt lat="43.7869937" lon="-79.3368311">
  <name>Pleasantview Community Centre Washroom</name>
  <desc>Address: 545 Van Horne Ave | Hours: View centre hours | Where: Located in the Community Centre. | Access: yes | Fee: no | Status: open | Source: City of Toronto Open Data (Park Washroom Facilities)</desc>
  <link href="https://www.toronto.ca/explore-enjoy/parks-recreation/places-spaces/parks-and-recreation-facilities/location/?id=732"><text>Details</text></link>
  <sym>Restroom</sym>
  <type>Washroom Building</type>
</wpt>
<wpt lat="43.7725666" lon="-79.3436072">
  <name>Parkway Forest Community Centre Washroom</name>
  <desc>Address: 55 Forest Manor Rd | Hours: View centre hours | Where: Located in the Community Centre. | Access: yes | Fee: no | Status: open | Source: City of Toronto Open Data (Park Washroom Facilities)</desc>
  <link href="https://www.toronto.ca/explore-enjoy/parks-recreation/places-spaces/parks-and-recreation-facilities/location/?id=2791"><text>Details</text></link>
  <sym>Restroom</sym>
  <type>Washroom Building</type>
</wpt>
<wpt lat="43.6612289" lon="-79.3611018">
  <name>Pam McConnell Aquatic Centre Washroom</name>
  <desc>Address: 640 Dundas St  E | Hours: View centre hours | Where: Located in the Aquatic Centre. | Access: yes | Fee: no | Status: open | Source: City of Toronto Open Data (Park Washroom Facilities)</desc>
  <link href="https://www.toronto.ca/explore-enjoy/parks-recreation/places-spaces/parks-and-recreation-facilities/location/?id=2012"><text>Details</text></link>
  <sym>Restroom</sym>
  <type>Washroom Building</type>
</wpt>
<wpt lat="43.6150856" lon="-79.5083516">
  <name>Ourland Community Centre Washroom</name>
  <desc>Address: 18 Ourland Ave | Hours: View centre hours | Where: Located in the Community Centre. | Access: yes | Fee: no | Status: open | Source: City of Toronto Open Data (Park Washroom Facilities)</desc>
  <link href="https://www.toronto.ca/explore-enjoy/parks-recreation/places-spaces/parks-and-recreation-facilities/location/?id=793"><text>Details</text></link>
  <sym>Restroom</sym>
  <type>Washroom Building</type>
</wpt>
<wpt lat="43.7817609" lon="-79.3514096">
  <name>Oriole Community Centre Washroom</name>
  <desc>Address: 2975 Don Mills Rd  W | Hours: View centre hours | Where: Located in the Community Centre. | Access: yes | Fee: no | Status: open | Source: City of Toronto Open Data (Park Washroom Facilities)</desc>
  <link href="https://www.toronto.ca/explore-enjoy/parks-recreation/places-spaces/parks-and-recreation-facilities/location/?id=714"><text>Details</text></link>
  <sym>Restroom</sym>
  <type>Washroom Building</type>
</wpt>
<wpt lat="43.7176595" lon="-79.3018000">
  <name>O'Connor Community Centre Washroom</name>
  <desc>Address: 1386 Victoria Park Ave | Hours: View centre hours | Where: Located in the Community Centre. | Access: yes | Fee: no | Status: open | Source: City of Toronto Open Data (Park Washroom Facilities)</desc>
  <link href="https://www.toronto.ca/explore-enjoy/parks-recreation/places-spaces/parks-and-recreation-facilities/location/?id=1093"><text>Details</text></link>
  <sym>Restroom</sym>
  <type>Washroom Building</type>
</wpt>
<wpt lat="43.6949942" lon="-79.2835342">
  <name>Oakridge Community Recreation Centre Washroom</name>
  <desc>Address: 63 Pharmacy Ave | Hours: View centre hours | Where: Located in the Community Centre. | Access: yes | Fee: no | Status: open | Source: City of Toronto Open Data (Park Washroom Facilities)</desc>
  <link href="https://www.toronto.ca/explore-enjoy/parks-recreation/places-spaces/parks-and-recreation-facilities/location/?id=731"><text>Details</text></link>
  <sym>Restroom</sym>
  <type>Washroom Building</type>
</wpt>
<wpt lat="43.7477790" lon="-79.5133355">
  <name>Oakdale Community Centre Washroom</name>
  <desc>Address: 350 Grandravine Dr | Hours: View centre hours | Where: Located in the Community Centre. | Access: yes | Fee: no | Status: open | Source: City of Toronto Open Data (Park Washroom Facilities)</desc>
  <link href="https://www.toronto.ca/explore-enjoy/parks-recreation/places-spaces/parks-and-recreation-facilities/location/?id=780"><text>Details</text></link>
  <sym>Restroom</sym>
  <type>Washroom Building</type>
</wpt>
<wpt lat="43.7455036" lon="-79.5000903">
  <name>Northwood Community Centre Washroom</name>
  <desc>Address: 15 Clubhouse Crt | Hours: View centre hours | Where: Located in the Community Centre. | Accessible: Entrance at Grade, | Access: yes | Fee: no | Status: open | Source: City of Toronto Open Data (Park Washroom Facilities)</desc>
  <link href="https://www.toronto.ca/explore-enjoy/parks-recreation/places-spaces/parks-and-recreation-facilities/location/?id=703"><text>Details</text></link>
  <sym>Restroom</sym>
  <type>All-Gender Washroom, Accessible Washroom</type>
</wpt>
<wpt lat="43.7060689" lon="-79.4045978">
  <name>North Toronto Memorial Community Centre Washroom</name>
  <desc>Address: 200 Eglinton Ave  W | Hours: View centre hours | Where: Located in the Community Centre. | Accessible: Entrance at Grade, Powered Door Opener, Distress Call Button, Child Change Table | Access: yes | Fee: no | Status: open | Source: City of Toronto Open Data (Park Washroom Facilities)</desc>
  <link href="https://www.toronto.ca/explore-enjoy/parks-recreation/places-spaces/parks-and-recreation-facilities/location/?id=189"><text>Details</text></link>
  <sym>Restroom</sym>
  <type>All-Gender Washroom, Accessible Washroom</type>
</wpt>
<wpt lat="43.6011132" lon="-79.5013714">
  <name>New Toronto Seniors Centre Washroom</name>
  <desc>Address: 105 Fourth St | Hours: View centre hours | Where: Located in the Community Centre. | Access: yes | Fee: no | Status: open | Source: City of Toronto Open Data (Park Washroom Facilities)</desc>
  <link href="https://www.toronto.ca/explore-enjoy/parks-recreation/places-spaces/parks-and-recreation-facilities/location/?id=1091"><text>Details</text></link>
  <sym>Restroom</sym>
  <type>Washroom Building</type>
</wpt>
<wpt lat="43.7745175" lon="-79.4086667">
  <name>Mitchell Field Community Centre Washroom</name>
  <desc>Address: 89 Church Ave | Hours: View centre hours | Where: Located in the Community Centre. | Accessible: Entrance at Grade | Access: yes | Fee: no | Status: open | Source: City of Toronto Open Data (Park Washroom Facilities)</desc>
  <link href="https://www.toronto.ca/explore-enjoy/parks-recreation/places-spaces/parks-and-recreation-facilities/location/?id=693"><text>Details</text></link>
  <sym>Restroom</sym>
  <type>Accessible Washroom</type>
</wpt>
<wpt lat="43.8297510" lon="-79.2741555">
  <name>Milliken Park Community Recreation Centre Washroom</name>
  <desc>Address: 4325 Mccowan Rd | Hours: View centre hours | Where: Located in the Community Centre. | Access: yes | Fee: no | Status: open | Source: City of Toronto Open Data (Park Washroom Facilities)</desc>
  <link href="https://www.toronto.ca/explore-enjoy/parks-recreation/places-spaces/parks-and-recreation-facilities/location/?id=405"><text>Details</text></link>
  <sym>Restroom</sym>
  <type>Washroom Building</type>
</wpt>
<wpt lat="43.6483791" lon="-79.5196177">
  <name>Memorial Pool and Health Club Washroom</name>
  <desc>Address: 44 Montgomery Rd | Hours: View centre hours | Where: Located in the Community Centre. | Access: yes | Fee: no | Status: open | Source: City of Toronto Open Data (Park Washroom Facilities)</desc>
  <link href="https://www.toronto.ca/explore-enjoy/parks-recreation/places-spaces/parks-and-recreation-facilities/location/?id=891"><text>Details</text></link>
  <sym>Restroom</sym>
  <type>Washroom Building</type>
</wpt>
<wpt lat="43.6406436" lon="-79.4332575">
  <name>Masaryk-Cowan Community Recreation Centre Washroom</name>
  <desc>Address: 220 Cowan Ave | Hours: View centre hours | Where: Located in the Community Centre. | Access: yes | Fee: no | Status: open | Source: City of Toronto Open Data (Park Washroom Facilities)</desc>
  <link href="https://www.toronto.ca/explore-enjoy/parks-recreation/places-spaces/parks-and-recreation-facilities/location/?id=89"><text>Details</text></link>
  <sym>Restroom</sym>
  <type>Washroom Building</type>
</wpt>
<wpt lat="43.6474097" lon="-79.4330782">
  <name>Mary McCormick Recreation Centre Washroom</name>
  <desc>Address: 66 Sheridan Ave | Hours: View centre hours | Where: Located in the Community Centre. | Access: yes | Fee: no | Status: open | Source: City of Toronto Open Data (Park Washroom Facilities)</desc>
  <link href="https://www.toronto.ca/explore-enjoy/parks-recreation/places-spaces/parks-and-recreation-facilities/location/?id=100"><text>Details</text></link>
  <sym>Restroom</sym>
  <type>Washroom Building</type>
</wpt>
<wpt lat="43.8085754" lon="-79.2163878">
  <name>Malvern Recreation Centre Washroom</name>
  <desc>Address: 30 Sewells Rd | Hours: View centre hours | Where: Located in the Community Centre. | Accessible: Entrance at Grade | Access: yes | Fee: no | Status: open | Source: City of Toronto Open Data (Park Washroom Facilities)</desc>
  <link href="https://www.toronto.ca/explore-enjoy/parks-recreation/places-spaces/parks-and-recreation-facilities/location/?id=702"><text>Details</text></link>
  <sym>Restroom</sym>
  <type>Accessible Washroom</type>
</wpt>
<wpt lat="43.6871724" lon="-79.2997886">
  <name>Main Square Community Centre Washroom</name>
  <desc>Address: 245 Main St | Hours: View centre hours | Where: Located in the Community Centre. | Access: yes | Fee: no | Status: open | Source: City of Toronto Open Data (Park Washroom Facilities)</desc>
  <link href="https://www.toronto.ca/explore-enjoy/parks-recreation/places-spaces/parks-and-recreation-facilities/location/?id=85"><text>Details</text></link>
  <sym>Restroom</sym>
  <type>Washroom Building</type>
</wpt>
<wpt lat="43.7180499" lon="-79.4420914">
  <name>Lawrence Heights Community Centre Washroom</name>
  <desc>Address: 5 Replin Rd | Hours: View centre hours | Where: Located in the Community Centre. | Access: yes | Fee: no | Status: open | Source: City of Toronto Open Data (Park Washroom Facilities)</desc>
  <link href="https://www.toronto.ca/explore-enjoy/parks-recreation/places-spaces/parks-and-recreation-facilities/location/?id=612"><text>Details</text></link>
  <sym>Restroom</sym>
  <type>Washroom Building</type>
</wpt>
<wpt lat="43.8126115" lon="-79.3050564">
  <name>L'Amoreaux Community Recreation Centre Washroom</name>
  <desc>Address: 2000 Mcnicoll Ave | Hours: View centre hours | Where: Located in the Community Centre. | Access: yes | Fee: no | Status: open | Source: City of Toronto Open Data (Park Washroom Facilities)</desc>
  <link href="https://www.toronto.ca/explore-enjoy/parks-recreation/places-spaces/parks-and-recreation-facilities/location/?id=788"><text>Details</text></link>
  <sym>Restroom</sym>
  <type>Washroom Building</type>
</wpt>
<wpt lat="43.5950991" lon="-79.5165353">
  <name>Ken Cox Community Centre Washroom</name>
  <desc>Address: 28 Colonel Samuel Smith Park Dr | Hours: View centre hours | Where: Located in the Community Centre. | Access: yes | Fee: no | Status: open | Source: City of Toronto Open Data (Park Washroom Facilities)</desc>
  <link href="https://www.toronto.ca/explore-enjoy/parks-recreation/places-spaces/parks-and-recreation-facilities/location/?id=1078"><text>Details</text></link>
  <sym>Restroom</sym>
  <type>Washroom Building</type>
</wpt>
<wpt lat="43.6576734" lon="-79.4615826">
  <name>Keele Community Centre Washroom</name>
  <desc>Address: 181 Glenlake Ave | Hours: View centre hours | Where: Located in the Community Centre. | Access: yes | Fee: no | Status: open | Source: City of Toronto Open Data (Park Washroom Facilities)</desc>
  <link href="https://www.toronto.ca/explore-enjoy/parks-recreation/places-spaces/parks-and-recreation-facilities/location/?id=84"><text>Details</text></link>
  <sym>Restroom</sym>
  <type>Washroom Building</type>
</wpt>
<wpt lat="43.6753207" lon="-79.4514501">
  <name>Joseph J. Piccininni Community Centre Washroom</name>
  <desc>Address: 1369 St. Clair Ave  W | Hours: View centre hours | Where: Located in the Community Centre. | Access: yes | Fee: no | Status: open | Source: City of Toronto Open Data (Park Washroom Facilities)</desc>
  <link href="https://www.toronto.ca/explore-enjoy/parks-recreation/places-spaces/parks-and-recreation-facilities/location/?id=509"><text>Details</text></link>
  <sym>Restroom</sym>
  <type>Washroom Building</type>
</wpt>
<wpt lat="43.6554231" lon="-79.3703439">
  <name>John Innes Community Recreation Centre Washroom</name>
  <desc>Address: 150 Sherbourne St | Hours: View centre hours | Where: Located in the Community Centre. | Access: yes | Fee: no | Status: open | Source: City of Toronto Open Data (Park Washroom Facilities)</desc>
  <link href="https://www.toronto.ca/explore-enjoy/parks-recreation/places-spaces/parks-and-recreation-facilities/location/?id=63"><text>Details</text></link>
  <sym>Restroom</sym>
  <type>Washroom Building</type>
</wpt>
<wpt lat="43.6604476" lon="-79.3453135">
  <name>Jimmie Simpson Recreation Centre Washroom</name>
  <desc>Address: 870 Queen St  E | Hours: View centre hours | Where: Located in the Community Centre. | Access: yes | Fee: no | Status: open | Source: City of Toronto Open Data (Park Washroom Facilities)</desc>
  <link href="https://www.toronto.ca/explore-enjoy/parks-recreation/places-spaces/parks-and-recreation-facilities/location/?id=58"><text>Details</text></link>
  <sym>Restroom</sym>
  <type>Washroom Building</type>
</wpt>
<wpt lat="43.7030722" lon="-79.3427975">
  <name>Jenner Jean-Marie Community Recreation Centre Washroom</name>
  <desc>Address: 48 Thorncliffe Park Dr | Hours: View centre hours | Where: Located in the Community Centre. | Access: yes | Fee: no | Status: open | Source: City of Toronto Open Data (Park Washroom Facilities)</desc>
  <link href="https://www.toronto.ca/explore-enjoy/parks-recreation/places-spaces/parks-and-recreation-facilities/location/?id=1076"><text>Details</text></link>
  <sym>Restroom</sym>
  <type>Washroom Building</type>
</wpt>
<wpt lat="43.7688364" lon="-79.1772550">
  <name>Heron Park Community Centre Washroom</name>
  <desc>Address: 292 Manse Rd | Hours: View centre hours | Where: Located in the Community Centre. | Access: yes | Fee: no | Status: open | Source: City of Toronto Open Data (Park Washroom Facilities)</desc>
  <link href="https://www.toronto.ca/explore-enjoy/parks-recreation/places-spaces/parks-and-recreation-facilities/location/?id=633"><text>Details</text></link>
  <sym>Restroom</sym>
  <type>Washroom Building</type>
</wpt>
<wpt lat="43.6510883" lon="-79.3908367">
  <name>Harrison Pool Washroom</name>
  <desc>Address: 15 Stephanie St | Hours: View centre hours | Where: Located in the Community Centre. | Access: yes | Fee: no | Status: open | Source: City of Toronto Open Data (Park Washroom Facilities)</desc>
  <link href="https://www.toronto.ca/explore-enjoy/parks-recreation/places-spaces/parks-and-recreation-facilities/location/?id=45"><text>Details</text></link>
  <sym>Restroom</sym>
  <type>Washroom Building</type>
</wpt>
<wpt lat="43.6012155" lon="-79.5219472">
  <name>Gus Ryder Pool and Health Club Washroom</name>
  <desc>Address: 1 Faustina Dr | Hours: View centre hours | Where: Located in the Community Centre. | Access: yes | Fee: no | Status: open | Source: City of Toronto Open Data (Park Washroom Facilities)</desc>
  <link href="https://www.toronto.ca/explore-enjoy/parks-recreation/places-spaces/parks-and-recreation-facilities/location/?id=896"><text>Details</text></link>
  <sym>Restroom</sym>
  <type>Washroom Building</type>
</wpt>
<wpt lat="43.7519030" lon="-79.4902379">
  <name>Grandravine Community Recreation Centre Washroom</name>
  <desc>Address: 23 Grandravine Dr | Hours: View centre hours | Where: Located in the Community Centre. | Access: yes | Fee: no | Status: open | Source: City of Toronto Open Data (Park Washroom Facilities)</desc>
  <link href="https://www.toronto.ca/explore-enjoy/parks-recreation/places-spaces/parks-and-recreation-facilities/location/?id=647"><text>Details</text></link>
  <sym>Restroom</sym>
  <type>Washroom Building</type>
</wpt>
<wpt lat="43.7909400" lon="-79.4221907">
  <name>Goulding Community Centre Washroom</name>
  <desc>Address: 45 Goulding Ave | Hours: View centre hours | Where: Located in the Community Centre. | Accessible: Entrance at Grade, Powered Door Opener, Distress Call Button, 1250mm Turning Radius, Barrier Free Shower | Access: yes | Fee: no | Status: open | Source: City of Toronto Open Data (Park Washroom Facilities)</desc>
  <link href="https://www.toronto.ca/explore-enjoy/parks-recreation/places-spaces/parks-and-recreation-facilities/location/?id=643"><text>Details</text></link>
  <sym>Restroom</sym>
  <type>All-Gender Washroom, Accessible Washroom</type>
</wpt>
<wpt lat="43.7473905" lon="-79.5664573">
  <name>Gord and Irene Risk Community Centre Washroom</name>
  <desc>Address: 2650 Finch Ave W | Hours: View centre hours | Where: Located in the Community Centre. | Accessible: Entrance at Grade, Powered Door Opener, 1250mm Turning Radius | Access: yes | Fee: no | Status: open | Source: City of Toronto Open Data (Park Washroom Facilities)</desc>
  <link href="https://www.toronto.ca/explore-enjoy/parks-recreation/places-spaces/parks-and-recreation-facilities/location/?id=642"><text>Details</text></link>
  <sym>Restroom</sym>
  <type>All-Gender Washroom, Accessible Washroom</type>
</wpt>
<wpt lat="43.7087784" lon="-79.4558677">
  <name>Glen Long Community Centre Washroom</name>
  <desc>Address: 35 Glen Long Ave | Hours: View centre hours | Where: Located in the Community Centre. | Access: yes | Fee: no | Status: open | Source: City of Toronto Open Data (Park Washroom Facilities)</desc>
  <link href="https://www.toronto.ca/explore-enjoy/parks-recreation/places-spaces/parks-and-recreation-facilities/location/?id=638"><text>Details</text></link>
  <sym>Restroom</sym>
  <type>Washroom Building</type>
</wpt>
<wpt lat="43.7135759" lon="-79.3263847">
  <name>Flemingdon Community Centre Washroom</name>
  <desc>Address: 150 Grenoble Dr | Hours: View centre hours | Where: Located in the Community Centre. | Accessible: Entrance at Grade, Child Change Table | Access: yes | Fee: no | Status: open | Source: City of Toronto Open Data (Park Washroom Facilities)</desc>
  <link href="https://www.toronto.ca/explore-enjoy/parks-recreation/places-spaces/parks-and-recreation-facilities/location/?id=583"><text>Details</text></link>
  <sym>Restroom</sym>
  <type>All-Gender Washroom, Accessible Washroom</type>
</wpt>
<wpt lat="43.7166199" lon="-79.5037969">
  <name>Falstaff Community Centre Washroom</name>
  <desc>Address: 50 Falstaff Ave | Hours: View centre hours | Where: Located in the Community Centre. | Access: yes | Fee: no | Status: open | Source: City of Toronto Open Data (Park Washroom Facilities)</desc>
  <link href="https://www.toronto.ca/explore-enjoy/parks-recreation/places-spaces/parks-and-recreation-facilities/location/?id=1063"><text>Details</text></link>
  <sym>Restroom</sym>
  <type>Washroom Building</type>
</wpt>
<wpt lat="43.6767082" lon="-79.3149236">
  <name>Fairmount Park Community Centre Washroom</name>
  <desc>Address: 1725 Gerrard St E | Hours: View centre hours | Where: Located in the Community Centre. | Access: yes | Fee: no | Status: open | Source: City of Toronto Open Data (Park Washroom Facilities)</desc>
  <link href="https://www.toronto.ca/explore-enjoy/parks-recreation/places-spaces/parks-and-recreation-facilities/location/?id=308"><text>Details</text></link>
  <sym>Restroom</sym>
  <type>Washroom Building</type>
</wpt>
<wpt lat="43.6395320" lon="-79.5192436">
  <name>Fairfield Seniors' Centre Washroom</name>
  <desc>Address: 80 Lothian Ave | Hours: View centre hours | Where: Located in the Community Centre. | Access: yes | Fee: no | Status: open | Source: City of Toronto Open Data (Park Washroom Facilities)</desc>
  <link href="https://www.toronto.ca/explore-enjoy/parks-recreation/places-spaces/parks-and-recreation-facilities/location/?id=822"><text>Details</text></link>
  <sym>Restroom</sym>
  <type>Washroom Building</type>
</wpt>
<wpt lat="43.6912995" lon="-79.4479869">
  <name>Fairbank Memorial Community Centre Washroom</name>
  <desc>Address: 2213 Dufferin St | Hours: View centre hours | Where: Located in the Community Centre. | Access: yes | Fee: no | Status: open | Source: City of Toronto Open Data (Park Washroom Facilities)</desc>
  <link href="https://www.toronto.ca/explore-enjoy/parks-recreation/places-spaces/parks-and-recreation-facilities/location/?id=482"><text>Details</text></link>
  <sym>Restroom</sym>
  <type>Washroom Building</type>
</wpt>
<wpt lat="43.6502301" lon="-79.5844329">
  <name>Etobicoke Olympium Washroom</name>
  <desc>Address: 590 Rathburn Rd | Hours: View centre hours | Where: Located in the Community Centre. | Access: yes | Fee: no | Status: open | Source: City of Toronto Open Data (Park Washroom Facilities)</desc>
  <link href="https://www.toronto.ca/explore-enjoy/parks-recreation/places-spaces/parks-and-recreation-facilities/location/?id=892"><text>Details</text></link>
  <sym>Restroom</sym>
  <type>Washroom Building</type>
</wpt>
<wpt lat="43.7347548" lon="-79.5886690">
  <name>Elmbank Community Centre Washroom</name>
  <desc>Address: 10 Rampart Rd | Hours: View centre hours | Where: Located in the Community Centre. | Access: yes | Fee: no | Status: open | Source: City of Toronto Open Data (Park Washroom Facilities)</desc>
  <link href="https://www.toronto.ca/explore-enjoy/parks-recreation/places-spaces/parks-and-recreation-facilities/location/?id=750"><text>Details</text></link>
  <sym>Restroom</sym>
  <type>Washroom Building</type>
</wpt>
<wpt lat="43.7606971" lon="-79.2993484">
  <name>Ellesmere Community Centre Washroom</name>
  <desc>Address: 20 Canadian Rd | Hours: View centre hours | Where: Located in the Community Centre. | Access: yes | Fee: no | Status: open | Source: City of Toronto Open Data (Park Washroom Facilities)</desc>
  <link href="https://www.toronto.ca/explore-enjoy/parks-recreation/places-spaces/parks-and-recreation-facilities/location/?id=617"><text>Details</text></link>
  <sym>Restroom</sym>
  <type>Washroom Building</type>
</wpt>
<wpt lat="43.7769259" lon="-79.4264185">
  <name>Edithvale Community Centre Washroom</name>
  <desc>Address: 131 Finch Ave W | Hours: View centre hours | Where: Located in the Community Centre. | Access: yes | Fee: no | Status: open | Source: City of Toronto Open Data (Park Washroom Facilities)</desc>
  <link href="https://www.toronto.ca/explore-enjoy/parks-recreation/places-spaces/parks-and-recreation-facilities/location/?id=1463"><text>Details</text></link>
  <sym>Restroom</sym>
  <type>Washroom Building</type>
</wpt>
<wpt lat="43.6706706" lon="-79.5166684">
  <name>Edgehill House Washroom</name>
  <desc>Address: 61 Edgehill Rd | Hours: View centre hours | Where: Located in the Community Centre. | Access: yes | Fee: no | Status: open | Source: City of Toronto Open Data (Park Washroom Facilities)</desc>
  <link href="https://www.toronto.ca/explore-enjoy/parks-recreation/places-spaces/parks-and-recreation-facilities/location/?id=428"><text>Details</text></link>
  <sym>Restroom</sym>
  <type>Washroom Building</type>
</wpt>
<wpt lat="43.6775235" lon="-79.5107977">
  <name>Edenbridge Centre Washroom</name>
  <desc>Address: 235 Edenbridge Dr | Hours: View centre hours | Where: Located in the Community Centre. | Access: yes | Fee: no | Status: open | Source: City of Toronto Open Data (Park Washroom Facilities)</desc>
  <link href="https://www.toronto.ca/explore-enjoy/parks-recreation/places-spaces/parks-and-recreation-facilities/location/?id=436"><text>Details</text></link>
  <sym>Restroom</sym>
  <type>All-Gender Washroom</type>
</wpt>
<wpt lat="43.6917662" lon="-79.3492561">
  <name>East York Community Centre Washroom</name>
  <desc>Address: 1081 Pape Ave | Hours: View centre hours | Where: Located in the Community Centre. | Access: yes | Fee: no | Status: open | Source: City of Toronto Open Data (Park Washroom Facilities)</desc>
  <link href="https://www.toronto.ca/explore-enjoy/parks-recreation/places-spaces/parks-and-recreation-facilities/location/?id=329"><text>Details</text></link>
  <sym>Restroom</sym>
  <type>Washroom Building</type>
</wpt>
<wpt lat="43.6862871" lon="-79.3212870">
  <name>Earl Beatty Community Centre Washroom</name>
  <desc>Address: 455 Glebeholme Blvd | Hours: View centre hours | Where: Located in the Community Centre. | Access: yes | Fee: no | Status: open | Source: City of Toronto Open Data (Park Washroom Facilities)</desc>
  <link href="https://www.toronto.ca/explore-enjoy/parks-recreation/places-spaces/parks-and-recreation-facilities/location/?id=36"><text>Details</text></link>
  <sym>Restroom</sym>
  <type>Washroom Building</type>
</wpt>
<wpt lat="43.7545952" lon="-79.4339788">
  <name>Earl Bales Community Centre Washroom</name>
  <desc>Address: 4169 Bathurst St | Hours: View centre hours | Where: Located in the Community Centre. | Access: yes | Fee: no | Status: open | Source: City of Toronto Open Data (Park Washroom Facilities)</desc>
  <link href="https://www.toronto.ca/explore-enjoy/parks-recreation/places-spaces/parks-and-recreation-facilities/location/?id=171"><text>Details</text></link>
  <sym>Restroom</sym>
  <type>Washroom Building</type>
</wpt>
<wpt lat="43.7654285" lon="-79.5187469">
  <name>Driftwood Community Recreation Centre Washroom</name>
  <desc>Address: 4401 Jane St | Hours: View centre hours | Where: Located in the Community Centre. | Accessible: yes | Access: yes | Fee: no | Status: open | Source: City of Toronto Open Data (Park Washroom Facilities)</desc>
  <link href="https://www.toronto.ca/explore-enjoy/parks-recreation/places-spaces/parks-and-recreation-facilities/location/?id=575"><text>Details</text></link>
  <sym>Restroom</sym>
  <type>All-Gender Washroom, Accessible Washroom</type>
</wpt>
<wpt lat="43.7671973" lon="-79.4146712">
  <name>Douglas Snow Aquatic Centre Washroom</name>
  <desc>Address: 5100 Yonge St | Hours: View centre hours | Where: Located in the Community Centre. | Accessible: yes | Access: yes | Fee: no | Status: open | Source: City of Toronto Open Data (Park Washroom Facilities)</desc>
  <link href="https://www.toronto.ca/explore-enjoy/parks-recreation/places-spaces/parks-and-recreation-facilities/location/?id=567"><text>Details</text></link>
  <sym>Restroom</sym>
  <type>All-Gender Washroom, Accessible Washroom</type>
</wpt>
<wpt lat="43.7326290" lon="-79.2616996">
  <name>Don Montgomery Community Centre Washroom</name>
  <desc>Address: 2467 Eglinton Ave  E | Hours: View centre hours | Where: Located in the Community Centre. | Access: yes | Fee: no | Status: open | Source: City of Toronto Open Data (Park Washroom Facilities)</desc>
  <link href="https://www.toronto.ca/explore-enjoy/parks-recreation/places-spaces/parks-and-recreation-facilities/location/?id=712"><text>Details</text></link>
  <sym>Restroom</sym>
  <type>Washroom Building</type>
</wpt>
<wpt lat="43.7424384" lon="-79.5158271">
  <name>Domenico Di Luca Community Recreation Centre Washroom</name>
  <desc>Address: 25 Stanley Rd | Hours: View centre hours | Where: Located in the Community Centre. | Access: yes | Fee: no | Status: open | Source: City of Toronto Open Data (Park Washroom Facilities)</desc>
  <link href="https://www.toronto.ca/explore-enjoy/parks-recreation/places-spaces/parks-and-recreation-facilities/location/?id=760"><text>Details</text></link>
  <sym>Restroom</sym>
  <type>Washroom Building</type>
</wpt>
<wpt lat="43.7774369" lon="-79.2108137">
  <name>Curran Hall Community Centre Washroom</name>
  <desc>Address: 277 Orton Park Rd | Hours: View centre hours | Where: Located in the Community Centre. | Access: yes | Fee: no | Status: open | Source: City of Toronto Open Data (Park Washroom Facilities)</desc>
  <link href="https://www.toronto.ca/explore-enjoy/parks-recreation/places-spaces/parks-and-recreation-facilities/location/?id=782"><text>Details</text></link>
  <sym>Restroom</sym>
  <type>All-Gender Washroom, Accessible Washroom</type>
</wpt>
<wpt lat="43.8001101" lon="-79.3712768">
  <name>Cummer Park Community Centre Washroom</name>
  <desc>Address: 6000 Leslie St | Hours: View centre hours | Where: Located in the Community Centre. | Access: yes | Fee: no | Status: open | Source: City of Toronto Open Data (Park Washroom Facilities)</desc>
  <link href="https://www.toronto.ca/explore-enjoy/parks-recreation/places-spaces/parks-and-recreation-facilities/location/?id=499"><text>Details</text></link>
  <sym>Restroom</sym>
  <type>All-Gender Washroom, Accessible Washroom</type>
</wpt>
<wpt lat="43.7239623" lon="-79.5115751">
  <name>Chalkfarm Community Centre Washroom</name>
  <desc>Address: 180 Chalkfarm Dr | Hours: View centre hours | Where: Located in the Community Centre. | Access: yes | Fee: no | Status: open | Source: City of Toronto Open Data (Park Washroom Facilities)</desc>
  <link href="https://www.toronto.ca/explore-enjoy/parks-recreation/places-spaces/parks-and-recreation-facilities/location/?id=486"><text>Details</text></link>
  <sym>Restroom</sym>
  <type>Washroom Building</type>
</wpt>
<wpt lat="43.7745338" lon="-79.2370289">
  <name>Centennial Recreation Centre Scarborough Washroom</name>
  <desc>Address: 1967 Ellesmere Rd | Hours: View centre hours | Where: Located in the Community Centre. | Access: yes | Fee: no | Status: open | Source: City of Toronto Open Data (Park Washroom Facilities)</desc>
  <link href="https://www.toronto.ca/explore-enjoy/parks-recreation/places-spaces/parks-and-recreation-facilities/location/?id=537"><text>Details</text></link>
  <sym>Restroom</sym>
  <type>Washroom Building</type>
</wpt>
<wpt lat="43.7556239" lon="-79.2273955">
  <name>Cedarbrook Community Centre Washroom</name>
  <desc>Address: 91 Eastpark Blvd | Hours: View centre hours | Where: Located in the Community Centre. | Access: yes | Fee: no | Status: open | Source: City of Toronto Open Data (Park Washroom Facilities)</desc>
  <link href="https://www.toronto.ca/explore-enjoy/parks-recreation/places-spaces/parks-and-recreation-facilities/location/?id=600"><text>Details</text></link>
  <sym>Restroom</sym>
  <type>Washroom Building</type>
</wpt>
<wpt lat="43.7338393" lon="-79.5389617">
  <name>Carmine Stefano Community Centre Washroom</name>
  <desc>Address: 3100 Weston Rd | Hours: View centre hours | Where: Located in the Community Centre. | Access: yes | Fee: no | Status: open | Source: City of Toronto Open Data (Park Washroom Facilities)</desc>
  <link href="https://www.toronto.ca/explore-enjoy/parks-recreation/places-spaces/parks-and-recreation-facilities/location/?id=350"><text>Details</text></link>
  <sym>Restroom</sym>
  <type>Washroom Building</type>
</wpt>
<wpt lat="43.6397136" lon="-79.3947405">
  <name>Canoe Landing Community Recreation Centre Washroom</name>
  <desc>Address: 95 Fort York Blvd | Hours: View centre hours | Where: Located in the Community Centre. | Access: yes | Fee: no | Status: open | Source: City of Toronto Open Data (Park Washroom Facilities)</desc>
  <link href="https://www.toronto.ca/explore-enjoy/parks-recreation/places-spaces/parks-and-recreation-facilities/location/?id=3643"><text>Details</text></link>
  <sym>Restroom</sym>
  <type>Universal Washroom, All-Gender Washroom, Accessible Washroom</type>
</wpt>
<wpt lat="43.7940982" lon="-79.2343021">
  <name>Burrows Hall Community Centre Washroom</name>
  <desc>Address: 1081 Progress Ave | Hours: View centre hours | Where: Located in the Community Centre. | Access: yes | Fee: no | Status: open | Source: City of Toronto Open Data (Park Washroom Facilities)</desc>
  <link href="https://www.toronto.ca/explore-enjoy/parks-recreation/places-spaces/parks-and-recreation-facilities/location/?id=591"><text>Details</text></link>
  <sym>Restroom</sym>
  <type>Washroom Building</type>
</wpt>
<wpt lat="43.7459269" lon="-79.3227636">
  <name>Broadlands Community Centre Washroom</name>
  <desc>Address: 19 Castlegrove Blvd | Hours: View centre hours | Where: Located in the Community Centre. | Access: yes | Fee: no | Status: open | Source: City of Toronto Open Data (Park Washroom Facilities)</desc>
  <link href="https://www.toronto.ca/explore-enjoy/parks-recreation/places-spaces/parks-and-recreation-facilities/location/?id=7"><text>Details</text></link>
  <sym>Restroom</sym>
  <type>All-Gender Washroom, Accessible Washroom</type>
</wpt>
<wpt lat="43.6623905" lon="-79.4203102">
  <name>Bob Abate Community Recreation Centre Washroom</name>
  <desc>Address: 485 Montrose Ave | Hours: View centre hours | Where: Located in the Community Centre. | Access: yes | Fee: no | Status: open | Source: City of Toronto Open Data (Park Washroom Facilities)</desc>
  <link href="https://www.toronto.ca/explore-enjoy/parks-recreation/places-spaces/parks-and-recreation-facilities/location/?id=30"><text>Details</text></link>
  <sym>Restroom</sym>
  <type>Washroom Building</type>
</wpt>
<wpt lat="43.7682147" lon="-79.2637643">
  <name>Birkdale Community Centre Washroom</name>
  <desc>Address: 1299 Ellesmere Rd | Hours: View centre hours | Where: Located in the Community Centre. | Access: yes | Fee: no | Status: open | Source: City of Toronto Open Data (Park Washroom Facilities)</desc>
  <link href="https://www.toronto.ca/explore-enjoy/parks-recreation/places-spaces/parks-and-recreation-facilities/location/?id=289"><text>Details</text></link>
  <sym>Restroom</sym>
  <type>All-Gender Washroom, Accessible Washroom</type>
</wpt>
<wpt lat="43.6954940" lon="-79.2621839">
  <name>Birchmount Community Centre Washroom</name>
  <desc>Address: 93 Birchmount Rd | Hours: View centre hours | Where: Located in the Community Centre. | Accessible: Entrance at Grade, Powered Door Opener, Distress Call Button, Adult Change Tables | Access: yes | Fee: no | Status: open | Source: City of Toronto Open Data (Park Washroom Facilities)</desc>
  <link href="https://www.toronto.ca/explore-enjoy/parks-recreation/places-spaces/parks-and-recreation-facilities/location/?id=507"><text>Details</text></link>
  <sym>Restroom</sym>
  <type>Universal Washroom, All-Gender Washroom, Accessible Washroom</type>
</wpt>
<wpt lat="43.6739833" lon="-79.2987784">
  <name>Beaches Recreation Centre Washroom</name>
  <desc>Address: 6 Williamson Rd | Hours: View centre hours | Where: Located in the Community Centre. | Access: yes | Fee: no | Status: open | Source: City of Toronto Open Data (Park Washroom Facilities)</desc>
  <link href="https://www.toronto.ca/explore-enjoy/parks-recreation/places-spaces/parks-and-recreation-facilities/location/?id=24"><text>Details</text></link>
  <sym>Restroom</sym>
  <type>Washroom Building</type>
</wpt>
<wpt lat="43.7207008" lon="-79.4321579">
  <name>Barbara Frum Community Centre Washroom</name>
  <desc>Address: 20 Covington Rd | Hours: View centre hours | Where: Located in the Community Centre. | Access: yes | Fee: no | Status: open | Source: City of Toronto Open Data (Park Washroom Facilities)</desc>
  <link href="https://www.toronto.ca/explore-enjoy/parks-recreation/places-spaces/parks-and-recreation-facilities/location/?id=1045"><text>Details</text></link>
  <sym>Restroom</sym>
  <type>Washroom Building</type>
</wpt>
<wpt lat="43.7393861" lon="-79.4218484">
  <name>Armour Heights Community Centre Washroom</name>
  <desc>Address: 2140 Avenue Rd | Hours: View centre hours | Where: Located in the Community Centre. | Access: yes | Fee: no | Status: open | Source: City of Toronto Open Data (Park Washroom Facilities)</desc>
  <link href="https://www.toronto.ca/explore-enjoy/parks-recreation/places-spaces/parks-and-recreation-facilities/location/?id=503"><text>Details</text></link>
  <sym>Restroom</sym>
  <type>Washroom Building</type>
</wpt>
<wpt lat="43.7811384" lon="-79.4469959">
  <name>Antibes Community Centre Washroom</name>
  <desc>Address: 140 Antibes Dr | Hours: View centre hours | Where: Located in the Community Centre. | Access: yes | Fee: no | Status: open | Source: City of Toronto Open Data (Park Washroom Facilities)</desc>
  <link href="https://www.toronto.ca/explore-enjoy/parks-recreation/places-spaces/parks-and-recreation-facilities/location/?id=42"><text>Details</text></link>
  <sym>Restroom</sym>
  <type>Washroom Building</type>
</wpt>
<wpt lat="43.7325406" lon="-79.4656418">
  <name>Ancaster Community Centre Washroom</name>
  <desc>Address: 41 Ancaster Rd | Hours: View centre hours | Where: Located in the Community Centre. | Access: yes | Fee: no | Status: open | Source: City of Toronto Open Data (Park Washroom Facilities)</desc>
  <link href="https://www.toronto.ca/explore-enjoy/parks-recreation/places-spaces/parks-and-recreation-facilities/location/?id=487"><text>Details</text></link>
  <sym>Restroom</sym>
  <type>Washroom Building</type>
</wpt>
<wpt lat="43.7392878" lon="-79.5809490">
  <name>Albion Pool and Health Club Washroom</name>
  <desc>Address: 1485 Albion Rd | Hours: View centre hours | Where: Located in the Community Centre. | Access: yes | Fee: no | Status: open | Source: City of Toronto Open Data (Park Washroom Facilities)</desc>
  <link href="https://www.toronto.ca/explore-enjoy/parks-recreation/places-spaces/parks-and-recreation-facilities/location/?id=893"><text>Details</text></link>
  <sym>Restroom</sym>
  <type>Washroom Building</type>
</wpt>
<wpt lat="43.7881603" lon="-79.2759781">
  <name>Agincourt Recreation Centre Washroom</name>
  <desc>Address: 31 Glen Watford Dr | Hours: View centre hours | Where: Located in the Community Centre. | Access: yes | Fee: no | Status: open | Source: City of Toronto Open Data (Park Washroom Facilities)</desc>
  <link href="https://www.toronto.ca/explore-enjoy/parks-recreation/places-spaces/parks-and-recreation-facilities/location/?id=523"><text>Details</text></link>
  <sym>Restroom</sym>
  <type>Washroom Building</type>
</wpt>
<wpt lat="43.6828375" lon="-79.2888263">
  <name>Adam Beck Community Centre Washroom</name>
  <desc>Address: 79 Lawlor Ave | Hours: Mon 2:00 p.m. - 10:00 p.m.; Tue 2:00 p.m. - 10:00 p.m.; Wed 2:00 p.m. - 10:00 p.m.; Thu 2:00 p.m. - 10:00 p.m.; Fri 2:00 p.m. - 8:00 p.m.; Sat 9:00 a.m. - 5:00 p.m.; Sun Closed | Where: Located in the Community Centre. | Access: yes | Fee: no | Status: open | Source: City of Toronto Open Data (Park Washroom Facilities)</desc>
  <link href="https://www.toronto.ca/explore-enjoy/parks-recreation/places-spaces/parks-and-recreation-facilities/location/?id=13"><text>Details</text></link>
  <sym>Restroom</sym>
  <type>Washroom Building</type>
</wpt>
<wpt lat="43.6341933" lon="-79.4046231">
  <name>Public toilet</name>
  <desc>Access: unknown | Fee: unknown | Status: open | Source: OpenStreetMap</desc>
  <link href="https://www.openstreetmap.org/node/409200436"><text>Details</text></link>
  <sym>Restroom</sym>
  <type>Toilet</type>
</wpt>
<wpt lat="43.7349036" lon="-79.3456178">
  <name>Public toilet</name>
  <desc>Accessible: yes | Access: unknown | Fee: unknown | Status: open | Source: OpenStreetMap</desc>
  <link href="https://www.openstreetmap.org/node/495303216"><text>Details</text></link>
  <sym>Restroom</sym>
  <type>Toilet</type>
</wpt>
<wpt lat="43.7348029" lon="-79.3441212">
  <name>Public toilet</name>
  <desc>Accessible: yes | Access: unknown | Fee: unknown | Status: open | Source: OpenStreetMap</desc>
  <link href="https://www.openstreetmap.org/node/495303273"><text>Details</text></link>
  <sym>Restroom</sym>
  <type>Toilet</type>
</wpt>
<wpt lat="43.7341861" lon="-79.3456769">
  <name>Public toilet</name>
  <desc>Accessible: yes | Access: unknown | Fee: unknown | Status: open | Source: OpenStreetMap</desc>
  <link href="https://www.openstreetmap.org/node/495303284"><text>Details</text></link>
  <sym>Restroom</sym>
  <type>Toilet</type>
</wpt>
<wpt lat="43.7697990" lon="-79.3762922">
  <name>Public toilet</name>
  <desc>Access: unknown | Fee: no | Status: open | Source: OpenStreetMap</desc>
  <link href="https://www.openstreetmap.org/node/595912515"><text>Details</text></link>
  <sym>Restroom</sym>
  <type>Toilet</type>
</wpt>
<wpt lat="43.7362814" lon="-79.3440607">
  <name>Public toilet</name>
  <desc>Where: Indoors | Accessible: yes | Access: unknown | Fee: unknown | Status: open | Source: OpenStreetMap</desc>
  <link href="https://www.openstreetmap.org/node/759573151"><text>Details</text></link>
  <sym>Restroom</sym>
  <type>Toilet</type>
</wpt>
<wpt lat="43.6585664" lon="-79.3927268">
  <name>Public toilet (permissive access)</name>
  <desc>Access: permissive | Fee: unknown | Status: open | Source: OpenStreetMap</desc>
  <link href="https://www.openstreetmap.org/node/783499441"><text>Details</text></link>
  <sym>Restroom</sym>
  <type>Toilet</type>
</wpt>
<wpt lat="43.7883241" lon="-79.2678997">
  <name>Public toilet (permissive access)</name>
  <desc>Access: permissive | Fee: unknown | Status: open | Source: OpenStreetMap</desc>
  <link href="https://www.openstreetmap.org/node/797705355"><text>Details</text></link>
  <sym>Restroom</sym>
  <type>Toilet</type>
</wpt>
<wpt lat="43.6591383" lon="-79.3915288">
  <name>Public toilet</name>
  <desc>Access: unknown | Fee: unknown | Status: open | Source: OpenStreetMap</desc>
  <link href="https://www.openstreetmap.org/node/863515899"><text>Details</text></link>
  <sym>Restroom</sym>
  <type>Toilet</type>
</wpt>
<wpt lat="43.8199464" lon="-79.1812668">
  <name>Toronto Zoo</name>
  <desc>Access: unknown | Fee: no | Status: open | Source: OpenStreetMap</desc>
  <link href="https://www.openstreetmap.org/node/889264557"><text>Details</text></link>
  <sym>Restroom</sym>
  <type>Toilet</type>
</wpt>
<wpt lat="43.6621454" lon="-79.3938958">
  <name>Public toilet</name>
  <desc>Accessible: no | Access: unknown | Fee: unknown | Status: open | Source: OpenStreetMap</desc>
  <link href="https://www.openstreetmap.org/node/938003308"><text>Details</text></link>
  <sym>Restroom</sym>
  <type>Toilet</type>
</wpt>
<wpt lat="43.6657885" lon="-79.3971069">
  <name>Public toilet</name>
  <desc>Where: down stairs | Accessible: no | Access: unknown | Fee: unknown | Status: open | Source: OpenStreetMap</desc>
  <link href="https://www.openstreetmap.org/node/939019752"><text>Details</text></link>
  <sym>Restroom</sym>
  <type>Toilet</type>
</wpt>
<wpt lat="43.6632948" lon="-79.3955133">
  <name>Public toilet</name>
  <desc>Where: in basement | Access: unknown | Fee: unknown | Status: open | Source: OpenStreetMap</desc>
  <link href="https://www.openstreetmap.org/node/1001962643"><text>Details</text></link>
  <sym>Restroom</sym>
  <type>Toilet</type>
</wpt>
<wpt lat="43.6628524" lon="-79.3952397">
  <name>Public toilet</name>
  <desc>Access: unknown | Fee: unknown | Status: open | Source: OpenStreetMap</desc>
  <link href="https://www.openstreetmap.org/node/1001962653"><text>Details</text></link>
  <sym>Restroom</sym>
  <type>Toilet</type>
</wpt>
<wpt lat="43.7743008" lon="-79.5011262">
  <name>Public toilet</name>
  <desc>Accessible: yes | Access: yes | Fee: unknown | Status: open | Source: OpenStreetMap</desc>
  <link href="https://www.openstreetmap.org/node/1111967974"><text>Details</text></link>
  <sym>Restroom</sym>
  <type>Toilet</type>
</wpt>
<wpt lat="43.6562570" lon="-79.3836300">
  <name>Public toilet</name>
  <desc>Accessible: yes | Access: unknown | Fee: unknown | Status: open | Source: OpenStreetMap</desc>
  <link href="https://www.openstreetmap.org/node/1122181837"><text>Details</text></link>
  <sym>Restroom</sym>
  <type>Toilet</type>
</wpt>
<wpt lat="43.7680906" lon="-79.4140900">
  <name>Public toilet</name>
  <desc>Access: unknown | Fee: unknown | Status: open | Source: OpenStreetMap</desc>
  <link href="https://www.openstreetmap.org/node/1125517865"><text>Details</text></link>
  <sym>Restroom</sym>
  <type>Toilet</type>
</wpt>
<wpt lat="43.7743215" lon="-79.5021282">
  <name>Public toilet</name>
  <desc>Accessible: yes | Access: unknown | Fee: unknown | Status: open | Source: OpenStreetMap</desc>
  <link href="https://www.openstreetmap.org/node/1131482562"><text>Details</text></link>
  <sym>Restroom</sym>
  <type>Toilet</type>
</wpt>
<wpt lat="43.6462180" lon="-79.3872100">
  <name>Public toilet</name>
  <desc>Access: unknown | Fee: unknown | Status: open | Source: OpenStreetMap</desc>
  <link href="https://www.openstreetmap.org/node/1132650735"><text>Details</text></link>
  <sym>Restroom</sym>
  <type>Toilet</type>
</wpt>
<wpt lat="43.7687245" lon="-79.3855492">
  <name>Public toilet</name>
  <desc>Access: unknown | Fee: unknown | Status: open | Source: OpenStreetMap</desc>
  <link href="https://www.openstreetmap.org/node/1138266051"><text>Details</text></link>
  <sym>Restroom</sym>
  <type>Toilet</type>
</wpt>
<wpt lat="43.7693374" lon="-79.3839324">
  <name>Public toilet</name>
  <desc>Access: unknown | Fee: unknown | Status: open | Source: OpenStreetMap</desc>
  <link href="https://www.openstreetmap.org/node/1138266446"><text>Details</text></link>
  <sym>Restroom</sym>
  <type>Toilet</type>
</wpt>
<wpt lat="43.6445292" lon="-79.3871203">
  <name>Public toilet</name>
  <desc>Access: unknown | Fee: unknown | Status: open | Source: OpenStreetMap</desc>
  <link href="https://www.openstreetmap.org/node/1141383177"><text>Details</text></link>
  <sym>Restroom</sym>
  <type>Toilet</type>
</wpt>
<wpt lat="43.6695050" lon="-79.3881770">
  <name>Women</name>
  <desc>Where: Women | Access: unknown | Fee: unknown | Status: open | Source: OpenStreetMap</desc>
  <link href="https://www.openstreetmap.org/node/1151572237"><text>Details</text></link>
  <sym>Restroom</sym>
  <type>Toilet</type>
</wpt>
<wpt lat="43.6690850" lon="-79.3883990">
  <name>Men</name>
  <desc>Where: Men | Access: unknown | Fee: unknown | Status: open | Source: OpenStreetMap</desc>
  <link href="https://www.openstreetmap.org/node/1151572646"><text>Details</text></link>
  <sym>Restroom</sym>
  <type>Toilet</type>
</wpt>
<wpt lat="43.6514144" lon="-79.3797813">
  <name>Underground east of hallway in Bay-Adelaide Centre</name>
  <desc>Where: Underground east of hallway in Bay-Adelaide Centre | Access: unknown | Fee: unknown | Status: open | Source: OpenStreetMap</desc>
  <link href="https://www.openstreetmap.org/node/1157112662"><text>Details</text></link>
  <sym>Restroom</sym>
  <type>Toilet</type>
</wpt>
<wpt lat="43.6609060" lon="-79.3832110">
  <name>Men to north women to south</name>
  <desc>Where: Men to north women to south | Accessible: yes | Access: unknown | Fee: unknown | Status: open | Source: OpenStreetMap</desc>
  <link href="https://www.openstreetmap.org/node/1191662664"><text>Details</text></link>
  <sym>Restroom</sym>
  <type>Toilet</type>
</wpt>
<wpt lat="43.6384260" lon="-79.3819940">
  <name>Public toilet</name>
  <desc>Access: unknown | Fee: unknown | Status: open | Source: OpenStreetMap</desc>
  <link href="https://www.openstreetmap.org/node/1346328451"><text>Details</text></link>
  <sym>Restroom</sym>
  <type>Toilet</type>
</wpt>
<wpt lat="43.6425621" lon="-79.3255177">
  <name>Public toilet</name>
  <desc>Access: unknown | Fee: unknown | Status: open | Source: OpenStreetMap</desc>
  <link href="https://www.openstreetmap.org/node/1349531441"><text>Details</text></link>
  <sym>Restroom</sym>
  <type>Toilet</type>
</wpt>
<wpt lat="43.6453105" lon="-79.3239298">
  <name>Public toilet</name>
  <desc>Access: unknown | Fee: unknown | Status: open | Source: OpenStreetMap</desc>
  <link href="https://www.openstreetmap.org/node/1349531443"><text>Details</text></link>
  <sym>Restroom</sym>
  <type>Toilet</type>
</wpt>
<wpt lat="43.7847755" lon="-79.2912838">
  <name>Public toilet (customers only)</name>
  <desc>Where: In Walmart | Access: customers | Fee: unknown | Status: open | Source: OpenStreetMap</desc>
  <link href="https://www.openstreetmap.org/node/1367542426"><text>Details</text></link>
  <sym>Restroom</sym>
  <type>Toilet</type>
</wpt>
<wpt lat="43.6715516" lon="-79.3849599">
  <name>Public toilet</name>
  <desc>Access: unknown | Fee: unknown | Status: open | Source: OpenStreetMap</desc>
  <link href="https://www.openstreetmap.org/node/1701769126"><text>Details</text></link>
  <sym>Restroom</sym>
  <type>Toilet</type>
</wpt>
<wpt lat="43.8239262" lon="-79.1819268">
  <name>Public toilet</name>
  <desc>Access: unknown | Fee: unknown | Status: open | Source: OpenStreetMap</desc>
  <link href="https://www.openstreetmap.org/node/1866770279"><text>Details</text></link>
  <sym>Restroom</sym>
  <type>Toilet</type>
</wpt>
<wpt lat="43.8168886" lon="-79.1933744">
  <name>Public toilet</name>
  <desc>Access: unknown | Fee: unknown | Status: open | Source: OpenStreetMap</desc>
  <link href="https://www.openstreetmap.org/node/1866770914"><text>Details</text></link>
  <sym>Restroom</sym>
  <type>Toilet</type>
</wpt>
<wpt lat="43.8194642" lon="-79.1845700">
  <name>Public toilet (customers only)</name>
  <desc>Accessible: yes | Access: customers | Fee: unknown | Status: open | Source: OpenStreetMap</desc>
  <link href="https://www.openstreetmap.org/node/1866770916"><text>Details</text></link>
  <sym>Restroom</sym>
  <type>Toilet</type>
</wpt>
<wpt lat="43.8216727" lon="-79.1821950">
  <name>Public toilet</name>
  <desc>Access: unknown | Fee: unknown | Status: open | Source: OpenStreetMap</desc>
  <link href="https://www.openstreetmap.org/node/1866790697"><text>Details</text></link>
  <sym>Restroom</sym>
  <type>Toilet</type>
</wpt>
<wpt lat="43.6384818" lon="-79.3806591">
  <name>Public toilet</name>
  <desc>Access: yes | Fee: no | Status: open | Source: OpenStreetMap</desc>
  <link href="https://www.openstreetmap.org/node/2001929180"><text>Details</text></link>
  <sym>Restroom</sym>
  <type>Toilet</type>
</wpt>
<wpt lat="43.7247150" lon="-79.4535907">
  <name>Public toilet</name>
  <desc>Access: unknown | Fee: unknown | Status: open | Source: OpenStreetMap</desc>
  <link href="https://www.openstreetmap.org/node/2018929865"><text>Details</text></link>
  <sym>Restroom</sym>
  <type>Toilet</type>
</wpt>
<wpt lat="43.7249981" lon="-79.4511945">
  <name>Public toilet</name>
  <desc>Access: unknown | Fee: unknown | Status: open | Source: OpenStreetMap</desc>
  <link href="https://www.openstreetmap.org/node/2018940583"><text>Details</text></link>
  <sym>Restroom</sym>
  <type>Toilet</type>
</wpt>
<wpt lat="43.7253002" lon="-79.4486585">
  <name>Public toilet</name>
  <desc>Access: unknown | Fee: unknown | Status: open | Source: OpenStreetMap</desc>
  <link href="https://www.openstreetmap.org/node/2018981407"><text>Details</text></link>
  <sym>Restroom</sym>
  <type>Toilet</type>
</wpt>
<wpt lat="43.7374635" lon="-79.4830235">
  <name>Public toilet</name>
  <desc>Access: unknown | Fee: unknown | Status: open | Source: OpenStreetMap</desc>
  <link href="https://www.openstreetmap.org/node/2029412974"><text>Details</text></link>
  <sym>Restroom</sym>
  <type>Toilet</type>
</wpt>
<wpt lat="43.6459763" lon="-79.3806502">
  <name>Public toilet</name>
  <desc>Where: on 2nd floor, accessible from basement and lobby via elevator | Access: unknown | Fee: unknown | Status: open | Source: OpenStreetMap</desc>
  <link href="https://www.openstreetmap.org/node/2118247096"><text>Details</text></link>
  <sym>Restroom</sym>
  <type>Toilet</type>
</wpt>
<wpt lat="43.7235527" lon="-79.2988305">
  <name>Public toilet</name>
  <desc>Access: unknown | Fee: unknown | Status: open | Source: OpenStreetMap</desc>
  <link href="https://www.openstreetmap.org/node/2122898496"><text>Details</text></link>
  <sym>Restroom</sym>
  <type>Toilet</type>
</wpt>
<wpt lat="43.8232029" lon="-79.1830846">
  <name>Public toilet (customers only)</name>
  <desc>Accessible: yes | Access: customers | Fee: unknown | Status: open | Source: OpenStreetMap</desc>
  <link href="https://www.openstreetmap.org/node/2130920501"><text>Details</text></link>
  <sym>Restroom</sym>
  <type>Toilet</type>
</wpt>
<wpt lat="43.8180368" lon="-79.1892118">
  <name>Public toilet</name>
  <desc>Access: unknown | Fee: unknown | Status: open | Source: OpenStreetMap</desc>
  <link href="https://www.openstreetmap.org/node/2130921462"><text>Details</text></link>
  <sym>Restroom</sym>
  <type>Toilet</type>
</wpt>
<wpt lat="43.6708594" lon="-79.3874189">
  <name>Public toilet</name>
  <desc>Access: unknown | Fee: unknown | Status: open | Source: OpenStreetMap</desc>
  <link href="https://www.openstreetmap.org/node/2144937894"><text>Details</text></link>
  <sym>Restroom</sym>
  <type>Toilet</type>
</wpt>
<wpt lat="43.6500106" lon="-79.3587077">
  <name>Public toilet</name>
  <desc>Access: unknown | Fee: no | Status: open | Source: OpenStreetMap</desc>
  <link href="https://www.openstreetmap.org/node/2149834634"><text>Details</text></link>
  <sym>Restroom</sym>
  <type>Toilet</type>
</wpt>
<wpt lat="43.7828320" lon="-79.1869188">
  <name>Public toilet</name>
  <desc>Accessible: yes | Access: unknown | Fee: unknown | Status: open | Source: OpenStreetMap</desc>
  <link href="https://www.openstreetmap.org/node/2363359977"><text>Details</text></link>
  <sym>Restroom</sym>
  <type>Toilet</type>
</wpt>
<wpt lat="43.7834583" lon="-79.1879759">
  <name>Public toilet</name>
  <desc>Accessible: yes | Access: unknown | Fee: unknown | Status: open | Source: OpenStreetMap</desc>
  <link href="https://www.openstreetmap.org/node/2363366210"><text>Details</text></link>
  <sym>Restroom</sym>
  <type>Toilet</type>
</wpt>
<wpt lat="43.7838933" lon="-79.1869176">
  <name>Public toilet</name>
  <desc>Accessible: yes | Access: unknown | Fee: unknown | Status: open | Source: OpenStreetMap</desc>
  <link href="https://www.openstreetmap.org/node/2363480036"><text>Details</text></link>
  <sym>Restroom</sym>
  <type>Toilet</type>
</wpt>
<wpt lat="43.6426881" lon="-79.3877835">
  <name>Public toilet</name>
  <desc>Access: unknown | Fee: unknown | Status: open | Source: OpenStreetMap</desc>
  <link href="https://www.openstreetmap.org/node/2454669536"><text>Details</text></link>
  <sym>Restroom</sym>
  <type>Toilet</type>
</wpt>
<wpt lat="43.7751192" lon="-79.5170925">
  <name>Public toilet</name>
  <desc>Access: unknown | Fee: unknown | Status: open | Source: OpenStreetMap</desc>
  <link href="https://www.openstreetmap.org/node/2493664910"><text>Details</text></link>
  <sym>Restroom</sym>
  <type>Toilet</type>
</wpt>
<wpt lat="43.7734390" lon="-79.5167130">
  <name>Public toilet</name>
  <desc>Access: unknown | Fee: unknown | Status: open | Source: OpenStreetMap</desc>
  <link href="https://www.openstreetmap.org/node/2493664911"><text>Details</text></link>
  <sym>Restroom</sym>
  <type>Toilet</type>
</wpt>
<wpt lat="43.6884173" lon="-79.3938676">
  <name>Public toilet</name>
  <desc>Where: in basement of St. Clair Centre | Access: unknown | Fee: unknown | Status: open | Source: OpenStreetMap</desc>
  <link href="https://www.openstreetmap.org/node/2508944693"><text>Details</text></link>
  <sym>Restroom</sym>
  <type>Toilet</type>
</wpt>
<wpt lat="43.6390037" lon="-79.3868570">
  <name>Public toilet</name>
  <desc>Address: 318 Queens Quay W | Accessible: yes | Access: yes | Fee: yes | Status: open | Source: OpenStreetMap</desc>
  <link href="https://www.openstreetmap.org/node/2617630911"><text>Details</text></link>
  <sym>Restroom</sym>
  <type>Toilet</type>
</wpt>
<wpt lat="43.7253774" lon="-79.3578265">
  <name>Public toilet</name>
  <desc>Where: Seasonal access. Closed in winter. | Access: yes | Fee: no | Status: open | Source: OpenStreetMap</desc>
  <link href="https://www.openstreetmap.org/node/2733191211"><text>Details</text></link>
  <sym>Restroom</sym>
  <type>Toilet</type>
</wpt>
<wpt lat="43.8241857" lon="-79.2781592">
  <name>Public toilet</name>
  <desc>Access: unknown | Fee: unknown | Status: open | Source: OpenStreetMap</desc>
  <link href="https://www.openstreetmap.org/node/2795489793"><text>Details</text></link>
  <sym>Restroom</sym>
  <type>Toilet</type>
</wpt>
<wpt lat="43.6539464" lon="-79.3908985">
  <name>Public toilet (permissive access)</name>
  <desc>Access: permissive | Fee: unknown | Status: open | Source: OpenStreetMap</desc>
  <link href="https://www.openstreetmap.org/node/2808836104"><text>Details</text></link>
  <sym>Restroom</sym>
  <type>Toilet</type>
</wpt>
<wpt lat="43.6336578" lon="-79.3237153">
  <name>Public toilet</name>
  <desc>Access: unknown | Fee: unknown | Status: open | Source: OpenStreetMap</desc>
  <link href="https://www.openstreetmap.org/node/2881353251"><text>Details</text></link>
  <sym>Restroom</sym>
  <type>Toilet</type>
</wpt>
<wpt lat="43.7988483" lon="-79.3190092">
  <name>Public toilet</name>
  <desc>Access: unknown | Fee: unknown | Status: open | Source: OpenStreetMap</desc>
  <link href="https://www.openstreetmap.org/node/2955338972"><text>Details</text></link>
  <sym>Restroom</sym>
  <type>Toilet</type>
</wpt>
<wpt lat="43.7990818" lon="-79.3188228">
  <name>Public toilet</name>
  <desc>Accessible: yes | Access: yes | Fee: unknown | Status: open | Source: OpenStreetMap</desc>
  <link href="https://www.openstreetmap.org/node/2955338974"><text>Details</text></link>
  <sym>Restroom</sym>
  <type>Toilet</type>
</wpt>
<wpt lat="43.6988907" lon="-79.3861383">
  <name>Public toilet (customers only)</name>
  <desc>Access: customers | Fee: unknown | Status: open | Source: OpenStreetMap</desc>
  <link href="https://www.openstreetmap.org/node/2974724291"><text>Details</text></link>
  <sym>Restroom</sym>
  <type>Toilet</type>
</wpt>
<wpt lat="43.7343752" lon="-79.3581800">
  <name>Public toilet</name>
  <desc>Access: unknown | Fee: unknown | Status: open | Source: OpenStreetMap</desc>
  <link href="https://www.openstreetmap.org/node/3013610156"><text>Details</text></link>
  <sym>Restroom</sym>
  <type>Toilet</type>
</wpt>
<wpt lat="43.6840773" lon="-79.4160893">
  <name>Public toilet</name>
  <desc>Access: unknown | Fee: unknown | Status: open | Source: OpenStreetMap</desc>
  <link href="https://www.openstreetmap.org/node/3150001940"><text>Details</text></link>
  <sym>Restroom</sym>
  <type>Toilet</type>
</wpt>
<wpt lat="43.6487685" lon="-79.3713492">
  <name>Public toilet</name>
  <desc>Accessible: no | Access: yes | Fee: no | Status: open | Source: OpenStreetMap</desc>
  <link href="https://www.openstreetmap.org/node/3308179717"><text>Details</text></link>
  <sym>Restroom</sym>
  <type>Toilet</type>
</wpt>
<wpt lat="43.6488173" lon="-79.3713637">
  <name>Public toilet</name>
  <desc>Accessible: no | Access: yes | Fee: no | Status: open | Source: OpenStreetMap</desc>
  <link href="https://www.openstreetmap.org/node/3308179726"><text>Details</text></link>
  <sym>Restroom</sym>
  <type>Toilet</type>
</wpt>
<wpt lat="43.6490463" lon="-79.3717426">
  <name>Public toilet</name>
  <desc>Accessible: yes | Access: yes | Fee: no | Status: open | Source: OpenStreetMap</desc>
  <link href="https://www.openstreetmap.org/node/3308179742"><text>Details</text></link>
  <sym>Restroom</sym>
  <type>Toilet</type>
</wpt>
<wpt lat="43.6490597" lon="-79.3716898">
  <name>Public toilet</name>
  <desc>Accessible: yes | Access: yes | Fee: no | Status: open | Source: OpenStreetMap</desc>
  <link href="https://www.openstreetmap.org/node/3308179743"><text>Details</text></link>
  <sym>Restroom</sym>
  <type>Toilet</type>
</wpt>
<wpt lat="43.6473273" lon="-79.3829941">
  <name>Cadillac Fairview (permissive access)</name>
  <desc>Access: permissive | Fee: no | Status: open | Source: OpenStreetMap</desc>
  <link href="https://www.openstreetmap.org/node/3329398426"><text>Details</text></link>
  <sym>Restroom</sym>
  <type>Toilet</type>
</wpt>
<wpt lat="43.7249010" lon="-79.4017320">
  <name>Locke library public toilet</name>
  <desc>Accessible: yes | Access: unknown | Fee: no | Status: open | Source: OpenStreetMap</desc>
  <link href="https://www.openstreetmap.org/node/3369502993"><text>Details</text></link>
  <sym>Restroom</sym>
  <type>Toilet</type>
</wpt>
<wpt lat="43.6478770" lon="-79.3846750">
  <name>Public toilet</name>
  <desc>Accessible: yes | Access: unknown | Fee: no | Status: open | Source: OpenStreetMap</desc>
  <link href="https://www.openstreetmap.org/node/3369514093"><text>Details</text></link>
  <sym>Restroom</sym>
  <type>Toilet</type>
</wpt>
<wpt lat="43.6180152" lon="-79.5545913">
  <name>Public toilet</name>
  <desc>Access: unknown | Fee: unknown | Status: open | Source: OpenStreetMap</desc>
  <link href="https://www.openstreetmap.org/node/3425674165"><text>Details</text></link>
  <sym>Restroom</sym>
  <type>Toilet</type>
</wpt>
<wpt lat="43.7788619" lon="-79.1847040">
  <name>Public toilet</name>
  <desc>Accessible: yes | Access: unknown | Fee: unknown | Status: open | Source: OpenStreetMap</desc>
  <link href="https://www.openstreetmap.org/node/3484286931"><text>Details</text></link>
  <sym>Restroom</sym>
  <type>Toilet</type>
</wpt>
<wpt lat="43.7841817" lon="-79.2937040">
  <name>Public toilet (customers only)</name>
  <desc>Access: customers | Fee: unknown | Status: open | Source: OpenStreetMap</desc>
  <link href="https://www.openstreetmap.org/node/3507813546"><text>Details</text></link>
  <sym>Restroom</sym>
  <type>Toilet</type>
</wpt>
<wpt lat="43.6473243" lon="-79.3841821">
  <name>Public toilet (permissive access)</name>
  <desc>Accessible: yes | Access: permissive | Fee: no | Status: open | Source: OpenStreetMap</desc>
  <link href="https://www.openstreetmap.org/node/3559450459"><text>Details</text></link>
  <sym>Restroom</sym>
  <type>Toilet</type>
</wpt>
<wpt lat="43.6469019" lon="-79.3785615">
  <name>Public toilet (permissive access)</name>
  <desc>Accessible: yes | Access: permissive | Fee: no | Status: open | Source: OpenStreetMap</desc>
  <link href="https://www.openstreetmap.org/node/3559602401"><text>Details</text></link>
  <sym>Restroom</sym>
  <type>Toilet</type>
</wpt>
<wpt lat="43.6554655" lon="-79.3811396">
  <name>Cadillac Fairview</name>
  <desc>Accessible: yes | Access: yes | Fee: no | Status: open | Source: OpenStreetMap</desc>
  <link href="https://www.openstreetmap.org/node/3597536048"><text>Details</text></link>
  <sym>Restroom</sym>
  <type>Toilet</type>
</wpt>
<wpt lat="43.6337349" lon="-79.4248265">
  <name>Public toilet</name>
  <desc>Access: unknown | Fee: unknown | Status: open | Source: OpenStreetMap</desc>
  <link href="https://www.openstreetmap.org/node/3624198910"><text>Details</text></link>
  <sym>Restroom</sym>
  <type>Toilet</type>
</wpt>
<wpt lat="43.7826469" lon="-79.1860830">
  <name>Public toilet</name>
  <desc>Access: unknown | Fee: unknown | Status: open | Source: OpenStreetMap</desc>
  <link href="https://www.openstreetmap.org/node/3658116130"><text>Details</text></link>
  <sym>Restroom</sym>
  <type>Toilet</type>
</wpt>
<wpt lat="43.6478330" lon="-79.3712598">
  <name>Public toilet</name>
  <desc>Accessible: yes | Access: unknown | Fee: unknown | Status: open | Source: OpenStreetMap</desc>
  <link href="https://www.openstreetmap.org/node/3676831125"><text>Details</text></link>
  <sym>Restroom</sym>
  <type>Toilet</type>
</wpt>
<wpt lat="43.6458211" lon="-79.3210828">
  <name>Public toilet</name>
  <desc>Where: portable toilet, used as toilet for Tommy Thompson Park | Access: unknown | Fee: unknown | Status: open | Source: OpenStreetMap</desc>
  <link href="https://www.openstreetmap.org/node/3679637427"><text>Details</text></link>
  <sym>Restroom</sym>
  <type>Toilet</type>
</wpt>
<wpt lat="43.6478427" lon="-79.3818974">
  <name>Females (permissive access)</name>
  <desc>Accessible: yes | Access: permissive | Fee: no | Status: open | Source: OpenStreetMap</desc>
  <link href="https://www.openstreetmap.org/node/3698533559"><text>Details</text></link>
  <sym>Restroom</sym>
  <type>Toilet</type>
</wpt>
<wpt lat="43.6479012" lon="-79.3820801">
  <name>Males (permissive access)</name>
  <desc>Accessible: yes | Access: permissive | Fee: no | Status: open | Source: OpenStreetMap</desc>
  <link href="https://www.openstreetmap.org/node/3698533563"><text>Details</text></link>
  <sym>Restroom</sym>
  <type>Toilet</type>
</wpt>
<wpt lat="43.6428937" lon="-79.3830192">
  <name>Public toilet</name>
  <desc>Access: unknown | Fee: unknown | Status: open | Source: OpenStreetMap</desc>
  <link href="https://www.openstreetmap.org/node/3703540918"><text>Details</text></link>
  <sym>Restroom</sym>
  <type>Toilet</type>
</wpt>
<wpt lat="43.6440681" lon="-79.3810687">
  <name>Public toilet</name>
  <desc>Accessible: yes | Access: yes | Fee: unknown | Status: open | Source: OpenStreetMap</desc>
  <link href="https://www.openstreetmap.org/node/3711262622"><text>Details</text></link>
  <sym>Restroom</sym>
  <type>Toilet</type>
</wpt>
<wpt lat="43.7848408" lon="-79.2276633">
  <name>Public toilet</name>
  <desc>Access: unknown | Fee: unknown | Status: open | Source: OpenStreetMap</desc>
  <link href="https://www.openstreetmap.org/node/3744172183"><text>Details</text></link>
  <sym>Restroom</sym>
  <type>Toilet</type>
</wpt>
<wpt lat="43.6508643" lon="-79.3587283">
  <name>Public toilet</name>
  <desc>Access: unknown | Fee: unknown | Status: open | Source: OpenStreetMap</desc>
  <link href="https://www.openstreetmap.org/node/3753534168"><text>Details</text></link>
  <sym>Restroom</sym>
  <type>Toilet</type>
</wpt>
<wpt lat="43.6448760" lon="-79.3813158">
  <name>Public toilet</name>
  <desc>Accessible: yes | Access: yes | Fee: no | Status: open | Source: OpenStreetMap</desc>
  <link href="https://www.openstreetmap.org/node/3928028048"><text>Details</text></link>
  <sym>Restroom</sym>
  <type>Toilet</type>
</wpt>
<wpt lat="43.6316383" lon="-79.4023171">
  <name>Public toilet</name>
  <desc>Access: unknown | Fee: unknown | Status: open | Source: OpenStreetMap</desc>
  <link href="https://www.openstreetmap.org/node/4340032495"><text>Details</text></link>
  <sym>Restroom</sym>
  <type>Toilet</type>
</wpt>
<wpt lat="43.6443146" lon="-79.3834430">
  <name>Public toilet</name>
  <desc>Accessible: yes | Access: unknown | Fee: unknown | Status: open | Source: OpenStreetMap</desc>
  <link href="https://www.openstreetmap.org/node/4430828492"><text>Details</text></link>
  <sym>Restroom</sym>
  <type>Toilet</type>
</wpt>
<wpt lat="43.5957358" lon="-79.5150169">
  <name>Public toilet</name>
  <desc>Access: unknown | Fee: unknown | Status: open | Source: OpenStreetMap</desc>
  <link href="https://www.openstreetmap.org/node/4597089808"><text>Details</text></link>
  <sym>Restroom</sym>
  <type>Toilet</type>
</wpt>
<wpt lat="43.6317993" lon="-79.3950277">
  <name>Public toilet</name>
  <desc>Accessible: yes | Access: unknown | Fee: no | Status: open | Source: OpenStreetMap</desc>
  <link href="https://www.openstreetmap.org/node/4753049684"><text>Details</text></link>
  <sym>Restroom</sym>
  <type>Toilet</type>
</wpt>
<wpt lat="43.7002800" lon="-79.5137006">
  <name>GO Transit</name>
  <desc>Accessible: yes | Access: unknown | Fee: no | Status: open | Source: OpenStreetMap</desc>
  <link href="https://www.openstreetmap.org/node/4793441837"><text>Details</text></link>
  <sym>Restroom</sym>
  <type>Toilet</type>
</wpt>
<wpt lat="43.6149771" lon="-79.4797868">
  <name>Public toilet</name>
  <desc>Access: unknown | Fee: unknown | Status: open | Source: OpenStreetMap</desc>
  <link href="https://www.openstreetmap.org/node/4988846969"><text>Details</text></link>
  <sym>Restroom</sym>
  <type>Toilet</type>
</wpt>
<wpt lat="43.6543680" lon="-79.4353059">
  <name>Public toilet</name>
  <desc>Access: unknown | Fee: unknown | Status: open | Source: OpenStreetMap</desc>
  <link href="https://www.openstreetmap.org/node/5081979134"><text>Details</text></link>
  <sym>Restroom</sym>
  <type>Toilet</type>
</wpt>
<wpt lat="43.6570056" lon="-79.3804817">
  <name>Public toilet</name>
  <desc>Address: 10 Dundas Street East | Accessible: yes | Access: unknown | Fee: unknown | Status: open | Source: OpenStreetMap</desc>
  <link href="https://www.openstreetmap.org/node/5702455523"><text>Details</text></link>
  <sym>Restroom</sym>
  <type>Toilet</type>
</wpt>
<wpt lat="43.7244359" lon="-79.5655722">
  <name>Public toilet</name>
  <desc>Access: yes | Fee: no | Status: open | Source: OpenStreetMap</desc>
  <link href="https://www.openstreetmap.org/node/5794927380"><text>Details</text></link>
  <sym>Restroom</sym>
  <type>Toilet</type>
</wpt>
<wpt lat="43.6378912" lon="-79.4059369">
  <name>Public toilet</name>
  <desc>Hours: 10:00-17:00 | Where: 2019-03-13: Staff said the opening hours for the washrooms are 10 to 5 except longer when events are held in the area. Not sure if this is technically operated by Fort York or Bentway. | Access: unknown | Fee: unknown | Status: open | Source: OpenStreetMap</desc>
  <link href="https://www.openstreetmap.org/node/6219731588"><text>Details</text></link>
  <sym>Restroom</sym>
  <type>Toilet</type>
</wpt>
<wpt lat="43.7414709" lon="-79.5847732">
  <name>Public toilet</name>
  <desc>Address: 1530 Albion Road | Access: unknown | Fee: unknown | Status: open | Source: OpenStreetMap</desc>
  <link href="https://www.openstreetmap.org/node/6334238395"><text>Details</text></link>
  <sym>Restroom</sym>
  <type>Toilet</type>
</wpt>
<wpt lat="43.7258341" lon="-79.4552210">
  <name>Public toilet</name>
  <desc>Access: unknown | Fee: unknown | Status: open | Source: OpenStreetMap</desc>
  <link href="https://www.openstreetmap.org/node/6353308370"><text>Details</text></link>
  <sym>Restroom</sym>
  <type>Toilet</type>
</wpt>
<wpt lat="43.7257854" lon="-79.4523275">
  <name>Public toilet</name>
  <desc>Access: unknown | Fee: unknown | Status: open | Source: OpenStreetMap</desc>
  <link href="https://www.openstreetmap.org/node/6355022580"><text>Details</text></link>
  <sym>Restroom</sym>
  <type>Toilet</type>
</wpt>
<wpt lat="43.7261312" lon="-79.4506567">
  <name>Public toilet</name>
  <desc>Access: unknown | Fee: unknown | Status: open | Source: OpenStreetMap</desc>
  <link href="https://www.openstreetmap.org/node/6355092668"><text>Details</text></link>
  <sym>Restroom</sym>
  <type>Toilet</type>
</wpt>
<wpt lat="43.7213051" lon="-79.5127486">
  <name>Public toilet</name>
  <desc>Access: unknown | Fee: unknown | Status: open | Source: OpenStreetMap</desc>
  <link href="https://www.openstreetmap.org/node/6355548295"><text>Details</text></link>
  <sym>Restroom</sym>
  <type>Toilet</type>
</wpt>
<wpt lat="43.7216491" lon="-79.5113367">
  <name>Public toilet</name>
  <desc>Access: unknown | Fee: unknown | Status: open | Source: OpenStreetMap</desc>
  <link href="https://www.openstreetmap.org/node/6355548296"><text>Details</text></link>
  <sym>Restroom</sym>
  <type>Toilet</type>
</wpt>
<wpt lat="43.7258879" lon="-79.4513964">
  <name>Public toilet</name>
  <desc>Access: unknown | Fee: unknown | Status: open | Source: OpenStreetMap</desc>
  <link href="https://www.openstreetmap.org/node/6357133491"><text>Details</text></link>
  <sym>Restroom</sym>
  <type>Toilet</type>
</wpt>
<wpt lat="43.7560425" lon="-79.5148667">
  <name>Public toilet</name>
  <desc>Address: 1911 Finch Avenue West | Access: unknown | Fee: unknown | Status: open | Source: OpenStreetMap</desc>
  <link href="https://www.openstreetmap.org/node/6370629241"><text>Details</text></link>
  <sym>Restroom</sym>
  <type>Toilet</type>
</wpt>
<wpt lat="43.7572180" lon="-79.5144551">
  <name>Public toilet</name>
  <desc>Address: 1911 Finch Avenue West | Access: unknown | Fee: unknown | Status: open | Source: OpenStreetMap</desc>
  <link href="https://www.openstreetmap.org/node/6370640616"><text>Details</text></link>
  <sym>Restroom</sym>
  <type>Toilet</type>
</wpt>
<wpt lat="43.7581540" lon="-79.5195157">
  <name>Public toilet</name>
  <desc>Access: unknown | Fee: unknown | Status: open | Source: OpenStreetMap</desc>
  <link href="https://www.openstreetmap.org/node/6370851291"><text>Details</text></link>
  <sym>Restroom</sym>
  <type>Toilet</type>
</wpt>
<wpt lat="43.7580103" lon="-79.5200597">
  <name>Public toilet (customers only)</name>
  <desc>Access: customers | Fee: unknown | Status: open | Source: OpenStreetMap</desc>
  <link href="https://www.openstreetmap.org/node/6370888059"><text>Details</text></link>
  <sym>Restroom</sym>
  <type>Toilet</type>
</wpt>
<wpt lat="43.6864446" lon="-79.3003866">
  <name>Washrooms inside the station building, open when the station building is open</name>
  <desc>Hours: Mo-Fr 05:15-00:45, Sa-Su 06:25-22:10 | Where: Washrooms inside the station building, open when the station building is open | Access: yes | Fee: unknown | Status: open | Source: OpenStreetMap</desc>
  <link href="https://www.openstreetmap.org/node/6401671356"><text>Details</text></link>
  <sym>Restroom</sym>
  <type>Toilet</type>
</wpt>
<wpt lat="43.6427637" lon="-79.4278546">
  <name>Public toilet (permissive access)</name>
  <desc>Hours: Mo-Su 08:00-20:00 | Where: Washroom behind Starbucks. In May 2019 no access code or purchase needed. Sign says the washrooms are locked at 8pm. Retail building opens 7am or 8am daily. | Accessible: yes | Access: permissive | Fee: no | Status: open | Source: OpenStreetMap</desc>
  <link href="https://www.openstreetmap.org/node/6481835150"><text>Details</text></link>
  <sym>Restroom</sym>
  <type>Toilet</type>
</wpt>
<wpt lat="43.6388219" lon="-79.3828820">
  <name>Public toilet</name>
  <desc>Access: unknown | Fee: unknown | Status: open | Source: OpenStreetMap</desc>
  <link href="https://www.openstreetmap.org/node/6499041217"><text>Details</text></link>
  <sym>Restroom</sym>
  <type>Toilet</type>
</wpt>
<wpt lat="43.6384648" lon="-79.3832560">
  <name>Public toilet</name>
  <desc>Access: unknown | Fee: unknown | Status: open | Source: OpenStreetMap</desc>
  <link href="https://www.openstreetmap.org/node/6528573289"><text>Details</text></link>
  <sym>Restroom</sym>
  <type>Toilet</type>
</wpt>
<wpt lat="43.7170884" lon="-79.4479344">
  <name>Public toilet</name>
  <desc>Address: 700 Lawrence Avenue West | Access: unknown | Fee: unknown | Status: open | Source: OpenStreetMap</desc>
  <link href="https://www.openstreetmap.org/node/6538318453"><text>Details</text></link>
  <sym>Restroom</sym>
  <type>Toilet</type>
</wpt>
<wpt lat="43.7955279" lon="-79.4227029">
  <name>Public toilet</name>
  <desc>Access: unknown | Fee: unknown | Status: open | Source: OpenStreetMap</desc>
  <link href="https://www.openstreetmap.org/node/6545342871"><text>Details</text></link>
  <sym>Restroom</sym>
  <type>Toilet</type>
</wpt>
<wpt lat="43.7197090" lon="-79.5992255">
  <name>Public toilet</name>
  <desc>Access: unknown | Fee: unknown | Status: open | Source: OpenStreetMap</desc>
  <link href="https://www.openstreetmap.org/node/6552111892"><text>Details</text></link>
  <sym>Restroom</sym>
  <type>Toilet</type>
</wpt>
<wpt lat="43.7783331" lon="-79.3446045">
  <name>Public toilet</name>
  <desc>Accessible: yes | Access: unknown | Fee: unknown | Status: open | Source: OpenStreetMap</desc>
  <link href="https://www.openstreetmap.org/node/6561188420"><text>Details</text></link>
  <sym>Restroom</sym>
  <type>Toilet</type>
</wpt>
<wpt lat="43.7775291" lon="-79.3446100">
  <name>Public toilet</name>
  <desc>Accessible: yes | Access: unknown | Fee: unknown | Status: open | Source: OpenStreetMap</desc>
  <link href="https://www.openstreetmap.org/node/6561590920"><text>Details</text></link>
  <sym>Restroom</sym>
  <type>Toilet</type>
</wpt>
<wpt lat="43.7784122" lon="-79.3435957">
  <name>Public toilet</name>
  <desc>Accessible: yes | Access: unknown | Fee: unknown | Status: open | Source: OpenStreetMap</desc>
  <link href="https://www.openstreetmap.org/node/6561626990"><text>Details</text></link>
  <sym>Restroom</sym>
  <type>Toilet</type>
</wpt>
<wpt lat="43.6567305" lon="-79.4365552">
  <name>Public toilet</name>
  <desc>Access: unknown | Fee: unknown | Status: open | Source: OpenStreetMap</desc>
  <link href="https://www.openstreetmap.org/node/6568182637"><text>Details</text></link>
  <sym>Restroom</sym>
  <type>Toilet</type>
</wpt>
<wpt lat="43.7234959" lon="-79.2995051">
  <name>Public toilet</name>
  <desc>Access: unknown | Fee: unknown | Status: open | Source: OpenStreetMap</desc>
  <link href="https://www.openstreetmap.org/node/6575077765"><text>Details</text></link>
  <sym>Restroom</sym>
  <type>Toilet</type>
</wpt>
<wpt lat="43.7058013" lon="-79.3449973">
  <name>Public toilet</name>
  <desc>Access: unknown | Fee: unknown | Status: open | Source: OpenStreetMap</desc>
  <link href="https://www.openstreetmap.org/node/6579003218"><text>Details</text></link>
  <sym>Restroom</sym>
  <type>Toilet</type>
</wpt>
<wpt lat="43.6693189" lon="-79.3389238">
  <name>Public toilet</name>
  <desc>Address: 1000 Gerrard Street East | Access: unknown | Fee: unknown | Status: open | Source: OpenStreetMap</desc>
  <link href="https://www.openstreetmap.org/node/6579122119"><text>Details</text></link>
  <sym>Restroom</sym>
  <type>Toilet</type>
</wpt>
<wpt lat="43.6698428" lon="-79.3395327">
  <name>Public toilet</name>
  <desc>Access: unknown | Fee: unknown | Status: open | Source: OpenStreetMap</desc>
  <link href="https://www.openstreetmap.org/node/6579133108"><text>Details</text></link>
  <sym>Restroom</sym>
  <type>Toilet</type>
</wpt>
<wpt lat="43.8098098" lon="-79.2693254">
  <name>Public toilet</name>
  <desc>Access: unknown | Fee: unknown | Status: open | Source: OpenStreetMap</desc>
  <link href="https://www.openstreetmap.org/node/6586965659"><text>Details</text></link>
  <sym>Restroom</sym>
  <type>Toilet</type>
</wpt>
<wpt lat="43.8088012" lon="-79.2697936">
  <name>Public toilet</name>
  <desc>Access: unknown | Fee: unknown | Status: open | Source: OpenStreetMap</desc>
  <link href="https://www.openstreetmap.org/node/6586981352"><text>Details</text></link>
  <sym>Restroom</sym>
  <type>Toilet</type>
</wpt>
<wpt lat="43.7764398" lon="-79.2588960">
  <name>Public toilet</name>
  <desc>Access: unknown | Fee: unknown | Status: open | Source: OpenStreetMap</desc>
  <link href="https://www.openstreetmap.org/node/6589762637"><text>Details</text></link>
  <sym>Restroom</sym>
  <type>Toilet</type>
</wpt>
<wpt lat="43.7764693" lon="-79.2588793">
  <name>Public toilet</name>
  <desc>Access: unknown | Fee: unknown | Status: open | Source: OpenStreetMap</desc>
  <link href="https://www.openstreetmap.org/node/6589762638"><text>Details</text></link>
  <sym>Restroom</sym>
  <type>Toilet</type>
</wpt>
<wpt lat="43.7752650" lon="-79.2568626">
  <name>Public toilet</name>
  <desc>Access: unknown | Fee: unknown | Status: open | Source: OpenStreetMap</desc>
  <link href="https://www.openstreetmap.org/node/6589808697"><text>Details</text></link>
  <sym>Restroom</sym>
  <type>Toilet</type>
</wpt>
<wpt lat="43.7754807" lon="-79.2570955">
  <name>Public toilet</name>
  <desc>Access: unknown | Fee: unknown | Status: open | Source: OpenStreetMap</desc>
  <link href="https://www.openstreetmap.org/node/6589949038"><text>Details</text></link>
  <sym>Restroom</sym>
  <type>Toilet</type>
</wpt>
<wpt lat="43.7571705" lon="-79.2292875">
  <name>Public toilet</name>
  <desc>Access: unknown | Fee: unknown | Status: open | Source: OpenStreetMap</desc>
  <link href="https://www.openstreetmap.org/node/6592058599"><text>Details</text></link>
  <sym>Restroom</sym>
  <type>Toilet</type>
</wpt>
<wpt lat="43.8067775" lon="-79.2229689">
  <name>Public toilet</name>
  <desc>Access: unknown | Fee: unknown | Status: open | Source: OpenStreetMap</desc>
  <link href="https://www.openstreetmap.org/node/6603455798"><text>Details</text></link>
  <sym>Restroom</sym>
  <type>Toilet</type>
</wpt>
<wpt lat="43.7630004" lon="-79.4105255">
  <name>Public toilet</name>
  <desc>Access: unknown | Fee: unknown | Status: open | Source: OpenStreetMap</desc>
  <link href="https://www.openstreetmap.org/node/6680697693"><text>Details</text></link>
  <sym>Restroom</sym>
  <type>Toilet</type>
</wpt>
<wpt lat="43.7071363" lon="-79.3990109">
  <name>Public toilet</name>
  <desc>Access: unknown | Fee: unknown | Status: open | Source: OpenStreetMap</desc>
  <link href="https://www.openstreetmap.org/node/6710377773"><text>Details</text></link>
  <sym>Restroom</sym>
  <type>Toilet</type>
</wpt>
<wpt lat="43.6529289" lon="-79.3807006">
  <name>Public toilet</name>
  <desc>Access: unknown | Fee: unknown | Status: open | Source: OpenStreetMap</desc>
  <link href="https://www.openstreetmap.org/node/6711381745"><text>Details</text></link>
  <sym>Restroom</sym>
  <type>Toilet</type>
</wpt>
<wpt lat="43.6525004" lon="-79.3803125">
  <name>Public toilet</name>
  <desc>Access: unknown | Fee: unknown | Status: open | Source: OpenStreetMap</desc>
  <link href="https://www.openstreetmap.org/node/6712315902"><text>Details</text></link>
  <sym>Restroom</sym>
  <type>Toilet</type>
</wpt>
<wpt lat="43.6529622" lon="-79.3798659">
  <name>Public toilet</name>
  <desc>Access: unknown | Fee: unknown | Status: open | Source: OpenStreetMap</desc>
  <link href="https://www.openstreetmap.org/node/6712315913"><text>Details</text></link>
  <sym>Restroom</sym>
  <type>Toilet</type>
</wpt>
<wpt lat="43.6551738" lon="-79.3816712">
  <name>Public toilet</name>
  <desc>Access: unknown | Fee: unknown | Status: open | Source: OpenStreetMap</desc>
  <link href="https://www.openstreetmap.org/node/6712327876"><text>Details</text></link>
  <sym>Restroom</sym>
  <type>Toilet</type>
</wpt>
<wpt lat="43.6556829" lon="-79.3808971">
  <name>Public toilet</name>
  <desc>Access: unknown | Fee: unknown | Status: open | Source: OpenStreetMap</desc>
  <link href="https://www.openstreetmap.org/node/6712340460"><text>Details</text></link>
  <sym>Restroom</sym>
  <type>Toilet</type>
</wpt>
<wpt lat="43.6476900" lon="-79.3830725">
  <name>Public toilet (permissive access)</name>
  <desc>Access: permissive | Fee: unknown | Status: open | Source: OpenStreetMap</desc>
  <link href="https://www.openstreetmap.org/node/6721473576"><text>Details</text></link>
  <sym>Restroom</sym>
  <type>Toilet</type>
</wpt>
<wpt lat="43.6477754" lon="-79.3828702">
  <name>Public toilet (permissive access)</name>
  <desc>Access: permissive | Fee: unknown | Status: open | Source: OpenStreetMap</desc>
  <link href="https://www.openstreetmap.org/node/6721473577"><text>Details</text></link>
  <sym>Restroom</sym>
  <type>Toilet</type>
</wpt>
<wpt lat="43.8185285" lon="-79.1836905">
  <name>Public toilet (customers only)</name>
  <desc>Access: customers | Fee: no | Status: open | Source: OpenStreetMap</desc>
  <link href="https://www.openstreetmap.org/node/7273781396"><text>Details</text></link>
  <sym>Restroom</sym>
  <type>Toilet</type>
</wpt>
<wpt lat="43.8209392" lon="-79.1827557">
  <name>Public toilet</name>
  <desc>Access: unknown | Fee: unknown | Status: open | Source: OpenStreetMap</desc>
  <link href="https://www.openstreetmap.org/node/7273781398"><text>Details</text></link>
  <sym>Restroom</sym>
  <type>Toilet</type>
</wpt>
<wpt lat="43.7753793" lon="-79.2556947">
  <name>Public toilet</name>
  <desc>Accessible: yes | Access: unknown | Fee: unknown | Status: open | Source: OpenStreetMap</desc>
  <link href="https://www.openstreetmap.org/node/8014011208"><text>Details</text></link>
  <sym>Restroom</sym>
  <type>Toilet</type>
</wpt>
<wpt lat="43.6277077" lon="-79.4127026">
  <name>Public toilet</name>
  <desc>Access: unknown | Fee: unknown | Status: open | Source: OpenStreetMap</desc>
  <link href="https://www.openstreetmap.org/node/8531764565"><text>Details</text></link>
  <sym>Restroom</sym>
  <type>Toilet</type>
</wpt>
<wpt lat="43.7819062" lon="-79.4507058">
  <name>Public toilet</name>
  <desc>Hours: 24/7 | Accessible: yes | Access: yes | Fee: unknown | Status: open | Source: OpenStreetMap</desc>
  <link href="https://www.openstreetmap.org/node/8830688556"><text>Details</text></link>
  <sym>Restroom</sym>
  <type>Portable toilet</type>
</wpt>
<wpt lat="43.7065956" lon="-79.4837818">
  <name>Public toilet</name>
  <desc>Hours: 24/7 | Accessible: no | Access: yes | Fee: unknown | Status: open | Source: OpenStreetMap</desc>
  <link href="https://www.openstreetmap.org/node/8830688559"><text>Details</text></link>
  <sym>Restroom</sym>
  <type>Portable toilet</type>
</wpt>
<wpt lat="43.6346251" lon="-79.4178311">
  <name>Public toilet</name>
  <desc>Access: unknown | Fee: unknown | Status: open | Source: OpenStreetMap</desc>
  <link href="https://www.openstreetmap.org/node/9739919088"><text>Details</text></link>
  <sym>Restroom</sym>
  <type>Toilet</type>
</wpt>
<wpt lat="43.6352397" lon="-79.4181674">
  <name>Public toilet</name>
  <desc>Access: unknown | Fee: unknown | Status: open | Source: OpenStreetMap</desc>
  <link href="https://www.openstreetmap.org/node/9739919089"><text>Details</text></link>
  <sym>Restroom</sym>
  <type>Toilet</type>
</wpt>
<wpt lat="43.6351279" lon="-79.4096692">
  <name>Public toilet</name>
  <desc>Access: unknown | Fee: unknown | Status: open | Source: OpenStreetMap</desc>
  <link href="https://www.openstreetmap.org/node/9762938714"><text>Details</text></link>
  <sym>Restroom</sym>
  <type>Toilet</type>
</wpt>
<wpt lat="43.6350293" lon="-79.4105772">
  <name>Public toilet (customers only)</name>
  <desc>Accessible: yes | Access: customers | Fee: unknown | Status: open | Source: OpenStreetMap</desc>
  <link href="https://www.openstreetmap.org/node/9837089847"><text>Details</text></link>
  <sym>Restroom</sym>
  <type>Toilet</type>
</wpt>
<wpt lat="43.6350234" lon="-79.4106308">
  <name>Public toilet (customers only)</name>
  <desc>Accessible: yes | Access: customers | Fee: unknown | Status: open | Source: OpenStreetMap</desc>
  <link href="https://www.openstreetmap.org/node/9837089848"><text>Details</text></link>
  <sym>Restroom</sym>
  <type>Toilet</type>
</wpt>
<wpt lat="43.6348390" lon="-79.4113872">
  <name>Public toilet (customers only)</name>
  <desc>Accessible: yes | Access: customers | Fee: unknown | Status: open | Source: OpenStreetMap</desc>
  <link href="https://www.openstreetmap.org/node/9837089849"><text>Details</text></link>
  <sym>Restroom</sym>
  <type>Toilet</type>
</wpt>
<wpt lat="43.6348312" lon="-79.4114596">
  <name>Public toilet (customers only)</name>
  <desc>Accessible: yes | Access: customers | Fee: unknown | Status: open | Source: OpenStreetMap</desc>
  <link href="https://www.openstreetmap.org/node/9837089850"><text>Details</text></link>
  <sym>Restroom</sym>
  <type>Toilet</type>
</wpt>
<wpt lat="43.6355922" lon="-79.4123421">
  <name>Public toilet (customers only)</name>
  <desc>Accessible: yes | Access: customers | Fee: unknown | Status: open | Source: OpenStreetMap</desc>
  <link href="https://www.openstreetmap.org/node/9837089851"><text>Details</text></link>
  <sym>Restroom</sym>
  <type>Toilet</type>
</wpt>
<wpt lat="43.6355709" lon="-79.4124252">
  <name>Public toilet (customers only)</name>
  <desc>Accessible: yes | Access: customers | Fee: unknown | Status: open | Source: OpenStreetMap</desc>
  <link href="https://www.openstreetmap.org/node/9837089852"><text>Details</text></link>
  <sym>Restroom</sym>
  <type>Toilet</type>
</wpt>
<wpt lat="43.6352913" lon="-79.4134230">
  <name>Public toilet (customers only)</name>
  <desc>Accessible: yes | Access: customers | Fee: unknown | Status: open | Source: OpenStreetMap</desc>
  <link href="https://www.openstreetmap.org/node/9837089853"><text>Details</text></link>
  <sym>Restroom</sym>
  <type>Toilet</type>
</wpt>
<wpt lat="43.6353127" lon="-79.4133291">
  <name>Public toilet (customers only)</name>
  <desc>Accessible: yes | Access: customers | Fee: unknown | Status: open | Source: OpenStreetMap</desc>
  <link href="https://www.openstreetmap.org/node/9837089854"><text>Details</text></link>
  <sym>Restroom</sym>
  <type>Toilet</type>
</wpt>
<wpt lat="43.6353340" lon="-79.4132406">
  <name>Public toilet (customers only)</name>
  <desc>Accessible: yes | Access: customers | Fee: unknown | Status: open | Source: OpenStreetMap</desc>
  <link href="https://www.openstreetmap.org/node/9837089855"><text>Details</text></link>
  <sym>Restroom</sym>
  <type>Toilet</type>
</wpt>
<wpt lat="43.6347924" lon="-79.4152281">
  <name>Public toilet (customers only)</name>
  <desc>Accessible: yes | Access: customers | Fee: unknown | Status: open | Source: OpenStreetMap</desc>
  <link href="https://www.openstreetmap.org/node/9837089856"><text>Details</text></link>
  <sym>Restroom</sym>
  <type>Toilet</type>
</wpt>
<wpt lat="43.6349050" lon="-79.4148285">
  <name>Public toilet (customers only)</name>
  <desc>Accessible: yes | Access: customers | Fee: unknown | Status: open | Source: OpenStreetMap</desc>
  <link href="https://www.openstreetmap.org/node/9837089857"><text>Details</text></link>
  <sym>Restroom</sym>
  <type>Toilet</type>
</wpt>
<wpt lat="43.6340955" lon="-79.4140721">
  <name>Public toilet (customers only)</name>
  <desc>Accessible: yes | Access: customers | Fee: unknown | Status: open | Source: OpenStreetMap</desc>
  <link href="https://www.openstreetmap.org/node/9837089858"><text>Details</text></link>
  <sym>Restroom</sym>
  <type>Toilet</type>
</wpt>
<wpt lat="43.6340625" lon="-79.4140614">
  <name>Public toilet (customers only)</name>
  <desc>Accessible: yes | Access: customers | Fee: unknown | Status: open | Source: OpenStreetMap</desc>
  <link href="https://www.openstreetmap.org/node/9837089859"><text>Details</text></link>
  <sym>Restroom</sym>
  <type>Toilet</type>
</wpt>
<wpt lat="43.6342722" lon="-79.4134230">
  <name>Public toilet (customers only)</name>
  <desc>Accessible: no | Access: customers | Fee: unknown | Status: open | Source: OpenStreetMap</desc>
  <link href="https://www.openstreetmap.org/node/9837089860"><text>Details</text></link>
  <sym>Restroom</sym>
  <type>Toilet</type>
</wpt>
<wpt lat="43.6342333" lon="-79.4134069">
  <name>Public toilet (customers only)</name>
  <desc>Accessible: no | Access: customers | Fee: unknown | Status: open | Source: OpenStreetMap</desc>
  <link href="https://www.openstreetmap.org/node/9837089861"><text>Details</text></link>
  <sym>Restroom</sym>
  <type>Toilet</type>
</wpt>
<wpt lat="43.6344469" lon="-79.4128007">
  <name>Public toilet (customers only)</name>
  <desc>Accessible: yes | Access: customers | Fee: unknown | Status: open | Source: OpenStreetMap</desc>
  <link href="https://www.openstreetmap.org/node/9837089862"><text>Details</text></link>
  <sym>Restroom</sym>
  <type>Toilet</type>
</wpt>
<wpt lat="43.6344042" lon="-79.4127873">
  <name>Public toilet (customers only)</name>
  <desc>Accessible: yes | Access: customers | Fee: unknown | Status: open | Source: OpenStreetMap</desc>
  <link href="https://www.openstreetmap.org/node/9837089863"><text>Details</text></link>
  <sym>Restroom</sym>
  <type>Toilet</type>
</wpt>
<wpt lat="43.6351375" lon="-79.4151611">
  <name>Public toilet</name>
  <desc>Access: unknown | Fee: no | Status: open | Source: OpenStreetMap</desc>
  <link href="https://www.openstreetmap.org/node/9837089868"><text>Details</text></link>
  <sym>Restroom</sym>
  <type>Toilet</type>
</wpt>
<wpt lat="43.6353432" lon="-79.4144261">
  <name>Public toilet</name>
  <desc>Access: unknown | Fee: no | Status: open | Source: OpenStreetMap</desc>
  <link href="https://www.openstreetmap.org/node/9837089869"><text>Details</text></link>
  <sym>Restroom</sym>
  <type>Toilet</type>
</wpt>
<wpt lat="43.6359741" lon="-79.4137663">
  <name>Public toilet</name>
  <desc>Access: unknown | Fee: no | Status: open | Source: OpenStreetMap</desc>
  <link href="https://www.openstreetmap.org/node/9837089870"><text>Details</text></link>
  <sym>Restroom</sym>
  <type>Toilet</type>
</wpt>
<wpt lat="43.6355917" lon="-79.4135732">
  <name>Public toilet</name>
  <desc>Access: unknown | Fee: no | Status: open | Source: OpenStreetMap</desc>
  <link href="https://www.openstreetmap.org/node/9837089871"><text>Details</text></link>
  <sym>Restroom</sym>
  <type>Toilet</type>
</wpt>
<wpt lat="43.6346560" lon="-79.4111726">
  <name>Public toilet</name>
  <desc>Access: unknown | Fee: no | Status: open | Source: OpenStreetMap</desc>
  <link href="https://www.openstreetmap.org/node/9837089872"><text>Details</text></link>
  <sym>Restroom</sym>
  <type>Toilet</type>
</wpt>
<wpt lat="43.6339106" lon="-79.4147212">
  <name>Public toilet</name>
  <desc>Access: unknown | Fee: no | Status: open | Source: OpenStreetMap</desc>
  <link href="https://www.openstreetmap.org/node/9837089873"><text>Details</text></link>
  <sym>Restroom</sym>
  <type>Toilet</type>
</wpt>
<wpt lat="43.6535454" lon="-79.4057108">
  <name>Public toilet</name>
  <desc>Accessible: yes | Access: unknown | Fee: unknown | Status: open | Source: OpenStreetMap</desc>
  <link href="https://www.openstreetmap.org/node/9919909576"><text>Details</text></link>
  <sym>Restroom</sym>
  <type>Toilet</type>
</wpt>
<wpt lat="43.6535803" lon="-79.4057215">
  <name>Public toilet</name>
  <desc>Accessible: yes | Access: unknown | Fee: unknown | Status: open | Source: OpenStreetMap</desc>
  <link href="https://www.openstreetmap.org/node/9919909577"><text>Details</text></link>
  <sym>Restroom</sym>
  <type>Toilet</type>
</wpt>
<wpt lat="43.6537157" lon="-79.4053326">
  <name>Public toilet</name>
  <desc>Access: unknown | Fee: unknown | Status: open | Source: OpenStreetMap</desc>
  <link href="https://www.openstreetmap.org/node/9919909578"><text>Details</text></link>
  <sym>Restroom</sym>
  <type>Toilet</type>
</wpt>
<wpt lat="43.6537254" lon="-79.4052796">
  <name>Public toilet</name>
  <desc>Access: unknown | Fee: unknown | Status: open | Source: OpenStreetMap</desc>
  <link href="https://www.openstreetmap.org/node/9919909579"><text>Details</text></link>
  <sym>Restroom</sym>
  <type>Toilet</type>
</wpt>
<wpt lat="43.6527603" lon="-79.4053795">
  <name>Public toilet</name>
  <desc>Accessible: yes | Access: unknown | Fee: unknown | Status: open | Source: OpenStreetMap</desc>
  <link href="https://www.openstreetmap.org/node/9920136099"><text>Details</text></link>
  <sym>Restroom</sym>
  <type>Toilet</type>
</wpt>
<wpt lat="43.6527744" lon="-79.4054660">
  <name>Public toilet</name>
  <desc>Access: unknown | Fee: unknown | Status: open | Source: OpenStreetMap</desc>
  <link href="https://www.openstreetmap.org/node/9920136100"><text>Details</text></link>
  <sym>Restroom</sym>
  <type>Toilet</type>
</wpt>
<wpt lat="43.6953845" lon="-79.3697481">
  <name>Public toilet</name>
  <desc>Access: unknown | Fee: unknown | Status: open | Source: OpenStreetMap</desc>
  <link href="https://www.openstreetmap.org/node/10003154723"><text>Details</text></link>
  <sym>Restroom</sym>
  <type>Portable toilet</type>
</wpt>
<wpt lat="43.6954031" lon="-79.3697665">
  <name>Public toilet</name>
  <desc>Access: unknown | Fee: unknown | Status: open | Source: OpenStreetMap</desc>
  <link href="https://www.openstreetmap.org/node/10003154724"><text>Details</text></link>
  <sym>Restroom</sym>
  <type>Portable toilet</type>
</wpt>
<wpt lat="43.6532940" lon="-79.3235041">
  <name>Public toilet</name>
  <desc>Access: unknown | Fee: unknown | Status: open | Source: OpenStreetMap</desc>
  <link href="https://www.openstreetmap.org/node/10032191379"><text>Details</text></link>
  <sym>Restroom</sym>
  <type>Portable toilet</type>
</wpt>
<wpt lat="43.6310013" lon="-79.5548993">
  <name>Public toilet</name>
  <desc>Access: unknown | Fee: unknown | Status: open | Source: OpenStreetMap</desc>
  <link href="https://www.openstreetmap.org/node/10159532541"><text>Details</text></link>
  <sym>Restroom</sym>
  <type>Toilet</type>
</wpt>
<wpt lat="43.6378660" lon="-79.3883099">
  <name>Public toilet</name>
  <desc>Accessible: no | Access: unknown | Fee: unknown | Status: open | Source: OpenStreetMap</desc>
  <link href="https://www.openstreetmap.org/node/10764136606"><text>Details</text></link>
  <sym>Restroom</sym>
  <type>Portable toilet</type>
</wpt>
<wpt lat="43.6378747" lon="-79.3883323">
  <name>Public toilet</name>
  <desc>Accessible: no | Access: unknown | Fee: unknown | Status: open | Source: OpenStreetMap</desc>
  <link href="https://www.openstreetmap.org/node/10764136610"><text>Details</text></link>
  <sym>Restroom</sym>
  <type>Portable toilet</type>
</wpt>
<wpt lat="43.6613219" lon="-79.5576396">
  <name>Public toilet</name>
  <desc>Access: unknown | Fee: unknown | Status: open | Source: OpenStreetMap</desc>
  <link href="https://www.openstreetmap.org/node/10797792184"><text>Details</text></link>
  <sym>Restroom</sym>
  <type>Portable toilet</type>
</wpt>
<wpt lat="43.8224608" lon="-79.1850223">
  <name>Public toilet (customers only)</name>
  <desc>Accessible: yes | Access: customers | Fee: unknown | Status: open | Source: OpenStreetMap</desc>
  <link href="https://www.openstreetmap.org/node/11055548850"><text>Details</text></link>
  <sym>Restroom</sym>
  <type>Toilet</type>
</wpt>
<wpt lat="43.6593509" lon="-79.3974091">
  <name>Public toilet</name>
  <desc>Access: unknown | Fee: unknown | Status: open | Source: OpenStreetMap</desc>
  <link href="https://www.openstreetmap.org/node/11055727658"><text>Details</text></link>
  <sym>Restroom</sym>
  <type>Toilet</type>
</wpt>
<wpt lat="43.6409274" lon="-79.4022735">
  <name>Public toilet</name>
  <desc>Access: unknown | Fee: unknown | Status: open | Source: OpenStreetMap</desc>
  <link href="https://www.openstreetmap.org/node/11126480683"><text>Details</text></link>
  <sym>Restroom</sym>
  <type>Toilet</type>
</wpt>
<wpt lat="43.6342175" lon="-79.4191384">
  <name>Public toilet</name>
  <desc>Access: unknown | Fee: unknown | Status: open | Source: OpenStreetMap</desc>
  <link href="https://www.openstreetmap.org/node/11128560737"><text>Details</text></link>
  <sym>Restroom</sym>
  <type>Toilet</type>
</wpt>
<wpt lat="43.6341484" lon="-79.4194499">
  <name>Public toilet</name>
  <desc>Access: unknown | Fee: unknown | Status: open | Source: OpenStreetMap</desc>
  <link href="https://www.openstreetmap.org/node/11128560738"><text>Details</text></link>
  <sym>Restroom</sym>
  <type>Toilet</type>
</wpt>
<wpt lat="43.6332921" lon="-79.4202103">
  <name>Public toilet</name>
  <desc>Access: unknown | Fee: unknown | Status: open | Source: OpenStreetMap</desc>
  <link href="https://www.openstreetmap.org/node/11128582768"><text>Details</text></link>
  <sym>Restroom</sym>
  <type>Toilet</type>
</wpt>
<wpt lat="43.6334288" lon="-79.4202742">
  <name>Public toilet</name>
  <desc>Access: unknown | Fee: unknown | Status: open | Source: OpenStreetMap</desc>
  <link href="https://www.openstreetmap.org/node/11128582769"><text>Details</text></link>
  <sym>Restroom</sym>
  <type>Toilet</type>
</wpt>
<wpt lat="43.8054104" lon="-79.3839979">
  <name>Public toilet</name>
  <desc>Access: unknown | Fee: unknown | Status: open | Source: OpenStreetMap</desc>
  <link href="https://www.openstreetmap.org/node/11298404175"><text>Details</text></link>
  <sym>Restroom</sym>
  <type>Toilet</type>
</wpt>
<wpt lat="43.8054174" lon="-79.3839452">
  <name>Public toilet</name>
  <desc>Access: unknown | Fee: unknown | Status: open | Source: OpenStreetMap</desc>
  <link href="https://www.openstreetmap.org/node/11298404176"><text>Details</text></link>
  <sym>Restroom</sym>
  <type>Toilet</type>
</wpt>
<wpt lat="43.7575338" lon="-79.1936735">
  <name>Public toilet (permissive access)</name>
  <desc>Address: 100 Galloway Road | Accessible: yes | Access: permissive | Fee: unknown | Status: open | Source: OpenStreetMap</desc>
  <link href="https://www.openstreetmap.org/node/11622259542"><text>Details</text></link>
  <sym>Restroom</sym>
  <type>Toilet</type>
</wpt>
<wpt lat="43.7551324" lon="-79.1985318">
  <name>Public toilet</name>
  <desc>Address: 16 Burnage Court | Accessible: yes | Access: yes | Fee: unknown | Status: open | Source: OpenStreetMap</desc>
  <link href="https://www.openstreetmap.org/node/11622259543"><text>Details</text></link>
  <sym>Restroom</sym>
  <type>Toilet</type>
</wpt>
<wpt lat="43.7550856" lon="-79.1986746">
  <name>Public toilet</name>
  <desc>Address: 16 Burnage Court | Accessible: yes | Access: yes | Fee: unknown | Status: open | Source: OpenStreetMap</desc>
  <link href="https://www.openstreetmap.org/node/11622259544"><text>Details</text></link>
  <sym>Restroom</sym>
  <type>Toilet</type>
</wpt>
<wpt lat="43.7811170" lon="-79.3699421">
  <name>Public toilet</name>
  <desc>Hours: summer | Access: unknown | Fee: no | Status: open | Source: OpenStreetMap</desc>
  <link href="https://www.openstreetmap.org/node/11987304152"><text>Details</text></link>
  <sym>Restroom</sym>
  <type>Portable toilet</type>
</wpt>
<wpt lat="43.6351860" lon="-79.5388638">
  <name>Public toilet</name>
  <desc>Access: unknown | Fee: unknown | Status: open | Source: OpenStreetMap</desc>
  <link href="https://www.openstreetmap.org/node/12035064623"><text>Details</text></link>
  <sym>Restroom</sym>
  <type>Toilet</type>
</wpt>
<wpt lat="43.7729416" lon="-79.3889776">
  <name>Public toilet</name>
  <desc>Access: unknown | Fee: unknown | Status: open | Source: OpenStreetMap</desc>
  <link href="https://www.openstreetmap.org/node/12077053158"><text>Details</text></link>
  <sym>Restroom</sym>
  <type>Portable toilet</type>
</wpt>
<wpt lat="43.6442534" lon="-79.3807343">
  <name>Public toilet</name>
  <desc>Access: unknown | Fee: unknown | Status: open | Source: OpenStreetMap</desc>
  <link href="https://www.openstreetmap.org/node/12159944152"><text>Details</text></link>
  <sym>Restroom</sym>
  <type>Toilet</type>
</wpt>
<wpt lat="43.6443875" lon="-79.3808306">
  <name>Public toilet</name>
  <desc>Accessible: yes | Access: unknown | Fee: unknown | Status: open | Source: OpenStreetMap</desc>
  <link href="https://www.openstreetmap.org/node/12159946308"><text>Details</text></link>
  <sym>Restroom</sym>
  <type>Toilet</type>
</wpt>
<wpt lat="43.6651416" lon="-79.4223698">
  <name>City of Toronto</name>
  <desc>Where: Located in the Sid Smith rink building located south of the ice rink | Access: yes | Fee: no | Status: open | Source: OpenStreetMap</desc>
  <link href="https://www.openstreetmap.org/node/12184553949"><text>Details</text></link>
  <sym>Restroom</sym>
  <type>Toilet</type>
</wpt>
<wpt lat="43.7477931" lon="-79.1929359">
  <name>Public toilet</name>
  <desc>Access: unknown | Fee: unknown | Status: open | Source: OpenStreetMap</desc>
  <link href="https://www.openstreetmap.org/node/12286272679"><text>Details</text></link>
  <sym>Restroom</sym>
  <type>Toilet</type>
</wpt>
<wpt lat="43.6370273" lon="-79.5361937">
  <name>Public toilet (customers only)</name>
  <desc>Access: customers | Fee: unknown | Status: open | Source: OpenStreetMap</desc>
  <link href="https://www.openstreetmap.org/node/12308517201"><text>Details</text></link>
  <sym>Restroom</sym>
  <type>Toilet</type>
</wpt>
<wpt lat="43.6955293" lon="-79.2613469">
  <name>City of Toronto</name>
  <desc>Accessible: no | Access: yes | Fee: unknown | Status: open | Source: OpenStreetMap</desc>
  <link href="https://www.openstreetmap.org/node/12456850905"><text>Details</text></link>
  <sym>Restroom</sym>
  <type>Toilet</type>
</wpt>
<wpt lat="43.6339671" lon="-79.4384079">
  <name>Public toilet</name>
  <desc>Access: unknown | Fee: unknown | Status: open | Source: OpenStreetMap</desc>
  <link href="https://www.openstreetmap.org/node/12749725603"><text>Details</text></link>
  <sym>Restroom</sym>
  <type>Portable toilet</type>
</wpt>
<wpt lat="43.6339650" lon="-79.4383831">
  <name>Public toilet</name>
  <desc>Access: unknown | Fee: unknown | Status: open | Source: OpenStreetMap</desc>
  <link href="https://www.openstreetmap.org/node/12749725607"><text>Details</text></link>
  <sym>Restroom</sym>
  <type>Portable toilet</type>
</wpt>
<wpt lat="43.8061530" lon="-79.2230302">
  <name>Public toilet</name>
  <desc>Accessible: yes | Access: unknown | Fee: no | Status: open | Source: OpenStreetMap</desc>
  <link href="https://www.openstreetmap.org/node/12790617382"><text>Details</text></link>
  <sym>Restroom</sym>
  <type>Toilet</type>
</wpt>
<wpt lat="43.6118955" lon="-79.5582294">
  <name>Public toilet</name>
  <desc>Access: unknown | Fee: unknown | Status: open | Source: OpenStreetMap</desc>
  <link href="https://www.openstreetmap.org/node/12791915199"><text>Details</text></link>
  <sym>Restroom</sym>
  <type>Toilet</type>
</wpt>
<wpt lat="43.5912840" lon="-79.5461963">
  <name>Public toilet</name>
  <desc>Accessible: yes | Access: unknown | Fee: unknown | Status: open | Source: OpenStreetMap</desc>
  <link href="https://www.openstreetmap.org/node/12792005059"><text>Details</text></link>
  <sym>Restroom</sym>
  <type>Toilet</type>
</wpt>
<wpt lat="43.6570647" lon="-79.4514394">
  <name>The Crossways</name>
  <desc>Hours: Mo-Fr 07:00-23:00; Sa-Su 07:00-20:00 | Where: Inside The Crossways mall | Access: unknown | Fee: unknown | Status: open | Source: OpenStreetMap</desc>
  <link href="https://www.openstreetmap.org/node/12794453667"><text>Details</text></link>
  <sym>Restroom</sym>
  <type>Toilet</type>
</wpt>
<wpt lat="43.6200646" lon="-79.5452838">
  <name>Public toilet</name>
  <desc>Access: unknown | Fee: unknown | Status: open | Source: OpenStreetMap</desc>
  <link href="https://www.openstreetmap.org/node/12826323476"><text>Details</text></link>
  <sym>Restroom</sym>
  <type>Toilet</type>
</wpt>
<wpt lat="43.6844601" lon="-79.3650370">
  <name>Public toilet</name>
  <desc>Access: yes | Fee: unknown | Status: open | Source: OpenStreetMap</desc>
  <link href="https://www.openstreetmap.org/node/12827218146"><text>Details</text></link>
  <sym>Restroom</sym>
  <type>Toilet</type>
</wpt>
<wpt lat="43.7820436" lon="-79.4157610">
  <name>Public toilet</name>
  <desc>Accessible: yes | Access: unknown | Fee: unknown | Status: open | Source: OpenStreetMap</desc>
  <link href="https://www.openstreetmap.org/node/12882622513"><text>Details</text></link>
  <sym>Restroom</sym>
  <type>Toilet</type>
</wpt>
<wpt lat="43.7481499" lon="-79.4699129">
  <name>Public toilet (customers only)</name>
  <desc>Access: customers | Fee: unknown | Status: open | Source: OpenStreetMap</desc>
  <link href="https://www.openstreetmap.org/node/12994586683"><text>Details</text></link>
  <sym>Restroom</sym>
  <type>Toilet</type>
</wpt>
<wpt lat="43.7465538" lon="-79.4717027">
  <name>Public toilet (customers only)</name>
  <desc>Access: customers | Fee: unknown | Status: open | Source: OpenStreetMap</desc>
  <link href="https://www.openstreetmap.org/node/12994586684"><text>Details</text></link>
  <sym>Restroom</sym>
  <type>Toilet</type>
</wpt>
<wpt lat="43.7470594" lon="-79.4679801">
  <name>Public toilet (customers only)</name>
  <desc>Access: customers | Fee: unknown | Status: open | Source: OpenStreetMap</desc>
  <link href="https://www.openstreetmap.org/node/12994586685"><text>Details</text></link>
  <sym>Restroom</sym>
  <type>Toilet</type>
</wpt>
<wpt lat="43.7457263" lon="-79.4708272">
  <name>Public toilet (customers only)</name>
  <desc>Access: customers | Fee: unknown | Status: open | Source: OpenStreetMap</desc>
  <link href="https://www.openstreetmap.org/node/12994586686"><text>Details</text></link>
  <sym>Restroom</sym>
  <type>Toilet</type>
</wpt>
<wpt lat="43.7446186" lon="-79.4654186">
  <name>Public toilet (customers only)</name>
  <desc>Access: customers | Fee: unknown | Status: open | Source: OpenStreetMap</desc>
  <link href="https://www.openstreetmap.org/node/12994586687"><text>Details</text></link>
  <sym>Restroom</sym>
  <type>Toilet</type>
</wpt>
<wpt lat="43.7438092" lon="-79.4687182">
  <name>Public toilet (customers only)</name>
  <desc>Access: customers | Fee: unknown | Status: open | Source: OpenStreetMap</desc>
  <link href="https://www.openstreetmap.org/node/12994586688"><text>Details</text></link>
  <sym>Restroom</sym>
  <type>Toilet</type>
</wpt>
<wpt lat="43.6408284" lon="-79.4024391">
  <name>Public toilet</name>
  <desc>Access: unknown | Fee: unknown | Status: open | Source: OpenStreetMap</desc>
  <link href="https://www.openstreetmap.org/node/12996556399"><text>Details</text></link>
  <sym>Restroom</sym>
  <type>Toilet</type>
</wpt>
<wpt lat="43.6406197" lon="-79.4020175">
  <name>Public toilet</name>
  <desc>Access: unknown | Fee: unknown | Status: open | Source: OpenStreetMap</desc>
  <link href="https://www.openstreetmap.org/node/12996567798"><text>Details</text></link>
  <sym>Restroom</sym>
  <type>Toilet</type>
</wpt>
<wpt lat="43.6406651" lon="-79.4020294">
  <name>Public toilet</name>
  <desc>Access: unknown | Fee: unknown | Status: open | Source: OpenStreetMap</desc>
  <link href="https://www.openstreetmap.org/node/12996567799"><text>Details</text></link>
  <sym>Restroom</sym>
  <type>Toilet</type>
</wpt>
<wpt lat="43.6513757" lon="-79.3982104">
  <name>Public toilet</name>
  <desc>Address: 222 Spadina Avenue | Access: unknown | Fee: unknown | Status: open | Source: OpenStreetMap</desc>
  <link href="https://www.openstreetmap.org/node/13035211501"><text>Details</text></link>
  <sym>Restroom</sym>
  <type>Toilet</type>
</wpt>
<wpt lat="43.6472268" lon="-79.3475678">
  <name>Public toilet</name>
  <desc>Accessible: no | Access: unknown | Fee: unknown | Status: open | Source: OpenStreetMap</desc>
  <link href="https://www.openstreetmap.org/node/13048845874"><text>Details</text></link>
  <sym>Restroom</sym>
  <type>Portable toilet</type>
</wpt>
<wpt lat="43.6129651" lon="-79.5590598">
  <name>Public toilet</name>
  <desc>Address: 25 The West Mall | Access: unknown | Fee: unknown | Status: open | Source: OpenStreetMap</desc>
  <link href="https://www.openstreetmap.org/node/13072853501"><text>Details</text></link>
  <sym>Restroom</sym>
  <type>Toilet</type>
</wpt>
<wpt lat="43.6483696" lon="-79.3451485">
  <name>Public toilet</name>
  <desc>Access: unknown | Fee: unknown | Status: open | Source: OpenStreetMap</desc>
  <link href="https://www.openstreetmap.org/node/13109398479"><text>Details</text></link>
  <sym>Restroom</sym>
  <type>Portable toilet</type>
</wpt>
<wpt lat="43.7652002" lon="-79.4976579">
  <name>Public toilet</name>
  <desc>Access: unknown | Fee: unknown | Status: open | Source: OpenStreetMap</desc>
  <link href="https://www.openstreetmap.org/node/13163568228"><text>Details</text></link>
  <sym>Restroom</sym>
  <type>Portable toilet</type>
</wpt>
<wpt lat="43.7651824" lon="-79.4976515">
  <name>Public toilet</name>
  <desc>Access: unknown | Fee: unknown | Status: open | Source: OpenStreetMap</desc>
  <link href="https://www.openstreetmap.org/node/13163568229"><text>Details</text></link>
  <sym>Restroom</sym>
  <type>Portable toilet</type>
</wpt>
<wpt lat="43.6496495" lon="-79.4156729">
  <name>Public toilet</name>
  <desc>Accessible: no | Access: unknown | Fee: unknown | Status: open | Source: OpenStreetMap</desc>
  <link href="https://www.openstreetmap.org/node/13193369344"><text>Details</text></link>
  <sym>Restroom</sym>
  <type>Toilet</type>
</wpt>
<wpt lat="43.7736059" lon="-79.5060637">
  <name>Public toilet</name>
  <desc>Access: unknown | Fee: unknown | Status: open | Source: OpenStreetMap</desc>
  <link href="https://www.openstreetmap.org/node/13300320748"><text>Details</text></link>
  <sym>Restroom</sym>
  <type>Toilet</type>
</wpt>
<wpt lat="43.7741621" lon="-79.5074751">
  <name>Public toilet</name>
  <desc>Access: unknown | Fee: unknown | Status: open | Source: OpenStreetMap</desc>
  <link href="https://www.openstreetmap.org/node/13300354301"><text>Details</text></link>
  <sym>Restroom</sym>
  <type>Toilet</type>
</wpt>
<wpt lat="43.6880804" lon="-79.4868883">
  <name>Public toilet</name>
  <desc>Access: unknown | Fee: unknown | Status: open | Source: OpenStreetMap</desc>
  <link href="https://www.openstreetmap.org/node/13308821765"><text>Details</text></link>
  <sym>Restroom</sym>
  <type>Toilet</type>
</wpt>
<wpt lat="43.6880646" lon="-79.4869809">
  <name>Public toilet</name>
  <desc>Access: unknown | Fee: unknown | Status: open | Source: OpenStreetMap</desc>
  <link href="https://www.openstreetmap.org/node/13308821767"><text>Details</text></link>
  <sym>Restroom</sym>
  <type>Toilet</type>
</wpt>
<wpt lat="43.7395769" lon="-79.2324137">
  <name>Public toilet</name>
  <desc>Accessible: limited | Access: yes | Fee: no | Status: open | Source: OpenStreetMap</desc>
  <link href="https://www.openstreetmap.org/node/13347249033"><text>Details</text></link>
  <sym>Restroom</sym>
  <type>Toilet</type>
</wpt>
<wpt lat="43.7571950" lon="-79.3111578">
  <name>Public toilet (customers only)</name>
  <desc>Access: customers | Fee: unknown | Status: open | Source: OpenStreetMap</desc>
  <link href="https://www.openstreetmap.org/node/13478624666"><text>Details</text></link>
  <sym>Restroom</sym>
  <type>Toilet</type>
</wpt>
<wpt lat="43.7568846" lon="-79.3125837">
  <name>Public toilet</name>
  <desc>Access: unknown | Fee: unknown | Status: open | Source: OpenStreetMap</desc>
  <link href="https://www.openstreetmap.org/node/13478624667"><text>Details</text></link>
  <sym>Restroom</sym>
  <type>Toilet</type>
</wpt>
<wpt lat="43.7566047" lon="-79.3138103">
  <name>Public toilet</name>
  <desc>Access: unknown | Fee: unknown | Status: open | Source: OpenStreetMap</desc>
  <link href="https://www.openstreetmap.org/node/13478624668"><text>Details</text></link>
  <sym>Restroom</sym>
  <type>Toilet</type>
</wpt>
<wpt lat="43.5912979" lon="-79.5462130">
  <name>Public toilet</name>
  <desc>Accessible: yes | Access: unknown | Fee: unknown | Status: open | Source: OpenStreetMap</desc>
  <link href="https://www.openstreetmap.org/node/13517877471"><text>Details</text></link>
  <sym>Restroom</sym>
  <type>Toilet</type>
</wpt>
<wpt lat="43.6467916" lon="-79.3993041">
  <name>Public toilet (permissive access)</name>
  <desc>Access: permissive | Fee: unknown | Status: open | Source: OpenStreetMap</desc>
  <link href="https://www.openstreetmap.org/node/13728583568"><text>Details</text></link>
  <sym>Restroom</sym>
  <type>Toilet</type>
</wpt>
<wpt lat="43.6468670" lon="-79.3875748">
  <name>Public toilet</name>
  <desc>Access: unknown | Fee: unknown | Status: open | Source: OpenStreetMap</desc>
  <link href="https://www.openstreetmap.org/way/61429982"><text>Details</text></link>
  <sym>Restroom</sym>
  <type>Toilet</type>
</wpt>
<wpt lat="43.7812692" lon="-79.4213249">
  <name>City of Toronto</name>
  <desc>Hours: May-Oct 09:00-22:00; Nov-Apr off | Where: Located on the pathway between the tennis courts, baseball diamond and playground. | Access: yes | Fee: no | Status: open | Source: OpenStreetMap</desc>
  <link href="https://www.openstreetmap.org/way/132057261"><text>Details</text></link>
  <sym>Restroom</sym>
  <type>Toilet</type>
</wpt>
<wpt lat="43.6203826" lon="-79.3730931">
  <name>Public toilet</name>
  <desc>Where: Primarily washrooms; also changing rooms for the splash pad | Accessible: yes | Access: unknown | Fee: unknown | Status: open | Source: OpenStreetMap</desc>
  <link href="https://www.openstreetmap.org/way/192579351"><text>Details</text></link>
  <sym>Restroom</sym>
  <type>Toilet</type>
</wpt>
<wpt lat="43.6490578" lon="-79.4150877">
  <name>Public toilet</name>
  <desc>Accessible: limited | Access: yes | Fee: unknown | Status: open | Source: OpenStreetMap</desc>
  <link href="https://www.openstreetmap.org/way/210084883"><text>Details</text></link>
  <sym>Restroom</sym>
  <type>Toilet</type>
</wpt>
<wpt lat="43.6175273" lon="-79.3757174">
  <name>City of Toronto</name>
  <desc>Hours: May-Oct 09:00-22:00; Nov-Apr off | Where: Family (unisex) washroom out of order as of 2025-07-19 | Accessible: yes | Access: yes | Fee: unknown | Status: open | Source: OpenStreetMap</desc>
  <link href="https://www.openstreetmap.org/way/334837421"><text>Details</text></link>
  <sym>Restroom</sym>
  <type>Toilet</type>
</wpt>
<wpt lat="43.8056885" lon="-79.1397135">
  <name>Public toilet</name>
  <desc>Access: unknown | Fee: unknown | Status: open | Source: OpenStreetMap</desc>
  <link href="https://www.openstreetmap.org/way/511568924"><text>Details</text></link>
  <sym>Restroom</sym>
  <type>Toilet</type>
</wpt>
<wpt lat="43.7771503" lon="-79.2015964">
  <name>Public toilet</name>
  <desc>Access: unknown | Fee: unknown | Status: open | Source: OpenStreetMap</desc>
  <link href="https://www.openstreetmap.org/way/638090174"><text>Details</text></link>
  <sym>Restroom</sym>
  <type>Toilet</type>
</wpt>
<wpt lat="43.7256883" lon="-79.6096739">
  <name>Centre for Urban Ecology</name>
  <desc>Access: yes | Fee: unknown | Status: open | Source: OpenStreetMap</desc>
  <link href="https://www.openstreetmap.org/way/659117209"><text>Details</text></link>
  <sym>Restroom</sym>
  <type>Toilet</type>
</wpt>
<wpt lat="43.6309413" lon="-79.5548022">
  <name>Public toilet</name>
  <desc>Access: unknown | Fee: unknown | Status: open | Source: OpenStreetMap</desc>
  <link href="https://www.openstreetmap.org/way/673997223"><text>Details</text></link>
  <sym>Restroom</sym>
  <type>Toilet</type>
</wpt>
<wpt lat="43.6334096" lon="-79.4375257">
  <name>Public toilet</name>
  <desc>Address: 1275 Lake Shore Blvd W | Accessible: yes | Access: yes | Fee: yes | Status: open | Source: OpenStreetMap</desc>
  <link href="https://www.openstreetmap.org/way/703258474"><text>Details</text></link>
  <sym>Restroom</sym>
  <type>Toilet</type>
</wpt>
<wpt lat="43.7324764" lon="-79.3586461">
  <name>Public toilet</name>
  <desc>Hours: 08:00-dusk | Access: unknown | Fee: unknown | Status: open | Source: OpenStreetMap</desc>
  <link href="https://www.openstreetmap.org/way/804477072"><text>Details</text></link>
  <sym>Restroom</sym>
  <type>Toilet</type>
</wpt>
<wpt lat="43.6309124" lon="-79.4098703">
  <name>Public toilet</name>
  <desc>Accessible: yes | Access: unknown | Fee: unknown | Status: open | Source: OpenStreetMap</desc>
  <link href="https://www.openstreetmap.org/way/813647125"><text>Details</text></link>
  <sym>Restroom</sym>
  <type>Toilet</type>
</wpt>
<wpt lat="43.6603485" lon="-79.3930846">
  <name>Public toilet</name>
  <desc>Access: unknown | Fee: unknown | Status: open | Source: OpenStreetMap</desc>
  <link href="https://www.openstreetmap.org/way/988591171"><text>Details</text></link>
  <sym>Restroom</sym>
  <type>Toilet</type>
</wpt>
<wpt lat="43.6603433" lon="-79.3931620">
  <name>Public toilet</name>
  <desc>Access: unknown | Fee: unknown | Status: open | Source: OpenStreetMap</desc>
  <link href="https://www.openstreetmap.org/way/988591172"><text>Details</text></link>
  <sym>Restroom</sym>
  <type>Toilet</type>
</wpt>
<wpt lat="43.6633024" lon="-79.3094575">
  <name>Public toilet</name>
  <desc>Address: 1681 Lake Shore Blvd E | Accessible: yes | Access: yes | Fee: yes | Status: open | Source: OpenStreetMap</desc>
  <link href="https://www.openstreetmap.org/way/1017243072"><text>Details</text></link>
  <sym>Restroom</sym>
  <type>Toilet</type>
</wpt>
<wpt lat="43.7774910" lon="-79.3445028">
  <name>Public toilet</name>
  <desc>Access: unknown | Fee: unknown | Status: open | Source: OpenStreetMap</desc>
  <link href="https://www.openstreetmap.org/way/1230115411"><text>Details</text></link>
  <sym>Restroom</sym>
  <type>Toilet</type>
</wpt>
<wpt lat="43.7775142" lon="-79.3444404">
  <name>Public toilet</name>
  <desc>Access: unknown | Fee: unknown | Status: open | Source: OpenStreetMap</desc>
  <link href="https://www.openstreetmap.org/way/1230115412"><text>Details</text></link>
  <sym>Restroom</sym>
  <type>Toilet</type>
</wpt>
<wpt lat="43.6962709" lon="-79.3837373">
  <name>Public toilet</name>
  <desc>Access: unknown | Fee: unknown | Status: open | Source: OpenStreetMap</desc>
  <link href="https://www.openstreetmap.org/way/1272408649"><text>Details</text></link>
  <sym>Restroom</sym>
  <type>Toilet</type>
</wpt>
</gpx>